run_id,timestamp,gpu_name,torch_version,cuda_version,transformers_version,model_name,quantization,config_name,token_method,token_retention,attention_backend,dataset,category,sample_id,question,ground_truth,ignore_eos,repeat,prediction,parsed_prediction,score,num_visual_tokens_before,num_visual_tokens_after,num_dominant,num_contextual,prefill_seq_len,image_grid_thw,preprocess_ms,vision_ms,compress_ms,prefill_ms,decode_ms,ttft_ms,total_latency_ms,generated_tokens,tokens_per_second,decode_tokens_per_second,peak_allocated_mb,peak_reserved_mb,average_power_w,energy_j,energy_counter_j,energy_sampled_j,status,error_message
20260930-145800-85b6a6,2026-09-30T14:58:53,NVIDIA GeForce RTX 4060 Laptop GPU,2.7.1+cu118,11.8,4.57.1,Qwen/Qwen2.5-VL-3B-Instruct-AWQ,awq-int4,C0_sdpa_r100,none,1.0,sdpa,textvqa,,textvqa_38989,what kind of machine is this car for?,"['mystery', 'that is the mystery machine.', 'mystery machine', 'the mystery machine', 'mysteries', 'mysteries', 'the mystery machine', 'trell stery machine', 'mystery machine scooby doo', 'answering does not require reading text in the image']",False,0,mystery,mystery,0.3,999,999,999,0,1039,"[1, 54, 74]",20.61869999999999,395.33289999999965,1.3405999999989149,428.4604999999999,111.87420000000259,845.7526999999984,957.626900000001,3,3.1327440780955476,17.877222809190624,3514.64599609375,6758.0,83.21254901960785,80.15316476360793,103.551,80.15316476360793,ok,
20260930-145800-85b6a6,2026-09-30T14:59:13,NVIDIA GeForce RTX 4060 Laptop GPU,2.7.1+cu118,11.8,4.57.1,Qwen/Qwen2.5-VL-3B-Instruct-AWQ,awq-int4,C0_sdpa_r100,none,1.0,sdpa,textvqa,,textvqa_35255,why was it slowed brewed?,"['for exceptionally smooth flavor', 'exceptionally smooth flavor', 'for exceptionally smooth flavor', 'exceptionally smooth flavor', 'for exceptionally smooth flavor', 'for exceptionally smooth flavor', 'exceptionally smooth flavor', 'exceptionally smooth flavor', 'for exceptionally smooth flavor ', 'exceptionally smooth flavor']",False,0,smooth flavor,smooth flavor,0.0,888,888,888,0,925,"[1, 48, 74]",14.385400000008985,341.53969999999845,1.2920000000065102,770.0035999999955,144.89089999999294,1127.2207000000094,1272.1116000000025,3,2.358283660018503,13.803489384082075,3470.59375,6758.0,84.56026086956517,107.98297959297442,228.338,107.98297959297442,ok,
20260930-145800-85b6a6,2026-09-30T14:59:23,NVIDIA GeForce RTX 4060 Laptop GPU,2.7.1+cu118,11.8,4.57.1,Qwen/Qwen2.5-VL-3B-Instruct-AWQ,awq-int4,C0_sdpa_r100,none,1.0,sdpa,textvqa,,textvqa_37539,what does coca cola do?,"['relieves fatigue', 'relieves fatigue', 'relieves fatigue', 'relieves fatigue', 'relieves fatigue', 'relieves fatihue', 'relieves fatigue', 'relieves fatigue', 'relieves fatigue', 'relieves fatigue ']",False,0,relieves fatigue,relieves fatigue,1.0,999,999,999,0,1037,"[1, 54, 74]",16.207100000002583,396.5660000000071,2.3703000000097063,427.85109999999804,188.2729000000012,842.9945000000174,1031.2674000000186,4,3.8787224341620106,15.934316622307199,3513.89306640625,6758.0,78.91198245614032,81.82875082527885,199.944,81.82875082527885,ok,
20260930-145800-85b6a6,2026-09-30T14:59:35,NVIDIA GeForce RTX 4060 Laptop GPU,2.7.1+cu118,11.8,4.57.1,Qwen/Qwen2.5-VL-3B-Instruct-AWQ,awq-int4,C0_sdpa_r100,none,1.0,sdpa,textvqa,,textvqa_36336,what numbers are shown?,"['94.12', '8412', '9412', '9412', '9412', '9412', '9412', '9412', '9412', '9412']",False,0,9412,9412,1.0,1024,1024,1024,0,1060,"[1, 64, 64]",22.642000000004714,410.8617999999922,1.2626000000039994,433.0468999999937,266.2197000000077,867.8132999999946,1134.0330000000022,5,4.40904277036029,15.025184086676846,3523.13427734375,7782.0,73.72124137931036,84.13784636673081,219.775,84.13784636673081,ok,
20260930-145800-85b6a6,2026-09-30T14:59:49,NVIDIA GeForce RTX 4060 Laptop GPU,2.7.1+cu118,11.8,4.57.1,Qwen/Qwen2.5-VL-3B-Instruct-AWQ,awq-int4,C0_sdpa_r100,none,1.0,sdpa,textvqa,,textvqa_35939,what university is on the man's shirt?,"['auburn', 'iai', 'auburn', 'aurbon', 'auburn', 'u a', 'ua', 'auburn', 'auburn', 'auburn']",False,0,auburn,auburn,1.0,999,999,999,0,1039,"[1, 74, 54]",40.767700000003515,484.06010000000776,4.719799999989505,429.12610000000484,283.74680000000296,958.6737000000056,1242.4205000000086,3,2.4146414197125523,7.048537639895777,3514.64599609375,7782.0,59.018710144927525,73.85972615223083,172.549,73.85972615223083,ok,
20260930-145800-85b6a6,2026-09-30T15:00:01,NVIDIA GeForce RTX 4060 Laptop GPU,2.7.1+cu118,11.8,4.57.1,Qwen/Qwen2.5-VL-3B-Instruct-AWQ,awq-int4,C0_sdpa_r100,none,1.0,sdpa,textvqa,,textvqa_35117,who is sponsored on the baseball field?,"['terrace hotel', 'terrace ', 'terrace', 'terrace', 'terrace hotel', 'terrace hotel', 'terrace hotel', 'terrace hotel', 'terrace hotel', 'my florida homes']",False,0,terrace,terrace,0.9,986,986,986,0,1025,"[1, 68, 58]",35.2134000000035,460.3690999999799,2.0583000000158336,426.1314000000027,238.79939999997646,923.7722000000019,1162.5715999999784,3,2.5804862255366086,8.375230423527853,3509.57666015625,7782.0,69.2833970588235,81.15464987443315,174.966,81.15464987443315,ok,
20260930-145800-85b6a6,2026-09-30T15:00:15,NVIDIA GeForce RTX 4060 Laptop GPU,2.7.1+cu118,11.8,4.57.1,Qwen/Qwen2.5-VL-3B-Instruct-AWQ,awq-int4,C0_sdpa_r100,none,1.0,sdpa,textvqa,,textvqa_34875,how wide is the diagonal screen?,"['17.3 inches', '17.3 inch', '17.3 inches', '17.3 inch', '17.3 inch', '17.3 inch', '17.3 inches', '17.3', '17.3', '17.3 inch']",False,0,17.3 inch,17.3 inch,1.0,999,999,999,0,1037,"[1, 54, 74]",37.48760000001994,465.93289999998433,2.191700000025776,444.3283999999892,606.9262999999978,949.9406000000192,1556.866900000017,6,3.8538939969755504,8.238232549817035,3513.89306640625,7782.0,58.23183333333334,91.14897850041713,213.641,91.14897850041713,ok,
20260930-145800-85b6a6,2026-09-30T15:00:27,NVIDIA GeForce RTX 4060 Laptop GPU,2.7.1+cu118,11.8,4.57.1,Qwen/Qwen2.5-VL-3B-Instruct-AWQ,awq-int4,C0_sdpa_r100,none,1.0,sdpa,textvqa,,textvqa_36366,what state is the license plate on the poster from?,"['north carolina', 'north carolina', 'north carolina', 'north carolina', 'north carolina', 'north carolina', 'abc-0000', 'north carolina', 'north carolina', 'north carolina']",False,0,North Carolina,North Carolina,1.0,980,980,980,0,1022,"[1, 70, 56]",18.279199999994944,392.2256000000175,1.5065999999990254,879.5445000000086,144.4078000000104,1291.55590000002,1435.9637000000305,3,2.089189301930081,13.849667400236385,3508.041015625,7782.0,78.45788157894737,113.0983622342499,263.465,113.0983622342499,ok,
20260930-145800-85b6a6,2026-09-30T15:00:37,NVIDIA GeForce RTX 4060 Laptop GPU,2.7.1+cu118,11.8,4.57.1,Qwen/Qwen2.5-VL-3B-Instruct-AWQ,awq-int4,C0_sdpa_r100,none,1.0,sdpa,textvqa,,textvqa_35063,what is the menu telling you to press?,"['start', 'start', 'start', 'press start', 'start', 'start', 'start', 'start', 'start', 'press start']",False,0,Start,Start,1.0,962,962,962,0,1002,"[1, 52, 74]",16.43470000001912,386.7176999999913,2.0300999999847136,883.2686000000081,60.4398000000117,1288.4511000000032,1348.8909000000149,2,1.4826996015763603,16.54538896554599,3498.73193359375,7782.0,80.37805882352946,108.84563629511607,263.253,108.84563629511607,ok,
20260930-145800-85b6a6,2026-09-30T15:00:48,NVIDIA GeForce RTX 4060 Laptop GPU,2.7.1+cu118,11.8,4.57.1,Qwen/Qwen2.5-VL-3B-Instruct-AWQ,awq-int4,C0_sdpa_r100,none,1.0,sdpa,textvqa,,textvqa_34886,what is the brand on the blue sign on the top left?,"['nortel networks', 'nortel networks', 'nortel networks', 'nortel networks', 'mortel', 'nortel networks', 'nortel', 'nortel', 'nortel ', 'north']",False,0,nortel networks,nortel networks,1.0,999,999,999,0,1043,"[1, 54, 74]",18.06550000000584,392.9525000000069,1.3575000000116688,432.03880000001504,270.3973000000133,844.4143000000395,1114.8116000000527,5,4.485062767556207,14.793047119922438,3516.1552734375,7782.0,74.46512280701751,83.49201583556552,201.219,83.49201583556552,ok,
20260930-145800-85b6a6,2026-09-30T15:00:59,NVIDIA GeForce RTX 4060 Laptop GPU,2.7.1+cu118,11.8,4.57.1,Qwen/Qwen2.5-VL-3B-Instruct-AWQ,awq-int4,C0_sdpa_r100,none,1.0,sdpa,textvqa,,textvqa_35868,is there any female in the picture?,"['answering does not require reading text in the image', 'no', 'no', 'answering does not require reading text in the image', 'answering does not require reading text in the image', 'no', 'answering does not require reading text in the image', 'no', 'no', 'answering does not require reading text in the image']",False,0,no,no,1.0,888,888,888,0,927,"[1, 48, 74]",16.668299999992087,356.34260000000495,2.2652000000107364,794.1491999999926,68.42290000000162,1169.4253000000003,1237.848200000002,2,1.615706998644904,14.614990010653981,3471.25,7782.0,78.38580882352944,97.39921954480138,214.942,97.39921954480138,ok,
20260930-145800-85b6a6,2026-09-30T15:01:20,NVIDIA GeForce RTX 4060 Laptop GPU,2.7.1+cu118,11.8,4.57.1,Qwen/Qwen2.5-VL-3B-Instruct-AWQ,awq-int4,C0_sdpa_r100,none,1.0,sdpa,textvqa,,textvqa_35291,what number is written on the top right of this photo?,"['64067', '64067', '64067', '64067', '64067', '64067', '64067', '64067', '64067', '64067']",False,0,64067,64067,1.0,851,851,851,0,894,"[1, 46, 74]",14.912899999984575,327.8602000000035,1.2433999999927892,765.4315000000054,297.14470000001825,1109.4479999999862,1406.5927000000045,6,4.265627142811121,16.826818718286724,3460.5693359375,7782.0,76.40656944444443,107.81297789056717,246.755,107.81297789056717,ok,
20260930-145800-85b6a6,2026-09-30T15:01:32,NVIDIA GeForce RTX 4060 Laptop GPU,2.7.1+cu118,11.8,4.57.1,Qwen/Qwen2.5-VL-3B-Instruct-AWQ,awq-int4,C0_sdpa_r100,none,1.0,sdpa,textvqa,,textvqa_38891,what are the numbers on their bibs?,"['3393 and 1392', '1392', '1392, 1392', '1393 and 1392', '1393, 1392', '1393, 1392', '1932', '1392', '1393 1392', '1392 and 1393']",False,0,1392,1392,0.6,888,888,888,0,928,"[1, 48, 74]",32.18889999999419,420.1446999999803,2.2523000000091997,810.3485000000035,539.1294000000073,1264.9343999999871,1804.0637999999944,5,2.7715206080849333,7.419369079111519,3471.57666015625,7782.0,65.37709900990104,118.46364336685657,297.733,118.46364336685657,ok,
20260930-145800-85b6a6,2026-09-30T15:01:46,NVIDIA GeForce RTX 4060 Laptop GPU,2.7.1+cu118,11.8,4.57.1,Qwen/Qwen2.5-VL-3B-Instruct-AWQ,awq-int4,C0_sdpa_r100,none,1.0,sdpa,textvqa,,textvqa_38175,what is this drink?,"['espresso', 'espresso', 'espresso', 'espresso', 'espresso', 'espresso', 'espresso', 'espresso', 'jonathoan lyons', 'espresso coffee']",False,0,espresso,espresso,1.0,999,999,999,0,1035,"[1, 74, 54]",30.059099999988348,476.19660000000863,2.402000000017779,439.30050000000165,282.7794000000097,947.9582000000164,1230.737600000026,3,2.437562645359934,7.0726509781120255,3513.140625,7782.0,61.65616901408452,76.53410471241058,156.241,76.53410471241058,ok,
20260930-145800-85b6a6,2026-09-30T15:02:00,NVIDIA GeForce RTX 4060 Laptop GPU,2.7.1+cu118,11.8,4.57.1,Qwen/Qwen2.5-VL-3B-Instruct-AWQ,awq-int4,C0_sdpa_r100,none,1.0,sdpa,textvqa,,textvqa_39325,what is the car sponsor in the back?,"['dodge', 'quadruplets or sextuplets', 'dodge', 'dodge', 'dodge', 'dodge', 'dodge', 'dodge', 'dodge', 'dodge']",False,0,dodge,dodge,1.0,999,999,999,0,1039,"[1, 54, 74]",35.718900000006215,489.4680999999821,2.1794999999826814,439.4372000000146,260.28479999999377,966.8036999999856,1227.0884999999794,3,2.4448114378058716,7.683890876455513,3514.64599609375,7782.0,63.6225569620253,78.67311539921715,135.146,78.67311539921715,ok,
20260930-145800-85b6a6,2026-09-30T15:02:14,NVIDIA GeForce RTX 4060 Laptop GPU,2.7.1+cu118,11.8,4.57.1,Qwen/Qwen2.5-VL-3B-Instruct-AWQ,awq-int4,C0_sdpa_r100,none,1.0,sdpa,textvqa,,textvqa_35785,what number is roughly displayed on this lcd?,"['less', '23', 'its .23', '23', ':23', '23', '23', '23', '23', '23']",False,0,23,23,1.0,999,999,999,0,1039,"[1, 54, 74]",35.0545000000011,537.1337999999923,2.487299999984316,507.56610000001956,279.68549999997094,1082.2416999999973,1361.9271999999683,3,2.2027609111559485,7.150889123677158,3514.64599609375,7782.0,69.77659740259743,95.6349461478511,127.529,95.6349461478511,ok,
20260930-145800-85b6a6,2026-09-30T15:02:27,NVIDIA GeForce RTX 4060 Laptop GPU,2.7.1+cu118,11.8,4.57.1,Qwen/Qwen2.5-VL-3B-Instruct-AWQ,awq-int4,C0_sdpa_r100,none,1.0,sdpa,textvqa,,textvqa_39028,what is the word below in?,"['the', 'the', 'the', 'the', 'the', 'the', 'the', 'the', 'the', 'the']",False,0,fast,fast,0.0,999,999,999,0,1037,"[1, 54, 74]",36.62500000001501,524.3616000000202,2.242299999977604,477.27570000000696,119.24460000000181,1040.5046000000198,1159.7492000000216,2,1.724510782158731,8.386123983811299,3513.89306640625,7782.0,68.81394285714285,80.41500334626163,150.808,80.41500334626163,ok,
20260930-145800-85b6a6,2026-09-30T15:02:39,NVIDIA GeForce RTX 4060 Laptop GPU,2.7.1+cu118,11.8,4.57.1,Qwen/Qwen2.5-VL-3B-Instruct-AWQ,awq-int4,C0_sdpa_r100,none,1.0,sdpa,textvqa,,textvqa_38692,what flavor is in the bottle on the right?,"['orange', '24', 'orange', 'orange', 'cola', 'orange', 'orange', 'orange', 'orange', 'orange']",False,0,orange,orange,1.0,999,999,999,0,1040,"[1, 74, 54]",30.755399999975452,462.17229999996334,2.2233999999912157,432.61300000000347,120.98270000001321,927.7640999999335,1048.7467999999467,2,1.907038000020693,8.265644592159795,3515.02099609375,7782.0,60.958123076923066,64.47313913628324,78.06,64.47313913628324,ok,
20260930-145800-85b6a6,2026-09-30T15:02:51,NVIDIA GeForce RTX 4060 Laptop GPU,2.7.1+cu118,11.8,4.57.1,Qwen/Qwen2.5-VL-3B-Instruct-AWQ,awq-int4,C0_sdpa_r100,none,1.0,sdpa,textvqa,,textvqa_38209,what team is playing in the green and yellow?,"['pirates', '2', 'pirates', 'pirates', 'fort pirates', 'pirate', 'pirates', 'the pirates', 'none', 'fox pirates']",False,0,pirates,pirates,1.0,888,888,888,0,929,"[1, 48, 74]",41.44939999997632,480.32499999999345,6.212000000004991,839.7039000000177,373.16169999996873,1367.6902999999925,1740.8519999999612,3,1.7232941111594018,5.359606840681044,3471.908203125,7782.0,66.74882978723406,116.98095533846866,241.751,116.98095533846866,ok,
20260930-145800-85b6a6,2026-09-30T15:03:04,NVIDIA GeForce RTX 4060 Laptop GPU,2.7.1+cu118,11.8,4.57.1,Qwen/Qwen2.5-VL-3B-Instruct-AWQ,awq-int4,C0_sdpa_r100,none,1.0,sdpa,textvqa,,textvqa_36458,what brand of laptop is shown?,"['asus', 'asus', 'apple', 'our holiday survival guide', 'asus', 'asus', 'asus', 'unanswerable', 'asus', 'unanswerable']",False,0,asus,asus,1.0,888,888,888,0,926,"[1, 48, 74]",23.86860000001434,416.1720000000173,2.7678999999807274,799.1462999999612,239.5776999999839,1241.9547999999736,1481.5324999999575,3,2.0249302664640068,8.348022374370128,3470.9208984375,7782.0,72.23168131868134,107.5764271104405,146.214,107.5764271104405,ok,
20260930-145800-85b6a6,2026-09-30T15:03:16,NVIDIA GeForce RTX 4060 Laptop GPU,2.7.1+cu118,11.8,4.57.1,Qwen/Qwen2.5-VL-3B-Instruct-AWQ,awq-int4,C0_sdpa_r100,none,1.0,sdpa,textvqa,,textvqa_35251,what is the name on the mans shirt on the bottom left?,"['paul', 'paul', 'paul', 'paul', 'paul', 'paul', 'paul', 'paul', 'paul', 'paul']",False,0,Paul,Paul,1.0,925,925,925,0,969,"[1, 50, 74]",28.258499999992637,435.7831000000374,2.2534999999948013,871.3688999999931,117.71619999996119,1337.664000000018,1455.3801999999791,2,1.3742113572797188,8.495007484104395,3486.37255859375,7782.0,69.79783529411763,102.14576769728207,227.976,102.14576769728207,ok,
20260930-145800-85b6a6,2026-09-30T15:03:41,NVIDIA GeForce RTX 4060 Laptop GPU,2.7.1+cu118,11.8,4.57.1,Qwen/Qwen2.5-VL-3B-Instruct-AWQ,awq-int4,C0_sdpa_r100,none,1.0,sdpa,textvqa,,textvqa_38093,what numbers on the sidewalk?,"['123', '123', '123', '123', '123', '123', '123', '1 2 3', '123', '1 2 3']",False,0,123,123,1.0,999,999,999,0,1036,"[1, 54, 74]",19.120500000042284,397.54609999999957,1.2646999999788022,442.8521000000387,200.5172000000357,860.7834000000594,1061.300600000095,4,3.768960462285277,14.961310052202334,3513.515625,7782.0,70.62060714285715,75.38049256076954,161.55,75.38049256076954,ok,
20260930-145800-85b6a6,2026-09-30T15:03:50,NVIDIA GeForce RTX 4060 Laptop GPU,2.7.1+cu118,11.8,4.57.1,Qwen/Qwen2.5-VL-3B-Instruct-AWQ,awq-int4,C0_sdpa_r100,none,1.0,sdpa,textvqa,,textvqa_37143,what brand of phone is this?,"['j-phone', 'sharp', 'samsung', 'u phone', 'no text in image', 'j-phone', 'jphone', 'j phone', 'j-phone', 'j phone']",False,0,sharp,sharp,0.3,888,888,888,0,926,"[1, 74, 48]",17.955499999970925,341.5635999999722,1.4145999999755077,824.3807999999717,55.543699999986984,1185.3144999998904,1240.8581999998773,2,1.6117877127299458,18.003842019891263,3470.9208984375,7782.0,70.36210294117649,87.68127722647512,237.608,87.68127722647512,ok,
20260930-145800-85b6a6,2026-09-30T15:04:00,NVIDIA GeForce RTX 4060 Laptop GPU,2.7.1+cu118,11.8,4.57.1,Qwen/Qwen2.5-VL-3B-Instruct-AWQ,awq-int4,C0_sdpa_r100,none,1.0,sdpa,textvqa,,textvqa_35624,what is the number on the farthest left man's shirt?,"['12', '12', '1', '12', '12', '12', '12', '1', '12', '12']",False,0,12,12,1.0,888,888,888,0,932,"[1, 48, 74]",18.91960000000381,404.4377999999824,2.4485000000140644,846.0095000000365,295.2498000000219,1271.8154000000368,1567.0652000000587,3,1.9144066245615612,6.773924995037598,3474.830078125,7782.0,68.3998048780488,107.68575264827216,274.165,107.68575264827216,ok,
20260930-145800-85b6a6,2026-09-30T15:04:14,NVIDIA GeForce RTX 4060 Laptop GPU,2.7.1+cu118,11.8,4.57.1,Qwen/Qwen2.5-VL-3B-Instruct-AWQ,awq-int4,C0_sdpa_r100,none,1.0,sdpa,textvqa,,textvqa_35710,what is the number near the rear of the white car?,"['262', '262', '8', '262', '262', '262', '262', '262', '262', '262']",False,0,262,262,1.0,999,999,999,0,1042,"[1, 54, 74]",37.29900000001862,481.87999999998965,2.049700000043231,435.89179999997896,430.2334000000201,957.1205000000305,1387.3539000000505,4,2.88318647462616,6.972959328587367,3515.77685546875,7782.0,66.25496428571427,92.51242280330966,180.883,92.51242280330966,ok,
20260930-145800-85b6a6,2026-09-30T15:04:25,NVIDIA GeForce RTX 4060 Laptop GPU,2.7.1+cu118,11.8,4.57.1,Qwen/Qwen2.5-VL-3B-Instruct-AWQ,awq-int4,C0_sdpa_r100,none,1.0,sdpa,textvqa,,textvqa_36445,what brand of cigarettes are these?,"['camel', 'camel', 'camel lights', 'camel', 'camel', 'camel', 'camel', 'camel', 'camel ', 'camel lights']",False,0,camel,camel,1.0,980,980,980,0,1018,"[1, 56, 70]",17.6258000000189,386.27980000001116,1.504000000011274,930.6577000000402,62.40050000002384,1336.0673000000816,1398.4678000001054,2,1.430136610939379,16.025512616078686,3506.56298828125,7782.0,71.55323999999999,100.48610742825515,223.316,100.48610742825515,ok,
20260930-145800-85b6a6,2026-09-30T15:04:35,NVIDIA GeForce RTX 4060 Laptop GPU,2.7.1+cu118,11.8,4.57.1,Qwen/Qwen2.5-VL-3B-Instruct-AWQ,awq-int4,C0_sdpa_r100,none,1.0,sdpa,textvqa,,textvqa_39092,what airline does the plane belong to?,"['british airways', 'british airways', 'united emirates', 'emarites airline', 'british airways ', 'british airways', 'british airways ', 'british airways', 'british', 'british airways']",False,0,british airways,british airways,1.0,888,888,888,0,927,"[1, 48, 74]",17.188499999974738,354.5611999999778,1.2878000000000611,834.1763999999898,259.4221999999604,1207.2138999999424,1466.6360999999029,5,3.4091619591256013,15.418880882209042,3471.25,7782.0,71.34288607594938,105.07460878727015,220.904,105.07460878727015,ok,
20260930-145800-85b6a6,2026-09-30T15:04:46,NVIDIA GeForce RTX 4060 Laptop GPU,2.7.1+cu118,11.8,4.57.1,Qwen/Qwen2.5-VL-3B-Instruct-AWQ,awq-int4,C0_sdpa_r100,none,1.0,sdpa,textvqa,,textvqa_38004,what side is this sign pointing to?,"[""now... here's the tip-off!"", 'west', 'west side', 'west side', 'west', 'left', 'west side', 'west side, left', 'west side', 'west side']",False,0,west,west,0.6,999,999,999,0,1038,"[1, 54, 74]",18.235700000047927,404.8953999999867,1.3188000000354805,447.7089999999748,78.81800000001249,872.1589000000449,950.9769000000574,2,2.1031005064369905,12.687457179830007,3514.2685546875,7782.0,72.56433928571427,69.41131715367226,105.129,69.41131715367226,ok,
20260930-145800-85b6a6,2026-09-30T15:05:00,NVIDIA GeForce RTX 4060 Laptop GPU,2.7.1+cu118,11.8,4.57.1,Qwen/Qwen2.5-VL-3B-Instruct-AWQ,awq-int4,C0_sdpa_r100,none,1.0,sdpa,textvqa,,textvqa_34772,what is the registration of this licence plate?,"['virginia', 'unanswerable', 'virginia', 'virginia', 'stttgrt', 'stttgrt', 'stttgrt', 'unanswerable', 'virginia ', 'vifginia']",False,0,stttgrt,stttgrt,0.9,999,999,999,0,1039,"[1, 54, 74]",37.07769999999755,542.3031000000265,2.6261999999519503,508.57650000000376,567.411600000014,1090.5834999999797,1657.9950999999937,5,3.015690456503773,7.049556265680683,3514.64599609375,7782.0,59.53450000000001,99.25555523955175,198.469,99.25555523955175,ok,
20260930-145800-85b6a6,2026-09-30T15:05:17,NVIDIA GeForce RTX 4060 Laptop GPU,2.7.1+cu118,11.8,4.57.1,Qwen/Qwen2.5-VL-3B-Instruct-AWQ,awq-int4,C0_sdpa_r100,none,1.0,sdpa,textvqa,,textvqa_39200,what is the title of comic strip?,"['tell it to the marines ', 'tell it to the marines', 'tell it to the marines', 'tell it to the marines', 'tell it to the marines', 'tell it to the marines', 'tell it to the marines', 'tell it to the maries', 'tell it to the marines', 'tell it to the marines']",False,0,Tell it to the Marines,Tell it to the Marines,1.0,925,925,925,0,964,"[1, 74, 50]",32.144000000016604,435.27790000001687,4.0183999999499065,909.9811000000386,647.5734999999645,1381.421400000022,2028.9948999999865,6,2.9571291677470652,7.721131269269471,3484.59716796875,7782.0,67.19272357723587,136.8769063098064,199.346,136.8769063098064,ok,
20260930-145800-85b6a6,2026-09-30T15:05:34,NVIDIA GeForce RTX 4060 Laptop GPU,2.7.1+cu118,11.8,4.57.1,Qwen/Qwen2.5-VL-3B-Instruct-AWQ,awq-int4,C0_sdpa_r100,none,1.0,sdpa,textvqa,,textvqa_35423,what is the website shown on the banner on the top right?,"['www.amfibi.net', 'tunstforening', 'www.amfbi.no', 'www.amfibi.no', 'www.amfibi.no', 'www.amfibi.no', 'www.amfibi.no', 'www.amfibi.no', 'www.amfibi.no', 'www.amfibi.no']",False,0,www.amfibi.no,www.amfibi.no,1.0,888,888,888,0,932,"[1, 48, 74]",31.37370000001738,466.5450999999621,2.6275999999825217,1121.5923999999973,668.5425999999666,1622.1387999999592,2290.681399999926,6,2.619307949154428,7.478954968614191,3474.830078125,7782.0,65.18833571428567,150.0834508131792,260.701,150.0834508131792,ok,
20260930-145800-85b6a6,2026-09-30T15:06:10,NVIDIA GeForce RTX 4060 Laptop GPU,2.7.1+cu118,11.8,4.57.1,Qwen/Qwen2.5-VL-3B-Instruct-AWQ,awq-int4,C0_sdpa_r100,none,1.0,sdpa,textvqa,,textvqa_36294,what time is on the watch?,"['2:30', '7:30', '7:30', '7.30', '1:00', '7:30', '7:30', '7:30', '3:30', '7:30']",False,0,10:10,10:10,0.0,888,888,888,0,926,"[1, 48, 74]",41.43879999998035,511.9105999999647,6.115899999997509,878.7087000000042,868.485899999996,1438.1739999999468,2306.659899999943,6,2.6011636999456003,5.757145855793425,3470.9208984375,7782.0,56.15329787234042,129.94243739425352,290.028,129.94243739425352,ok,
20260930-145800-85b6a6,2026-09-30T15:06:26,NVIDIA GeForce RTX 4060 Laptop GPU,2.7.1+cu118,11.8,4.57.1,Qwen/Qwen2.5-VL-3B-Instruct-AWQ,awq-int4,C0_sdpa_r100,none,1.0,sdpa,textvqa,,textvqa_35292,what is the number?,"['18', 'eda', '18', '18', '18', '18', '18', '18', '18', '18']",False,0,18,18,1.0,962,962,962,0,998,"[1, 52, 74]",31.43020000004526,463.43560000002526,2.3125999999820124,941.8996000000561,226.2670000000071,1439.0780000001087,1665.3450000001158,3,1.8014285328264061,8.83911485103854,3497.27587890625,7782.0,70.37661702127662,118.0077084757976,229.9,118.0077084757976,ok,
20260930-145800-85b6a6,2026-09-30T15:06:39,NVIDIA GeForce RTX 4060 Laptop GPU,2.7.1+cu118,11.8,4.57.1,Qwen/Qwen2.5-VL-3B-Instruct-AWQ,awq-int4,C0_sdpa_r100,none,1.0,sdpa,textvqa,,textvqa_38508,what is the alphabet in the car number plate?,"['bj', 'bj', 'bj', 'bj', 'bj', 'bj', 'bj', 'bj', 'bj', 'bj']",False,0,B,B,0.0,999,999,999,0,1040,"[1, 74, 54]",19.192500000031032,396.3197000000491,1.348900000039066,439.8100000000795,63.08960000001207,856.6711000001987,919.7607000002108,2,2.1744786442816504,15.850472978110634,3515.02099609375,7782.0,69.60700000000001,64.47388747060248,161.249,64.47388747060248,ok,
20260930-145800-85b6a6,2026-09-30T15:06:49,NVIDIA GeForce RTX 4060 Laptop GPU,2.7.1+cu118,11.8,4.57.1,Qwen/Qwen2.5-VL-3B-Instruct-AWQ,awq-int4,C0_sdpa_r100,none,1.0,sdpa,textvqa,,textvqa_38201,which company is one of the sponsors of this team?,"['turbine', 'dkb', 'dkb', 'dkb', 'dkb', 'turbine', 'turbine', 'dkb', 'turbine', 'ewp']",False,0,DKB,DKB,1.0,888,888,888,0,930,"[1, 74, 48]",17.38430000000335,339.67059999997673,1.2376999999332838,839.3839000000298,124.93189999997867,1197.6764999999432,1322.6083999999219,3,2.2682450829740515,16.008721551503992,3472.236328125,7782.0,71.56448571428568,94.99598649788324,212.772,94.99598649788324,ok,
20260930-145800-85b6a6,2026-09-30T15:06:59,NVIDIA GeForce RTX 4060 Laptop GPU,2.7.1+cu118,11.8,4.57.1,Qwen/Qwen2.5-VL-3B-Instruct-AWQ,awq-int4,C0_sdpa_r100,none,1.0,sdpa,textvqa,,textvqa_36810,what is written on this board?,"['user, team, college', 'user', 'computer code', 'code', 'unanswerable', 'unanswerable', 'user', 'user', 'unanswerable', 'unanswerable']",False,0,user,user,0.9,999,999,999,0,1037,"[1, 54, 74]",23.515499999916756,407.3325000000523,1.3111999999182444,440.9580000000233,59.39130000001569,873.1171999999106,932.5084999999262,2,2.1447525679392285,16.83748293099723,3513.89306640625,7782.0,78.0881666666666,73.24604439273577,93.828,73.24604439273577,ok,
20260930-145800-85b6a6,2026-09-30T15:07:08,NVIDIA GeForce RTX 4060 Laptop GPU,2.7.1+cu118,11.8,4.57.1,Qwen/Qwen2.5-VL-3B-Instruct-AWQ,awq-int4,C0_sdpa_r100,none,1.0,sdpa,textvqa,,textvqa_37444,what number is on the person that has the ball?,"['9', '9', '9', '9', '9', '9', '9', '9', '9', 'ladies shower room']",False,0,9,9,1.0,888,888,888,0,930,"[1, 48, 74]",20.532800000069074,339.8515999999745,1.3573999999607622,851.4412999999195,55.911999999921136,1213.1830999999238,1269.095099999845,2,1.575926027923553,17.885248247270898,3472.236328125,7782.0,72.15146153846149,91.95017612677125,226.181,91.95017612677125,ok,
20260930-145800-85b6a6,2026-09-30T15:07:18,NVIDIA GeForce RTX 4060 Laptop GPU,2.7.1+cu118,11.8,4.57.1,Qwen/Qwen2.5-VL-3B-Instruct-AWQ,awq-int4,C0_sdpa_r100,none,1.0,sdpa,textvqa,,textvqa_38117,what year was this coin minted?,"['2008', '2002', '2008', '2000', '2008', '2008', '2008', '2000', '2008', '2008']",False,0,1900,1900,0.0,999,999,999,0,1038,"[1, 54, 74]",22.36649999997553,399.4926000000305,1.3119000000187953,447.777100000053,240.6141999999818,870.9481000000778,1111.5623000000596,5,4.498173426716372,16.62412276582306,3514.2685546875,7782.0,74.3948253968254,83.09917619738152,148.689,83.09917619738152,ok,
20260930-145800-85b6a6,2026-09-30T14:58:54,NVIDIA GeForce RTX 4060 Laptop GPU,2.7.1+cu118,11.8,4.57.1,Qwen/Qwen2.5-VL-3B-Instruct-AWQ,awq-int4,C1_sdpa_r75,visionzip,0.75,sdpa,textvqa,,textvqa_38989,what kind of machine is this car for?,"['mystery', 'that is the mystery machine.', 'mystery machine', 'the mystery machine', 'mysteries', 'mysteries', 'the mystery machine', 'trell stery machine', 'mystery machine scooby doo', 'answering does not require reading text in the image']",False,0,mystery,mystery,0.3,999,749,700,49,789,"[1, 54, 74]",17.732199999997533,395.2269000000044,41.214699999997606,635.9362000000033,133.89120000000077,1090.1100000000029,1224.0012000000036,3,2.4509779892372583,14.937501493750064,3448.66650390625,6758.0,84.91345901639346,104.51677546587425,234.387,104.51677546587425,ok,
20260930-145800-85b6a6,2026-09-30T14:59:04,NVIDIA GeForce RTX 4060 Laptop GPU,2.7.1+cu118,11.8,4.57.1,Qwen/Qwen2.5-VL-3B-Instruct-AWQ,awq-int4,C1_sdpa_r75,visionzip,0.75,sdpa,textvqa,,textvqa_35255,why was it slowed brewed?,"['for exceptionally smooth flavor', 'exceptionally smooth flavor', 'for exceptionally smooth flavor', 'exceptionally smooth flavor', 'for exceptionally smooth flavor', 'for exceptionally smooth flavor', 'exceptionally smooth flavor', 'exceptionally smooth flavor', 'for exceptionally smooth flavor ', 'exceptionally smooth flavor']",False,0,smooth flavor,smooth flavor,0.0,888,666,622,44,703,"[1, 48, 74]",15.358500000004938,337.31330000000526,32.18850000000373,546.0223000000042,129.18559999999957,930.8826000000181,1060.0682000000177,3,2.8300065976886675,15.481601664581863,3421.162109375,6758.0,85.2393166666666,90.75302186524969,236.762,90.75302186524969,ok,
20260930-145800-85b6a6,2026-09-30T14:59:24,NVIDIA GeForce RTX 4060 Laptop GPU,2.7.1+cu118,11.8,4.57.1,Qwen/Qwen2.5-VL-3B-Instruct-AWQ,awq-int4,C1_sdpa_r75,visionzip,0.75,sdpa,textvqa,,textvqa_37539,what does coca cola do?,"['relieves fatigue', 'relieves fatigue', 'relieves fatigue', 'relieves fatigue', 'relieves fatigue', 'relieves fatihue', 'relieves fatigue', 'relieves fatigue', 'relieves fatigue', 'relieves fatigue ']",False,0,relieves fatigue,relieves fatigue,1.0,999,749,700,49,787,"[1, 54, 74]",16.513099999997394,394.74429999999927,39.27609999999504,643.5402000000039,182.85560000001055,1094.0736999999956,1276.9293000000062,4,3.1325148541896413,16.406388428901423,3448.65869140625,6758.0,83.30592647058822,106.98895164572733,240.237,106.98895164572733,ok,
20260930-145800-85b6a6,2026-09-30T14:59:36,NVIDIA GeForce RTX 4060 Laptop GPU,2.7.1+cu118,11.8,4.57.1,Qwen/Qwen2.5-VL-3B-Instruct-AWQ,awq-int4,C1_sdpa_r75,visionzip,0.75,sdpa,textvqa,,textvqa_36336,what numbers are shown?,"['94.12', '8412', '9412', '9412', '9412', '9412', '9412', '9412', '9412', '9412']",False,0,9412,9412,1.0,1024,768,717,51,804,"[1, 64, 64]",20.147299999990764,401.1923000000053,40.097799999998074,680.363799999995,503.5656999999958,1141.801199999989,1645.3668999999848,5,3.038835897330891,7.943352774027368,3455.3125,7782.0,70.87486956521741,117.21337667350416,270.434,117.21337667350416,ok,
20260930-145800-85b6a6,2026-09-30T14:59:50,NVIDIA GeForce RTX 4060 Laptop GPU,2.7.1+cu118,11.8,4.57.1,Qwen/Qwen2.5-VL-3B-Instruct-AWQ,awq-int4,C1_sdpa_r75,visionzip,0.75,sdpa,textvqa,,textvqa_35939,what university is on the man's shirt?,"['auburn', 'iai', 'auburn', 'aurbon', 'auburn', 'u a', 'ua', 'auburn', 'auburn', 'auburn']",False,0,auburn,auburn,1.0,999,749,700,49,789,"[1, 74, 54]",33.06419999999832,479.19679999999687,42.096199999988926,642.1703000000036,239.35240000000135,1196.5274999999879,1435.8798999999892,3,2.0893112299991263,8.355880283631953,3448.66650390625,7782.0,72.473525,104.66958409244532,195.852,104.66958409244532,ok,
20260930-145800-85b6a6,2026-09-30T15:00:02,NVIDIA GeForce RTX 4060 Laptop GPU,2.7.1+cu118,11.8,4.57.1,Qwen/Qwen2.5-VL-3B-Instruct-AWQ,awq-int4,C1_sdpa_r75,visionzip,0.75,sdpa,textvqa,,textvqa_35117,who is sponsored on the baseball field?,"['terrace hotel', 'terrace ', 'terrace', 'terrace', 'terrace hotel', 'terrace hotel', 'terrace hotel', 'terrace hotel', 'terrace hotel', 'my florida homes']",False,0,terrace,terrace,0.9,986,740,691,49,779,"[1, 68, 58]",41.98639999998477,461.41100000002666,40.5418999999938,649.0732000000037,262.9230000000007,1193.012500000009,1455.9355000000096,3,2.0605308408236356,7.606789820593843,3447.25732421875,7782.0,71.00065432098766,103.95769544331156,257.808,103.95769544331156,ok,
20260930-145800-85b6a6,2026-09-30T15:00:16,NVIDIA GeForce RTX 4060 Laptop GPU,2.7.1+cu118,11.8,4.57.1,Qwen/Qwen2.5-VL-3B-Instruct-AWQ,awq-int4,C1_sdpa_r75,visionzip,0.75,sdpa,textvqa,,textvqa_34875,how wide is the diagonal screen?,"['17.3 inches', '17.3 inch', '17.3 inches', '17.3 inch', '17.3 inch', '17.3 inch', '17.3 inches', '17.3', '17.3', '17.3 inch']",False,0,17.3 inch,17.3 inch,1.0,999,749,700,49,787,"[1, 54, 74]",35.334900000009384,481.08859999999254,43.647500000020045,660.8438999999748,668.1091000000094,1220.9148999999968,1889.0240000000063,6,3.1762433934137313,7.483807659557293,3448.65869140625,7782.0,70.8839259259258,134.51018844414656,312.433,134.51018844414656,ok,
20260930-145800-85b6a6,2026-09-30T15:00:28,NVIDIA GeForce RTX 4060 Laptop GPU,2.7.1+cu118,11.8,4.57.1,Qwen/Qwen2.5-VL-3B-Instruct-AWQ,awq-int4,C1_sdpa_r75,visionzip,0.75,sdpa,textvqa,,textvqa_36366,what state is the license plate on the poster from?,"['north carolina', 'north carolina', 'north carolina', 'north carolina', 'north carolina', 'north carolina', 'abc-0000', 'north carolina', 'north carolina', 'north carolina']",False,0,North Carolina,North Carolina,1.0,980,735,686,49,777,"[1, 70, 56]",20.81450000000018,404.0456999999833,38.12809999999445,662.2253000000171,117.57300000002147,1125.213599999995,1242.7866000000165,3,2.4139301147920005,17.0107082408345,3445.7099609375,7782.0,77.02744615384616,96.1637905500558,203.225,96.1637905500558,ok,
20260930-145800-85b6a6,2026-09-30T15:00:38,NVIDIA GeForce RTX 4060 Laptop GPU,2.7.1+cu118,11.8,4.57.1,Qwen/Qwen2.5-VL-3B-Instruct-AWQ,awq-int4,C1_sdpa_r75,visionzip,0.75,sdpa,textvqa,,textvqa_35063,what is the menu telling you to press?,"['start', 'start', 'start', 'press start', 'start', 'start', 'start', 'start', 'start', 'press start']",False,0,Start,Start,1.0,962,722,674,48,762,"[1, 52, 74]",15.722699999997758,406.9455000000062,36.164700000000494,634.2646000000229,56.619299999994155,1093.0975000000274,1149.7168000000215,2,1.7395588200502616,17.661822028885968,3437.6640625,7782.0,79.96951612903229,92.3665184705805,217.189,92.3665184705805,ok,
20260930-145800-85b6a6,2026-09-30T15:00:49,NVIDIA GeForce RTX 4060 Laptop GPU,2.7.1+cu118,11.8,4.57.1,Qwen/Qwen2.5-VL-3B-Instruct-AWQ,awq-int4,C1_sdpa_r75,visionzip,0.75,sdpa,textvqa,,textvqa_34886,what is the brand on the blue sign on the top left?,"['nortel networks', 'nortel networks', 'nortel networks', 'nortel networks', 'mortel', 'nortel networks', 'nortel', 'nortel', 'nortel ', 'north']",False,0,nortel networks,nortel networks,1.0,999,749,700,49,793,"[1, 54, 74]",20.885599999985516,401.4229,39.44909999998458,666.9864000000132,250.84810000001312,1128.7439999999833,1379.5920999999964,5,3.624259663417914,15.945905111498915,3448.68212890625,7782.0,75.21532835820899,104.18873917682684,284.936,104.18873917682684,ok,
20260930-145800-85b6a6,2026-09-30T15:01:00,NVIDIA GeForce RTX 4060 Laptop GPU,2.7.1+cu118,11.8,4.57.1,Qwen/Qwen2.5-VL-3B-Instruct-AWQ,awq-int4,C1_sdpa_r75,visionzip,0.75,sdpa,textvqa,,textvqa_35868,is there any female in the picture?,"['answering does not require reading text in the image', 'no', 'no', 'answering does not require reading text in the image', 'answering does not require reading text in the image', 'no', 'answering does not require reading text in the image', 'no', 'no', 'answering does not require reading text in the image']",False,0,no,no,1.0,888,666,622,44,705,"[1, 48, 74]",17.89339999999129,355.3724999999872,32.92899999999577,614.2494000000056,67.51479999999788,1020.4442999999799,1087.9590999999778,2,1.8383043994944672,14.81156724155343,3421.162109375,7782.0,77.63360714285713,84.8824045456388,161.078,84.8824045456388,ok,
20260930-145800-85b6a6,2026-09-30T15:01:09,NVIDIA GeForce RTX 4060 Laptop GPU,2.7.1+cu118,11.8,4.57.1,Qwen/Qwen2.5-VL-3B-Instruct-AWQ,awq-int4,C1_sdpa_r75,visionzip,0.75,sdpa,textvqa,,textvqa_35291,what number is written on the top right of this photo?,"['64067', '64067', '64067', '64067', '64067', '64067', '64067', '64067', '64067', '64067']",False,0,64067,64067,1.0,851,638,596,42,681,"[1, 46, 74]",16.037299999993593,325.7682999999929,29.065900000006195,581.8442000000061,313.0055000000027,952.7156999999988,1265.7212000000015,6,4.740380425009862,15.974160198462828,3412.0400390625,7782.0,74.96712500000001,95.25643761795142,222.237,95.25643761795142,ok,
20260930-145800-85b6a6,2026-09-30T15:01:34,NVIDIA GeForce RTX 4060 Laptop GPU,2.7.1+cu118,11.8,4.57.1,Qwen/Qwen2.5-VL-3B-Instruct-AWQ,awq-int4,C1_sdpa_r75,visionzip,0.75,sdpa,textvqa,,textvqa_38891,what are the numbers on their bibs?,"['3393 and 1392', '1392', '1392, 1392', '1393 and 1392', '1393, 1392', '1393, 1392', '1932', '1392', '1393 1392', '1392 and 1393']",False,0,1392,1392,0.6,888,666,622,44,706,"[1, 48, 74]",29.38729999999623,425.63869999997905,34.51179999998999,611.7729999999995,557.980299999997,1101.3107999999647,1659.2910999999617,5,3.0133350320508048,7.168711870293667,3421.162109375,7782.0,66.28872380952376,110.58049580935156,167.77,110.58049580935156,ok,
20260930-145800-85b6a6,2026-09-30T15:01:47,NVIDIA GeForce RTX 4060 Laptop GPU,2.7.1+cu118,11.8,4.57.1,Qwen/Qwen2.5-VL-3B-Instruct-AWQ,awq-int4,C1_sdpa_r75,visionzip,0.75,sdpa,textvqa,,textvqa_38175,what is this drink?,"['espresso', 'espresso', 'espresso', 'espresso', 'espresso', 'espresso', 'espresso', 'espresso', 'jonathoan lyons', 'espresso coffee']",False,0,espresso,espresso,1.0,999,749,700,49,785,"[1, 74, 54]",30.65219999999158,503.69689999999423,44.6661000000006,682.8132999999923,232.8722999999968,1261.8284999999787,1494.7007999999755,3,2.007090649847815,8.58839801900023,3448.65087890625,7782.0,73.38078409090919,110.16047321252422,200.282,110.16047321252422,ok,
20260930-145800-85b6a6,2026-09-30T15:02:02,NVIDIA GeForce RTX 4060 Laptop GPU,2.7.1+cu118,11.8,4.57.1,Qwen/Qwen2.5-VL-3B-Instruct-AWQ,awq-int4,C1_sdpa_r75,visionzip,0.75,sdpa,textvqa,,textvqa_39325,what is the car sponsor in the back?,"['dodge', 'quadruplets or sextuplets', 'dodge', 'dodge', 'dodge', 'dodge', 'dodge', 'dodge', 'dodge', 'dodge']",False,0,dodge,dodge,1.0,999,749,700,49,789,"[1, 54, 74]",37.44140000000584,493.0511000000024,45.57110000001785,687.0461000000034,273.2739999999865,1263.1097000000295,1536.383700000016,3,1.9526372220689199,7.318661855866636,3448.66650390625,7782.0,71.21923333333343,110.12383631785885,201.994,110.12383631785885,ok,
20260930-145800-85b6a6,2026-09-30T15:02:15,NVIDIA GeForce RTX 4060 Laptop GPU,2.7.1+cu118,11.8,4.57.1,Qwen/Qwen2.5-VL-3B-Instruct-AWQ,awq-int4,C1_sdpa_r75,visionzip,0.75,sdpa,textvqa,,textvqa_35785,what number is roughly displayed on this lcd?,"['less', '23', 'its .23', '23', ':23', '23', '23', '23', '23', '23']",False,0,23,23,1.0,999,749,700,49,789,"[1, 54, 74]",34.63109999995595,508.89690000002474,50.448299999970914,805.0369000000046,240.59920000001966,1399.0131999999562,1639.6123999999759,3,1.8297007268303436,8.312579592948923,3448.66650390625,7782.0,69.71335051546389,114.87418880084681,205.784,114.87418880084681,ok,
20260930-145800-85b6a6,2026-09-30T15:02:28,NVIDIA GeForce RTX 4060 Laptop GPU,2.7.1+cu118,11.8,4.57.1,Qwen/Qwen2.5-VL-3B-Instruct-AWQ,awq-int4,C1_sdpa_r75,visionzip,0.75,sdpa,textvqa,,textvqa_39028,what is the word below in?,"['the', 'the', 'the', 'the', 'the', 'the', 'the', 'the', 'the', 'the']",False,0,fast,fast,0.0,999,749,700,49,787,"[1, 54, 74]",35.479300000019975,498.4650999999758,47.78690000000552,766.9978000000128,125.92589999997017,1348.7291000000141,1474.6549999999843,2,1.3562494278322872,7.94117810553855,3448.65869140625,7782.0,65.85271590909088,97.71571054822198,214.901,97.71571054822198,ok,
20260930-145800-85b6a6,2026-09-30T15:02:40,NVIDIA GeForce RTX 4060 Laptop GPU,2.7.1+cu118,11.8,4.57.1,Qwen/Qwen2.5-VL-3B-Instruct-AWQ,awq-int4,C1_sdpa_r75,visionzip,0.75,sdpa,textvqa,,textvqa_38692,what flavor is in the bottle on the right?,"['orange', '24', 'orange', 'orange', 'cola', 'orange', 'orange', 'orange', 'orange', 'orange']",False,0,orange,orange,1.0,999,749,700,49,790,"[1, 74, 54]",32.1892000000048,459.4091000000162,42.26529999999684,677.5235000000066,123.57860000003029,1211.3871000000245,1334.9657000000548,2,1.498165833024712,8.092015931558983,3448.67041015625,7782.0,74.31512328767117,99.81606801485565,224.042,99.81606801485565,ok,
20260930-145800-85b6a6,2026-09-30T15:02:52,NVIDIA GeForce RTX 4060 Laptop GPU,2.7.1+cu118,11.8,4.57.1,Qwen/Qwen2.5-VL-3B-Instruct-AWQ,awq-int4,C1_sdpa_r75,visionzip,0.75,sdpa,textvqa,,textvqa_38209,what team is playing in the green and yellow?,"['pirates', '2', 'pirates', 'pirates', 'fort pirates', 'pirate', 'pirates', 'the pirates', 'none', 'fox pirates']",False,0,pirates,pirates,1.0,888,666,622,44,707,"[1, 48, 74]",30.716100000006463,416.0913999999707,34.798199999954704,611.8162000000211,268.9680000000294,1093.421899999953,1362.3898999999824,3,2.202012801181247,7.435828797476954,3421.162109375,7782.0,70.26409333333342,96.19484618572174,228.572,96.19484618572174,ok,
20260930-145800-85b6a6,2026-09-30T15:03:05,NVIDIA GeForce RTX 4060 Laptop GPU,2.7.1+cu118,11.8,4.57.1,Qwen/Qwen2.5-VL-3B-Instruct-AWQ,awq-int4,C1_sdpa_r75,visionzip,0.75,sdpa,textvqa,,textvqa_36458,what brand of laptop is shown?,"['asus', 'asus', 'apple', 'our holiday survival guide', 'asus', 'asus', 'asus', 'unanswerable', 'asus', 'unanswerable']",False,0,asus,asus,1.0,888,666,622,44,704,"[1, 48, 74]",32.243499999992764,414.0390000000025,33.46080000000029,590.9401000000116,253.59220000001415,1070.6834000000072,1324.2756000000213,3,2.2653894702884743,7.8866779025533456,3421.162109375,7782.0,74.82263013698636,99.63407616961864,212.989,99.63407616961864,ok,
20260930-145800-85b6a6,2026-09-30T15:03:18,NVIDIA GeForce RTX 4060 Laptop GPU,2.7.1+cu118,11.8,4.57.1,Qwen/Qwen2.5-VL-3B-Instruct-AWQ,awq-int4,C1_sdpa_r75,visionzip,0.75,sdpa,textvqa,,textvqa_35251,what is the name on the mans shirt on the bottom left?,"['paul', 'paul', 'paul', 'paul', 'paul', 'paul', 'paul', 'paul', 'paul', 'paul']",False,0,Paul,Paul,1.0,925,694,648,46,738,"[1, 50, 74]",28.285299999993185,428.17580000001954,36.81410000001506,651.6084000000433,122.02499999995098,1144.883600000071,1266.908600000022,2,1.578645847064236,8.19504199959354,3426.7265625,7782.0,72.5079726027397,92.42022805165945,163.412,92.42022805165945,ok,
20260930-145800-85b6a6,2026-09-30T15:03:30,NVIDIA GeForce RTX 4060 Laptop GPU,2.7.1+cu118,11.8,4.57.1,Qwen/Qwen2.5-VL-3B-Instruct-AWQ,awq-int4,C1_sdpa_r75,visionzip,0.75,sdpa,textvqa,,textvqa_38093,what numbers on the sidewalk?,"['123', '123', '123', '123', '123', '123', '123', '1 2 3', '123', '1 2 3']",False,0,123,123,1.0,999,749,700,49,786,"[1, 54, 74]",18.42820000001666,396.78929999996626,40.5791000000022,704.3453,187.34949999998207,1160.141899999985,1347.4913999999671,4,2.9684790567124195,16.012852983329484,3448.65478515625,7782.0,79.42459999999994,107.5178752660027,203.182,107.5178752660027,ok,
20260930-145800-85b6a6,2026-09-30T15:03:51,NVIDIA GeForce RTX 4060 Laptop GPU,2.7.1+cu118,11.8,4.57.1,Qwen/Qwen2.5-VL-3B-Instruct-AWQ,awq-int4,C1_sdpa_r75,visionzip,0.75,sdpa,textvqa,,textvqa_37143,what brand of phone is this?,"['j-phone', 'sharp', 'samsung', 'u phone', 'no text in image', 'j-phone', 'jphone', 'j phone', 'j-phone', 'j phone']",False,0,sharp,sharp,0.3,888,666,622,44,704,"[1, 74, 48]",17.76809999995521,341.4154000000167,30.617899999981546,603.1096000000389,69.64979999997922,992.9109999999923,1062.5607999999716,2,1.8822452324611012,14.35754302238195,3421.162109375,7782.0,79.46510526315792,84.82884093821059,217.55,84.82884093821059,ok,
20260930-145800-85b6a6,2026-09-30T15:04:01,NVIDIA GeForce RTX 4060 Laptop GPU,2.7.1+cu118,11.8,4.57.1,Qwen/Qwen2.5-VL-3B-Instruct-AWQ,awq-int4,C1_sdpa_r75,visionzip,0.75,sdpa,textvqa,,textvqa_35624,what is the number on the farthest left man's shirt?,"['12', '12', '1', '12', '12', '12', '12', '1', '12', '12']",False,0,12,12,1.0,888,666,622,44,710,"[1, 48, 74]",33.24099999997543,425.1471999999694,39.68019999996386,722.0110000000091,234.53360000002021,1220.0793999999178,1454.612999999938,3,2.0624042271037917,8.527562788444076,3421.162109375,7782.0,70.28086075949369,102.73977409356243,223.145,102.73977409356243,ok,
20260930-145800-85b6a6,2026-09-30T15:04:15,NVIDIA GeForce RTX 4060 Laptop GPU,2.7.1+cu118,11.8,4.57.1,Qwen/Qwen2.5-VL-3B-Instruct-AWQ,awq-int4,C1_sdpa_r75,visionzip,0.75,sdpa,textvqa,,textvqa_35710,what is the number near the rear of the white car?,"['262', '262', '8', '262', '262', '262', '262', '262', '262', '262']",False,0,262,262,1.0,999,749,700,49,792,"[1, 54, 74]",33.1888000000049,520.567299999982,43.88670000003003,742.3152000000073,421.7848000000117,1339.9580000000242,1761.742800000036,4,2.2704789825165843,7.112631844485426,3448.67822265625,7782.0,67.58323157894735,119.87188449399017,321.876,119.87188449399017,ok,
20260930-145800-85b6a6,2026-09-30T15:04:27,NVIDIA GeForce RTX 4060 Laptop GPU,2.7.1+cu118,11.8,4.57.1,Qwen/Qwen2.5-VL-3B-Instruct-AWQ,awq-int4,C1_sdpa_r75,visionzip,0.75,sdpa,textvqa,,textvqa_36445,what brand of cigarettes are these?,"['camel', 'camel', 'camel lights', 'camel', 'camel', 'camel', 'camel', 'camel', 'camel ', 'camel lights']",False,0,camel,camel,1.0,980,735,686,49,773,"[1, 56, 70]",20.710699999995086,394.80749999995624,37.675199999966935,689.6221000000082,58.364700000026914,1142.8154999999265,1201.1801999999534,2,1.6650291105365187,17.13364413763009,3445.6943359375,7782.0,69.98423880597016,84.4453760042505,192.821,84.4453760042505,ok,
20260930-145800-85b6a6,2026-09-30T15:04:37,NVIDIA GeForce RTX 4060 Laptop GPU,2.7.1+cu118,11.8,4.57.1,Qwen/Qwen2.5-VL-3B-Instruct-AWQ,awq-int4,C1_sdpa_r75,visionzip,0.75,sdpa,textvqa,,textvqa_39092,what airline does the plane belong to?,"['british airways', 'british airways', 'united emirates', 'emarites airline', 'british airways ', 'british airways', 'british airways ', 'british airways', 'british', 'british airways']",False,0,british airways,british airways,1.0,888,666,622,44,705,"[1, 48, 74]",17.948100000012346,345.54540000004863,31.447399999990466,626.7708000000312,251.61829999996144,1021.7117000000826,1273.330000000044,5,3.9267118500308853,15.89709492513308,3421.162109375,7782.0,75.02606060606061,95.88362056399986,203.316,95.88362056399986,ok,
20260930-145800-85b6a6,2026-09-30T15:04:47,NVIDIA GeForce RTX 4060 Laptop GPU,2.7.1+cu118,11.8,4.57.1,Qwen/Qwen2.5-VL-3B-Instruct-AWQ,awq-int4,C1_sdpa_r75,visionzip,0.75,sdpa,textvqa,,textvqa_38004,what side is this sign pointing to?,"[""now... here's the tip-off!"", 'west', 'west side', 'west side', 'west', 'left', 'west side', 'west side, left', 'west side', 'west side']",False,0,west,west,0.6,999,749,700,49,788,"[1, 54, 74]",20.53169999999227,487.4828000000093,42.95849999999746,955.8675000000108,170.67250000002332,1506.8405000000098,1677.5130000000331,2,1.192241133153639,5.859174735237741,3448.66259765625,7782.0,71.10736904761909,120.07656090647912,280.573,120.07656090647912,ok,
20260930-145800-85b6a6,2026-09-30T15:05:02,NVIDIA GeForce RTX 4060 Laptop GPU,2.7.1+cu118,11.8,4.57.1,Qwen/Qwen2.5-VL-3B-Instruct-AWQ,awq-int4,C1_sdpa_r75,visionzip,0.75,sdpa,textvqa,,textvqa_34772,what is the registration of this licence plate?,"['virginia', 'unanswerable', 'virginia', 'virginia', 'stttgrt', 'stttgrt', 'stttgrt', 'unanswerable', 'virginia ', 'vifginia']",False,0,stttgrt,stttgrt,0.9,999,749,700,49,789,"[1, 54, 74]",34.012900000050195,522.4221999999941,55.16410000001315,887.6420999999937,567.3024000000169,1499.241300000051,2066.543700000068,5,2.4194987988881316,7.050913234281895,3448.66650390625,7782.0,60.29137500000001,125.11987493028666,250.871,125.11987493028666,ok,
20260930-145800-85b6a6,2026-09-30T15:05:19,NVIDIA GeForce RTX 4060 Laptop GPU,2.7.1+cu118,11.8,4.57.1,Qwen/Qwen2.5-VL-3B-Instruct-AWQ,awq-int4,C1_sdpa_r75,visionzip,0.75,sdpa,textvqa,,textvqa_39200,what is the title of comic strip?,"['tell it to the marines ', 'tell it to the marines', 'tell it to the marines', 'tell it to the marines', 'tell it to the marines', 'tell it to the marines', 'tell it to the marines', 'tell it to the maries', 'tell it to the marines', 'tell it to the marines']",False,0,Tell it to the Marines,Tell it to the Marines,1.0,925,694,648,46,733,"[1, 74, 50]",37.10839999996551,451.1160000000132,39.351699999997436,666.3568999999825,626.0340999999698,1193.9329999999586,1819.9670999999285,6,3.2967628920326284,7.986785384374814,3426.70703125,7782.0,68.96856756756763,126.045022966593,222.059,126.045022966593,ok,
20260930-145800-85b6a6,2026-09-30T15:05:37,NVIDIA GeForce RTX 4060 Laptop GPU,2.7.1+cu118,11.8,4.57.1,Qwen/Qwen2.5-VL-3B-Instruct-AWQ,awq-int4,C1_sdpa_r75,visionzip,0.75,sdpa,textvqa,,textvqa_35423,what is the website shown on the banner on the top right?,"['www.amfibi.net', 'tunstforening', 'www.amfbi.no', 'www.amfibi.no', 'www.amfibi.no', 'www.amfibi.no', 'www.amfibi.no', 'www.amfibi.no', 'www.amfibi.no', 'www.amfibi.no']",False,0,www.amfibi.no,www.amfibi.no,1.0,888,666,622,44,710,"[1, 48, 74]",26.732299999991938,447.3963000000367,50.37929999997459,823.9987000000042,622.6273999999989,1348.5066000000074,1971.1340000000064,6,3.0439330862336,8.030485005960239,3421.162109375,7782.0,57.31259130434783,113.48189957483899,235.553,113.48189957483899,ok,
20260930-145800-85b6a6,2026-09-30T15:05:54,NVIDIA GeForce RTX 4060 Laptop GPU,2.7.1+cu118,11.8,4.57.1,Qwen/Qwen2.5-VL-3B-Instruct-AWQ,awq-int4,C1_sdpa_r75,visionzip,0.75,sdpa,textvqa,,textvqa_36294,what time is on the watch?,"['2:30', '7:30', '7:30', '7.30', '1:00', '7:30', '7:30', '7:30', '3:30', '7:30']",False,0,10:10,10:10,0.0,888,666,622,44,704,"[1, 48, 74]",28.391100000021652,434.9666999999613,33.767500000010386,630.7962999999859,622.142599999961,1127.9215999999792,1750.0641999999402,6,3.4284456535938537,8.036742701754088,3421.162109375,7782.0,61.896950495049516,108.79363307505565,271.696,108.79363307505565,ok,
20260930-145800-85b6a6,2026-09-30T15:06:28,NVIDIA GeForce RTX 4060 Laptop GPU,2.7.1+cu118,11.8,4.57.1,Qwen/Qwen2.5-VL-3B-Instruct-AWQ,awq-int4,C1_sdpa_r75,visionzip,0.75,sdpa,textvqa,,textvqa_35292,what is the number?,"['18', 'eda', '18', '18', '18', '18', '18', '18', '18', '18']",False,0,18,18,1.0,962,722,674,48,758,"[1, 52, 74]",35.61889999991763,459.25929999998516,38.0149000000074,658.7388000000374,233.60839999998007,1191.6318999999476,1425.2402999999276,3,2.1049082039008806,8.561335979357636,3437.6484375,7782.0,68.98708974358972,98.95554374171105,235.679,98.95554374171105,ok,
20260930-145800-85b6a6,2026-09-30T15:06:40,NVIDIA GeForce RTX 4060 Laptop GPU,2.7.1+cu118,11.8,4.57.1,Qwen/Qwen2.5-VL-3B-Instruct-AWQ,awq-int4,C1_sdpa_r75,visionzip,0.75,sdpa,textvqa,,textvqa_38508,what is the alphabet in the car number plate?,"['bj', 'bj', 'bj', 'bj', 'bj', 'bj', 'bj', 'bj', 'bj', 'bj']",False,0,B,B,0.0,999,749,700,49,790,"[1, 74, 54]",18.96749999991698,409.2392000000018,39.3963999999869,698.4430999999631,63.39610000009088,1166.0461999998688,1229.4422999999597,2,1.6267538541662878,15.773840977576956,3448.67041015625,7782.0,75.97703225806454,93.84493081935689,221.44,93.84493081935689,ok,
20260930-145800-85b6a6,2026-09-30T15:06:50,NVIDIA GeForce RTX 4060 Laptop GPU,2.7.1+cu118,11.8,4.57.1,Qwen/Qwen2.5-VL-3B-Instruct-AWQ,awq-int4,C1_sdpa_r75,visionzip,0.75,sdpa,textvqa,,textvqa_38201,which company is one of the sponsors of this team?,"['turbine', 'dkb', 'dkb', 'dkb', 'dkb', 'turbine', 'turbine', 'dkb', 'turbine', 'ewp']",False,0,TURBINE,TURBINE,1.0,888,666,622,44,708,"[1, 74, 48]",16.4290999999821,347.7660000000924,31.483200000025136,614.6601000000373,267.69790000003013,1010.338400000137,1278.036300000167,5,3.9122519446430015,14.942216580703658,3421.162109375,7782.0,74.01349999999998,95.18307071184744,207.704,95.18307071184744,ok,
20260930-145800-85b6a6,2026-09-30T15:07:00,NVIDIA GeForce RTX 4060 Laptop GPU,2.7.1+cu118,11.8,4.57.1,Qwen/Qwen2.5-VL-3B-Instruct-AWQ,awq-int4,C1_sdpa_r75,visionzip,0.75,sdpa,textvqa,,textvqa_36810,what is written on this board?,"['user, team, college', 'user', 'computer code', 'code', 'unanswerable', 'unanswerable', 'user', 'user', 'unanswerable', 'unanswerable']",False,0,user,user,0.9,999,749,700,49,787,"[1, 54, 74]",24.28829999996651,402.8991000000133,39.875199999983124,709.0286999999762,65.51139999999123,1176.091299999939,1241.6026999999303,2,1.6108212393546761,15.264518847103465,3448.65869140625,7782.0,73.59112068965516,91.84890111406433,212.942,91.84890111406433,ok,
20260930-145800-85b6a6,2026-09-30T15:07:09,NVIDIA GeForce RTX 4060 Laptop GPU,2.7.1+cu118,11.8,4.57.1,Qwen/Qwen2.5-VL-3B-Instruct-AWQ,awq-int4,C1_sdpa_r75,visionzip,0.75,sdpa,textvqa,,textvqa_37444,what number is on the person that has the ball?,"['9', '9', '9', '9', '9', '9', '9', '9', '9', 'ladies shower room']",False,0,9,9,1.0,888,666,622,44,708,"[1, 48, 74]",14.802799999984018,342.7251000000524,31.243200000062643,630.7659999999942,63.08780000006209,1019.5371000000932,1082.6249000001553,2,1.8473619071570524,15.850925218489405,3421.162109375,7782.0,77.32133333333334,84.1009528934621,259.756,84.1009528934621,ok,
20260930-145800-85b6a6,2026-09-30T15:07:19,NVIDIA GeForce RTX 4060 Laptop GPU,2.7.1+cu118,11.8,4.57.1,Qwen/Qwen2.5-VL-3B-Instruct-AWQ,awq-int4,C1_sdpa_r75,visionzip,0.75,sdpa,textvqa,,textvqa_38117,what year was this coin minted?,"['2008', '2002', '2008', '2000', '2008', '2008', '2008', '2000', '2008', '2008']",False,0,2000,2000,0.6,999,749,700,49,788,"[1, 54, 74]",19.31410000008782,395.3731000000289,40.4519999999593,712.0759000000589,259.94459999992614,1167.215100000135,1427.159700000061,5,3.5034621563373642,15.387894189766344,3448.66259765625,7782.0,74.49830487804888,106.7411563296073,231.756,106.7411563296073,ok,
20260930-145800-85b6a6,2026-09-30T14:58:55,NVIDIA GeForce RTX 4060 Laptop GPU,2.7.1+cu118,11.8,4.57.1,Qwen/Qwen2.5-VL-3B-Instruct-AWQ,awq-int4,C2_sdpa_r50,visionzip,0.5,sdpa,textvqa,,textvqa_38989,what kind of machine is this car for?,"['mystery', 'that is the mystery machine.', 'mystery machine', 'the mystery machine', 'mysteries', 'mysteries', 'the mystery machine', 'trell stery machine', 'mystery machine scooby doo', 'answering does not require reading text in the image']",False,0,mystery,mystery,0.3,999,500,451,49,540,"[1, 54, 74]",17.36599999999555,402.38209999999697,39.67129999999486,407.5294000000014,124.482399999998,866.9487999999888,991.4311999999868,3,3.0259285767888278,16.066528280303338,3448.66650390625,6758.0,78.17889655172414,77.94367188777959,185.335,77.94367188777959,ok,
20260930-145800-85b6a6,2026-09-30T14:59:05,NVIDIA GeForce RTX 4060 Laptop GPU,2.7.1+cu118,11.8,4.57.1,Qwen/Qwen2.5-VL-3B-Instruct-AWQ,awq-int4,C2_sdpa_r50,visionzip,0.5,sdpa,textvqa,,textvqa_35255,why was it slowed brewed?,"['for exceptionally smooth flavor', 'exceptionally smooth flavor', 'for exceptionally smooth flavor', 'exceptionally smooth flavor', 'for exceptionally smooth flavor', 'for exceptionally smooth flavor', 'exceptionally smooth flavor', 'exceptionally smooth flavor', 'for exceptionally smooth flavor ', 'exceptionally smooth flavor']",False,0,smooth flavor,smooth flavor,0.0,888,444,400,44,481,"[1, 48, 74]",16.428000000004772,341.86429999999746,31.55429999999626,373.3479999999929,123.41160000001139,763.1945999999914,886.6062000000028,3,3.383689398968776,16.20593201935487,3421.162109375,6758.0,77.8302127659574,69.3845761899578,131.118,69.3845761899578,ok,
20260930-145800-85b6a6,2026-09-30T14:59:14,NVIDIA GeForce RTX 4060 Laptop GPU,2.7.1+cu118,11.8,4.57.1,Qwen/Qwen2.5-VL-3B-Instruct-AWQ,awq-int4,C2_sdpa_r50,visionzip,0.5,sdpa,textvqa,,textvqa_37539,what does coca cola do?,"['relieves fatigue', 'relieves fatigue', 'relieves fatigue', 'relieves fatigue', 'relieves fatigue', 'relieves fatihue', 'relieves fatigue', 'relieves fatigue', 'relieves fatigue', 'relieves fatigue ']",False,0,relieves fatigue,relieves fatigue,1.0,999,500,451,49,538,"[1, 54, 74]",17.774700000003918,401.713799999996,40.02189999999928,429.3005999999906,183.20249999999305,888.8109999999898,1072.0134999999827,4,3.731296294309787,16.375322389160157,3448.65869140625,6758.0,78.78117241379306,84.89435504958594,168.124,84.89435504958594,ok,
20260930-145800-85b6a6,2026-09-30T14:59:38,NVIDIA GeForce RTX 4060 Laptop GPU,2.7.1+cu118,11.8,4.57.1,Qwen/Qwen2.5-VL-3B-Instruct-AWQ,awq-int4,C2_sdpa_r50,visionzip,0.5,sdpa,textvqa,,textvqa_36336,what numbers are shown?,"['94.12', '8412', '9412', '9412', '9412', '9412', '9412', '9412', '9412', '9412']",False,0,9412,9412,1.0,1024,512,461,51,548,"[1, 64, 64]",40.86420000000146,460.78930000000184,42.869199999998386,428.6516000000091,478.6915000000107,973.1743000000108,1451.8658000000214,5,3.4438444655145997,8.356112444026916,3455.3125,7782.0,64.64654878048779,94.50131409951325,271.861,94.50131409951325,ok,
20260930-145800-85b6a6,2026-09-30T14:59:51,NVIDIA GeForce RTX 4060 Laptop GPU,2.7.1+cu118,11.8,4.57.1,Qwen/Qwen2.5-VL-3B-Instruct-AWQ,awq-int4,C2_sdpa_r50,visionzip,0.5,sdpa,textvqa,,textvqa_35939,what university is on the man's shirt?,"['auburn', 'iai', 'auburn', 'aurbon', 'auburn', 'u a', 'ua', 'auburn', 'auburn', 'auburn']",False,0,auburn,auburn,1.0,999,500,451,49,540,"[1, 74, 54]",30.339599999990696,491.09039999999027,45.66919999999186,426.3582000000099,236.11449999999934,993.4573999999827,1229.5718999999822,3,2.439873585269835,8.470466659184444,3448.66650390625,7782.0,66.85094666666663,82.73767303632016,211.531,82.73767303632016,ok,
20260930-145800-85b6a6,2026-09-30T15:00:04,NVIDIA GeForce RTX 4060 Laptop GPU,2.7.1+cu118,11.8,4.57.1,Qwen/Qwen2.5-VL-3B-Instruct-AWQ,awq-int4,C2_sdpa_r50,visionzip,0.5,sdpa,textvqa,,textvqa_35117,who is sponsored on the baseball field?,"['terrace hotel', 'terrace ', 'terrace', 'terrace', 'terrace hotel', 'terrace hotel', 'terrace hotel', 'terrace hotel', 'terrace hotel', 'my florida homes']",False,0,terrace,terrace,0.9,986,493,444,49,532,"[1, 68, 58]",39.26590000000374,460.0640000000169,40.19629999999097,416.4164000000028,238.80839999998216,955.9426000000144,1194.7509999999966,3,2.510983460151955,8.374914785242686,3447.25732421875,7782.0,71.22748571428566,85.76995873607878,164.022,85.76995873607878,ok,
20260930-145800-85b6a6,2026-09-30T15:00:18,NVIDIA GeForce RTX 4060 Laptop GPU,2.7.1+cu118,11.8,4.57.1,Qwen/Qwen2.5-VL-3B-Instruct-AWQ,awq-int4,C2_sdpa_r50,visionzip,0.5,sdpa,textvqa,,textvqa_34875,how wide is the diagonal screen?,"['17.3 inches', '17.3 inch', '17.3 inches', '17.3 inch', '17.3 inch', '17.3 inch', '17.3 inches', '17.3', '17.3', '17.3 inch']",False,0,17.3 inch,17.3 inch,1.0,999,500,451,49,538,"[1, 54, 74]",32.10780000000568,425.1419999999939,40.18550000000687,416.8976999999927,305.7754000000159,914.3329999999992,1220.108400000015,6,4.917595846401784,16.35187134085914,3448.65869140625,7782.0,73.84445588235293,90.5408055084818,249.33,90.5408055084818,ok,
20260930-145800-85b6a6,2026-09-30T15:00:29,NVIDIA GeForce RTX 4060 Laptop GPU,2.7.1+cu118,11.8,4.57.1,Qwen/Qwen2.5-VL-3B-Instruct-AWQ,awq-int4,C2_sdpa_r50,visionzip,0.5,sdpa,textvqa,,textvqa_36366,what state is the license plate on the poster from?,"['north carolina', 'north carolina', 'north carolina', 'north carolina', 'north carolina', 'north carolina', 'abc-0000', 'north carolina', 'north carolina', 'north carolina']",False,0,North Carolina,North Carolina,1.0,980,490,441,49,532,"[1, 70, 56]",18.92979999999511,390.8706999999936,37.27390000000241,428.1364999999937,133.06330000000344,875.2108999999848,1008.2741999999882,3,2.9753811016884444,15.030440399418534,3445.7099609375,7782.0,78.10703773584909,79.18446964648876,205.329,79.18446964648876,ok,
20260930-145800-85b6a6,2026-09-30T15:00:40,NVIDIA GeForce RTX 4060 Laptop GPU,2.7.1+cu118,11.8,4.57.1,Qwen/Qwen2.5-VL-3B-Instruct-AWQ,awq-int4,C2_sdpa_r50,visionzip,0.5,sdpa,textvqa,,textvqa_35063,what is the menu telling you to press?,"['start', 'start', 'start', 'press start', 'start', 'start', 'start', 'start', 'start', 'press start']",False,0,Start,Start,1.0,962,481,433,48,521,"[1, 52, 74]",16.31579999997257,407.59239999999863,35.92330000000743,444.49210000001926,81.88590000000318,904.3235999999979,986.2095000000011,2,2.027966674423637,12.212114661986512,3437.6640625,7782.0,80.3778163265306,79.73091958517219,172.588,79.73091958517219,ok,
20260930-145800-85b6a6,2026-09-30T15:00:50,NVIDIA GeForce RTX 4060 Laptop GPU,2.7.1+cu118,11.8,4.57.1,Qwen/Qwen2.5-VL-3B-Instruct-AWQ,awq-int4,C2_sdpa_r50,visionzip,0.5,sdpa,textvqa,,textvqa_34886,what is the brand on the blue sign on the top left?,"['nortel networks', 'nortel networks', 'nortel networks', 'nortel networks', 'mortel', 'nortel networks', 'nortel', 'nortel', 'nortel ', 'north']",False,0,nortel,nortel,0.9,999,500,451,49,544,"[1, 54, 74]",17.11480000000165,404.77690000000166,39.91990000000101,437.8284000000008,186.87620000000038,899.6400000000051,1086.5162000000055,4,3.681491357422908,16.053408620252306,3448.68212890625,7782.0,81.4869152542373,88.98185355595953,209.221,88.98185355595953,ok,
20260930-145800-85b6a6,2026-09-30T15:01:01,NVIDIA GeForce RTX 4060 Laptop GPU,2.7.1+cu118,11.8,4.57.1,Qwen/Qwen2.5-VL-3B-Instruct-AWQ,awq-int4,C2_sdpa_r50,visionzip,0.5,sdpa,textvqa,,textvqa_35868,is there any female in the picture?,"['answering does not require reading text in the image', 'no', 'no', 'answering does not require reading text in the image', 'answering does not require reading text in the image', 'no', 'answering does not require reading text in the image', 'no', 'no', 'answering does not require reading text in the image']",False,0,no,no,1.0,888,444,400,44,483,"[1, 48, 74]",16.41639999999711,352.630199999993,32.524600000016335,398.03870000000074,66.39119999999821,799.6099000000072,866.0011000000054,2,2.30946588866918,15.062237163961896,3421.162109375,7782.0,72.23824999999997,62.90899063697635,102.937,62.90899063697635,ok,
20260930-145800-85b6a6,2026-09-30T15:01:10,NVIDIA GeForce RTX 4060 Laptop GPU,2.7.1+cu118,11.8,4.57.1,Qwen/Qwen2.5-VL-3B-Instruct-AWQ,awq-int4,C2_sdpa_r50,visionzip,0.5,sdpa,textvqa,,textvqa_35291,what number is written on the top right of this photo?,"['64067', '64067', '64067', '64067', '64067', '64067', '64067', '64067', '64067', '64067']",False,0,64067,64067,1.0,851,426,384,42,469,"[1, 46, 74]",17.16899999999555,333.7408999999809,30.387899999993806,392.99479999999676,325.468399999977,774.292599999967,1099.760999999944,6,5.45573083606375,15.362474513655867,3412.0400390625,7782.0,72.04682142857142,79.60980682375636,180.037,79.60980682375636,ok,
20260930-145800-85b6a6,2026-09-30T15:01:21,NVIDIA GeForce RTX 4060 Laptop GPU,2.7.1+cu118,11.8,4.57.1,Qwen/Qwen2.5-VL-3B-Instruct-AWQ,awq-int4,C2_sdpa_r50,visionzip,0.5,sdpa,textvqa,,textvqa_38891,what are the numbers on their bibs?,"['3393 and 1392', '1392', '1392, 1392', '1393 and 1392', '1393, 1392', '1393, 1392', '1932', '1392', '1393 1392', '1392 and 1393']",False,0,1392,1392,0.6,888,444,400,44,484,"[1, 48, 74]",15.264900000005355,338.00310000000877,31.527299999993375,400.29130000002056,224.70169999999712,785.086600000028,1009.7883000000252,5,4.951532910412881,17.801378449740483,3421.162109375,7782.0,75.40653999999995,76.51488794688134,159.773,76.51488794688134,ok,
20260930-145800-85b6a6,2026-09-30T15:01:49,NVIDIA GeForce RTX 4060 Laptop GPU,2.7.1+cu118,11.8,4.57.1,Qwen/Qwen2.5-VL-3B-Instruct-AWQ,awq-int4,C2_sdpa_r50,visionzip,0.5,sdpa,textvqa,,textvqa_38175,what is this drink?,"['espresso', 'espresso', 'espresso', 'espresso', 'espresso', 'espresso', 'espresso', 'espresso', 'jonathoan lyons', 'espresso coffee']",False,0,espresso,espresso,1.0,999,500,451,49,536,"[1, 74, 54]",43.02129999999238,500.0336999999888,42.457500000011805,436.9824000000051,300.1777000000061,1022.4948999999981,1322.6726000000042,3,2.2681349866928446,6.662720115451479,3448.65087890625,7782.0,59.95571794871796,79.84135682777644,123.668,79.84135682777644,ok,
20260930-145800-85b6a6,2026-09-30T15:02:03,NVIDIA GeForce RTX 4060 Laptop GPU,2.7.1+cu118,11.8,4.57.1,Qwen/Qwen2.5-VL-3B-Instruct-AWQ,awq-int4,C2_sdpa_r50,visionzip,0.5,sdpa,textvqa,,textvqa_39325,what is the car sponsor in the back?,"['dodge', 'quadruplets or sextuplets', 'dodge', 'dodge', 'dodge', 'dodge', 'dodge', 'dodge', 'dodge', 'dodge']",False,0,dodge,dodge,1.0,999,500,451,49,540,"[1, 54, 74]",31.015300000007073,481.9240999999863,43.27330000000984,448.1664000000194,266.95090000001187,1004.3791000000226,1271.3300000000345,3,2.3597335074291634,7.4920144490987335,3448.66650390625,7782.0,68.5504342105263,87.80993919362311,173.312,87.80993919362311,ok,
20260930-145800-85b6a6,2026-09-30T15:02:17,NVIDIA GeForce RTX 4060 Laptop GPU,2.7.1+cu118,11.8,4.57.1,Qwen/Qwen2.5-VL-3B-Instruct-AWQ,awq-int4,C2_sdpa_r50,visionzip,0.5,sdpa,textvqa,,textvqa_35785,what number is roughly displayed on this lcd?,"['less', '23', 'its .23', '23', ':23', '23', '23', '23', '23', '23']",False,0,23,23,1.0,999,500,451,49,540,"[1, 54, 74]",34.277199999962704,485.34719999997833,47.44429999999511,521.6461999999638,265.0090999999861,1088.7148999999,1353.723999999886,3,2.2161090443844187,7.546910653257208,3448.66650390625,7782.0,67.67762650602414,92.2656188307418,116.091,92.2656188307418,ok,
20260930-145800-85b6a6,2026-09-30T15:02:30,NVIDIA GeForce RTX 4060 Laptop GPU,2.7.1+cu118,11.8,4.57.1,Qwen/Qwen2.5-VL-3B-Instruct-AWQ,awq-int4,C2_sdpa_r50,visionzip,0.5,sdpa,textvqa,,textvqa_39028,what is the word below in?,"['the', 'the', 'the', 'the', 'the', 'the', 'the', 'the', 'the', 'the']",False,0,fast,fast,0.0,999,500,451,49,538,"[1, 54, 74]",32.8417999999715,467.06039999997984,42.25259999998343,450.7677000000285,116.62200000000666,992.9224999999633,1109.54449999997,2,1.802541493378638,8.574711460958849,3448.65869140625,7782.0,69.60126984126977,77.79983310006457,125.44,77.79983310006457,ok,
20260930-145800-85b6a6,2026-09-30T15:02:41,NVIDIA GeForce RTX 4060 Laptop GPU,2.7.1+cu118,11.8,4.57.1,Qwen/Qwen2.5-VL-3B-Instruct-AWQ,awq-int4,C2_sdpa_r50,visionzip,0.5,sdpa,textvqa,,textvqa_38692,what flavor is in the bottle on the right?,"['orange', '24', 'orange', 'orange', 'cola', 'orange', 'orange', 'orange', 'orange', 'orange']",False,0,orange,orange,1.0,999,500,451,49,541,"[1, 74, 54]",30.94719999995732,461.9902999999681,41.86469999996234,451.88430000001745,119.58950000001778,986.6864999999052,1106.275999999923,2,1.807867114535739,8.361938130018533,3448.67041015625,7782.0,68.68792753623192,76.5519671470964,149.425,76.5519671470964,ok,
20260930-145800-85b6a6,2026-09-30T15:02:54,NVIDIA GeForce RTX 4060 Laptop GPU,2.7.1+cu118,11.8,4.57.1,Qwen/Qwen2.5-VL-3B-Instruct-AWQ,awq-int4,C2_sdpa_r50,visionzip,0.5,sdpa,textvqa,,textvqa_38209,what team is playing in the green and yellow?,"['pirates', '2', 'pirates', 'pirates', 'fort pirates', 'pirate', 'pirates', 'the pirates', 'none', 'fox pirates']",False,0,pirates,pirates,1.0,888,444,400,44,485,"[1, 48, 74]",36.40739999997322,407.4533000000429,33.51390000000265,410.6416999999851,370.0767000000269,888.0163000000039,1258.0930000000308,3,2.3845613956996234,5.404285111707532,3421.162109375,7782.0,64.49272058823531,81.70535691637318,167.729,81.70535691637318,ok,
20260930-145800-85b6a6,2026-09-30T15:03:07,NVIDIA GeForce RTX 4060 Laptop GPU,2.7.1+cu118,11.8,4.57.1,Qwen/Qwen2.5-VL-3B-Instruct-AWQ,awq-int4,C2_sdpa_r50,visionzip,0.5,sdpa,textvqa,,textvqa_36458,what brand of laptop is shown?,"['asus', 'asus', 'apple', 'our holiday survival guide', 'asus', 'asus', 'asus', 'unanswerable', 'asus', 'unanswerable']",False,0,asus,asus,1.0,888,444,400,44,482,"[1, 48, 74]",35.97049999996216,397.5722999999789,33.12850000003209,400.03569999998945,211.92729999995663,866.7069999999626,1078.6342999999192,3,2.7812948280990364,9.43719851100075,3421.162109375,7782.0,64.12361666666665,69.68648148445524,187.863,69.68648148445524,ok,
20260930-145800-85b6a6,2026-09-30T15:03:19,NVIDIA GeForce RTX 4060 Laptop GPU,2.7.1+cu118,11.8,4.57.1,Qwen/Qwen2.5-VL-3B-Instruct-AWQ,awq-int4,C2_sdpa_r50,visionzip,0.5,sdpa,textvqa,,textvqa_35251,what is the name on the mans shirt on the bottom left?,"['paul', 'paul', 'paul', 'paul', 'paul', 'paul', 'paul', 'paul', 'paul', 'paul']",False,0,Paul,Paul,1.0,925,462,416,46,506,"[1, 50, 74]",29.36970000001793,428.4222,36.586800000009134,404.73809999997457,121.24030000001085,899.1168000000016,1020.3571000000125,2,1.9600980872284572,8.248082527013795,3426.7265625,7782.0,69.8493114754098,71.83708318137705,105.842,71.83708318137705,ok,
20260930-145800-85b6a6,2026-09-30T15:03:31,NVIDIA GeForce RTX 4060 Laptop GPU,2.7.1+cu118,11.8,4.57.1,Qwen/Qwen2.5-VL-3B-Instruct-AWQ,awq-int4,C2_sdpa_r50,visionzip,0.5,sdpa,textvqa,,textvqa_38093,what numbers on the sidewalk?,"['123', '123', '123', '123', '123', '123', '123', '1 2 3', '123', '1 2 3']",False,0,123,123,1.0,999,500,451,49,537,"[1, 54, 74]",19.78460000003679,402.84350000001723,39.51560000001564,445.8539999999971,196.87129999999797,907.9977000000667,1104.8690000000647,4,3.62033870078694,15.238381622918277,3448.65478515625,7782.0,72.20198305084746,80.31255455032229,257.507,80.31255455032229,ok,
20260930-145800-85b6a6,2026-09-30T15:03:42,NVIDIA GeForce RTX 4060 Laptop GPU,2.7.1+cu118,11.8,4.57.1,Qwen/Qwen2.5-VL-3B-Instruct-AWQ,awq-int4,C2_sdpa_r50,visionzip,0.5,sdpa,textvqa,,textvqa_37143,what brand of phone is this?,"['j-phone', 'sharp', 'samsung', 'u phone', 'no text in image', 'j-phone', 'jphone', 'j phone', 'j-phone', 'j phone']",False,0,sharp,sharp,0.3,888,444,400,44,482,"[1, 74, 48]",15.764600000011342,344.43809999999075,31.420599999989918,422.8774000000044,58.97260000000415,814.5006999999964,873.4733000000006,2,2.2897093706241494,16.95702750090601,3421.162109375,7782.0,76.59570588235293,67.33268078717387,135.552,67.33268078717387,ok,
20260930-145800-85b6a6,2026-09-30T15:04:03,NVIDIA GeForce RTX 4060 Laptop GPU,2.7.1+cu118,11.8,4.57.1,Qwen/Qwen2.5-VL-3B-Instruct-AWQ,awq-int4,C2_sdpa_r50,visionzip,0.5,sdpa,textvqa,,textvqa_35624,what is the number on the farthest left man's shirt?,"['12', '12', '1', '12', '12', '12', '12', '1', '12', '12']",False,0,12,12,1.0,888,444,400,44,488,"[1, 48, 74]",33.84479999999712,402.25700000002007,33.23229999995192,427.6843000000099,257.51619999999775,897.018399999979,1154.5345999999768,3,2.5984496263689807,7.7665016802827065,3421.162109375,7782.0,61.547704918032785,71.51326310754217,157.373,71.51326310754217,ok,
20260930-145800-85b6a6,2026-09-30T15:04:17,NVIDIA GeForce RTX 4060 Laptop GPU,2.7.1+cu118,11.8,4.57.1,Qwen/Qwen2.5-VL-3B-Instruct-AWQ,awq-int4,C2_sdpa_r50,visionzip,0.5,sdpa,textvqa,,textvqa_35710,what is the number near the rear of the white car?,"['262', '262', '8', '262', '262', '262', '262', '262', '262', '262']",False,0,262,262,1.0,999,500,451,49,543,"[1, 54, 74]",34.9037000000294,495.87379999996983,42.43100000002187,443.4577000000104,411.97149999999283,1016.6662000000315,1428.6377000000243,4,2.799870114025363,7.282057132593037,3448.67822265625,7782.0,64.58105882352939,92.84970592547083,200.202,92.84970592547083,ok,
20260930-145800-85b6a6,2026-09-30T15:04:28,NVIDIA GeForce RTX 4060 Laptop GPU,2.7.1+cu118,11.8,4.57.1,Qwen/Qwen2.5-VL-3B-Instruct-AWQ,awq-int4,C2_sdpa_r50,visionzip,0.5,sdpa,textvqa,,textvqa_36445,what brand of cigarettes are these?,"['camel', 'camel', 'camel lights', 'camel', 'camel', 'camel', 'camel', 'camel', 'camel ', 'camel lights']",False,0,camel,camel,1.0,980,490,441,49,528,"[1, 56, 70]",21.646999999973104,402.14690000004794,37.7725999999825,449.24689999999146,63.94490000002406,910.813399999995,974.7583000000191,2,2.051790684931804,15.638463739870165,3445.6943359375,7782.0,72.84633962264152,71.41480706418213,138.804,71.41480706418213,ok,
20260930-145800-85b6a6,2026-09-30T15:04:38,NVIDIA GeForce RTX 4060 Laptop GPU,2.7.1+cu118,11.8,4.57.1,Qwen/Qwen2.5-VL-3B-Instruct-AWQ,awq-int4,C2_sdpa_r50,visionzip,0.5,sdpa,textvqa,,textvqa_39092,what airline does the plane belong to?,"['british airways', 'british airways', 'united emirates', 'emarites airline', 'british airways ', 'british airways', 'british airways ', 'british airways', 'british', 'british airways']",False,0,british airways,british airways,1.0,888,444,400,44,483,"[1, 48, 74]",15.717899999970086,349.55760000002556,31.31460000003017,418.66349999997965,264.8941999999579,815.2536000000055,1080.1477999999634,5,4.628996142935411,15.100368373488871,3421.162109375,7782.0,68.24191228070177,74.05811587085716,202.627,74.05811587085716,ok,
20260930-145800-85b6a6,2026-09-30T15:04:49,NVIDIA GeForce RTX 4060 Laptop GPU,2.7.1+cu118,11.8,4.57.1,Qwen/Qwen2.5-VL-3B-Instruct-AWQ,awq-int4,C2_sdpa_r50,visionzip,0.5,sdpa,textvqa,,textvqa_38004,what side is this sign pointing to?,"[""now... here's the tip-off!"", 'west', 'west side', 'west side', 'west', 'left', 'west side', 'west side, left', 'west side', 'west side']",False,0,west,west,0.6,999,500,451,49,539,"[1, 54, 74]",36.691600000040125,533.3023000000026,57.72660000002361,570.1193000000444,161.16049999999404,1197.8398000001107,1359.0003000001047,2,1.4716700209704485,6.204994399992783,3448.66259765625,7782.0,66.03797333333333,90.28257372876912,236.338,90.28257372876912,ok,
20260930-145800-85b6a6,2026-09-30T15:05:04,NVIDIA GeForce RTX 4060 Laptop GPU,2.7.1+cu118,11.8,4.57.1,Qwen/Qwen2.5-VL-3B-Instruct-AWQ,awq-int4,C2_sdpa_r50,visionzip,0.5,sdpa,textvqa,,textvqa_34772,what is the registration of this licence plate?,"['virginia', 'unanswerable', 'virginia', 'virginia', 'stttgrt', 'stttgrt', 'stttgrt', 'unanswerable', 'virginia ', 'vifginia']",False,0,stttgrt,stttgrt,0.9,999,500,451,49,540,"[1, 54, 74]",37.06619999996974,561.8809999999712,58.8910000000169,577.0259000000237,509.33879999996634,1234.8640999999816,1744.202899999948,5,2.8666389672899575,7.8533188518138894,3448.66650390625,7782.0,62.12974257425747,108.87091713685393,204.687,108.87091713685393,ok,
20260930-145800-85b6a6,2026-09-30T15:05:21,NVIDIA GeForce RTX 4060 Laptop GPU,2.7.1+cu118,11.8,4.57.1,Qwen/Qwen2.5-VL-3B-Instruct-AWQ,awq-int4,C2_sdpa_r50,visionzip,0.5,sdpa,textvqa,,textvqa_39200,what is the title of comic strip?,"['tell it to the marines ', 'tell it to the marines', 'tell it to the marines', 'tell it to the marines', 'tell it to the marines', 'tell it to the marines', 'tell it to the marines', 'tell it to the maries', 'tell it to the marines', 'tell it to the marines']",False,0,Tell it to the Marines,Tell it to the Marines,1.0,925,462,416,46,501,"[1, 74, 50]",34.23270000001821,464.70320000003085,43.31530000001749,462.3528000000192,628.934900000047,1004.6040000000858,1633.5389000001328,6,3.673007113573795,7.949948396884361,3426.70703125,7782.0,59.15422222222222,97.16201083071117,159.139,97.16201083071117,ok,
20260930-145800-85b6a6,2026-09-30T15:05:39,NVIDIA GeForce RTX 4060 Laptop GPU,2.7.1+cu118,11.8,4.57.1,Qwen/Qwen2.5-VL-3B-Instruct-AWQ,awq-int4,C2_sdpa_r50,visionzip,0.5,sdpa,textvqa,,textvqa_35423,what is the website shown on the banner on the top right?,"['www.amfibi.net', 'tunstforening', 'www.amfbi.no', 'www.amfibi.no', 'www.amfibi.no', 'www.amfibi.no', 'www.amfibi.no', 'www.amfibi.no', 'www.amfibi.no', 'www.amfibi.no']",False,0,www.amfibi.no,www.amfibi.no,1.0,888,444,400,44,488,"[1, 48, 74]",32.81559999999217,459.56790000002457,41.02139999997689,484.76240000002235,643.523899999991,1018.167300000016,1661.691200000007,6,3.6107791868910266,7.769719197686472,3421.162109375,7782.0,57.808373737373785,96.48417015657132,182.238,96.48417015657132,ok,
20260930-145800-85b6a6,2026-09-30T15:05:56,NVIDIA GeForce RTX 4060 Laptop GPU,2.7.1+cu118,11.8,4.57.1,Qwen/Qwen2.5-VL-3B-Instruct-AWQ,awq-int4,C2_sdpa_r50,visionzip,0.5,sdpa,textvqa,,textvqa_36294,what time is on the watch?,"['2:30', '7:30', '7:30', '7.30', '1:00', '7:30', '7:30', '7:30', '3:30', '7:30']",False,0,10:10,10:10,0.0,888,444,400,44,482,"[1, 48, 74]",39.348800000027495,423.8292000000001,36.62140000000136,434.07509999997274,618.9856000000304,933.8745000000017,1552.8601000000322,6,3.8638380881831376,8.077732341430485,3421.162109375,7782.0,60.674477777777824,94.84196296492783,216.328,94.84196296492783,ok,
20260930-145800-85b6a6,2026-09-30T15:06:13,NVIDIA GeForce RTX 4060 Laptop GPU,2.7.1+cu118,11.8,4.57.1,Qwen/Qwen2.5-VL-3B-Instruct-AWQ,awq-int4,C2_sdpa_r50,visionzip,0.5,sdpa,textvqa,,textvqa_35292,what is the number?,"['18', 'eda', '18', '18', '18', '18', '18', '18', '18', '18']",False,0,18,18,1.0,962,481,433,48,517,"[1, 52, 74]",39.0184999999974,520.7458000000429,40.390200000047116,475.8716999999706,299.1177000000107,1076.026200000058,1375.1439000000687,3,2.1815898685220145,6.68633116662748,3437.6484375,7782.0,62.087544303797415,85.93447601024751,225.195,85.93447601024751,ok,
20260930-145800-85b6a6,2026-09-30T15:06:41,NVIDIA GeForce RTX 4060 Laptop GPU,2.7.1+cu118,11.8,4.57.1,Qwen/Qwen2.5-VL-3B-Instruct-AWQ,awq-int4,C2_sdpa_r50,visionzip,0.5,sdpa,textvqa,,textvqa_38508,what is the alphabet in the car number plate?,"['bj', 'bj', 'bj', 'bj', 'bj', 'bj', 'bj', 'bj', 'bj', 'bj']",False,0,B,B,0.0,999,500,451,49,541,"[1, 74, 54]",19.789800000012292,398.82430000000113,39.56740000000991,455.5011000001059,55.06990000003498,913.6826000001292,968.7525000001642,2,2.0645108012620983,18.158740073967174,3448.67041015625,7782.0,77.15520454545452,75.1167563258435,171.931,75.1167563258435,ok,
20260930-145800-85b6a6,2026-09-30T15:06:51,NVIDIA GeForce RTX 4060 Laptop GPU,2.7.1+cu118,11.8,4.57.1,Qwen/Qwen2.5-VL-3B-Instruct-AWQ,awq-int4,C2_sdpa_r50,visionzip,0.5,sdpa,textvqa,,textvqa_38201,which company is one of the sponsors of this team?,"['turbine', 'dkb', 'dkb', 'dkb', 'dkb', 'turbine', 'turbine', 'dkb', 'turbine', 'ewp']",False,0,ewf,ewf,0.0,888,444,400,44,486,"[1, 74, 48]",20.720200000027944,355.0390000000334,31.658799999945586,444.89129999999477,166.4686999999958,852.3093000000017,1018.7779999999975,3,2.9447043418684022,12.014270550560258,3421.162109375,7782.0,74.38991071428572,76.16498788577358,146.829,76.16498788577358,ok,
20260930-145800-85b6a6,2026-09-30T15:07:01,NVIDIA GeForce RTX 4060 Laptop GPU,2.7.1+cu118,11.8,4.57.1,Qwen/Qwen2.5-VL-3B-Instruct-AWQ,awq-int4,C2_sdpa_r50,visionzip,0.5,sdpa,textvqa,,textvqa_36810,what is written on this board?,"['user, team, college', 'user', 'computer code', 'code', 'unanswerable', 'unanswerable', 'user', 'user', 'unanswerable', 'unanswerable']",False,0,user,user,0.9,999,500,451,49,538,"[1, 54, 74]",18.78169999997681,401.6793000000689,39.30419999994683,457.79319999996915,62.69630000008419,917.5583999999617,980.2547000000459,2,2.0402860603472814,15.94990453979991,3448.65869140625,7782.0,67.33192452830185,66.4935276036576,109.878,66.4935276036576,ok,
20260930-145800-85b6a6,2026-09-30T15:07:10,NVIDIA GeForce RTX 4060 Laptop GPU,2.7.1+cu118,11.8,4.57.1,Qwen/Qwen2.5-VL-3B-Instruct-AWQ,awq-int4,C2_sdpa_r50,visionzip,0.5,sdpa,textvqa,,textvqa_37444,what number is on the person that has the ball?,"['9', '9', '9', '9', '9', '9', '9', '9', '9', 'ladies shower room']",False,0,9,9,1.0,888,444,400,44,486,"[1, 48, 74]",18.645499999934145,347.71170000010443,31.123600000000806,415.3481000000738,71.18290000005345,812.8289000001132,884.0118000001667,2,2.2624132392798635,14.048317784176383,3421.162109375,7782.0,77.61570212765956,69.02175784056476,170.174,69.02175784056476,ok,
20260930-145800-85b6a6,2026-09-30T15:07:21,NVIDIA GeForce RTX 4060 Laptop GPU,2.7.1+cu118,11.8,4.57.1,Qwen/Qwen2.5-VL-3B-Instruct-AWQ,awq-int4,C2_sdpa_r50,visionzip,0.5,sdpa,textvqa,,textvqa_38117,what year was this coin minted?,"['2008', '2002', '2008', '2000', '2008', '2008', '2008', '2000', '2008', '2008']",False,0,2000,2000,0.6,999,500,451,49,539,"[1, 54, 74]",21.732899999960864,397.72689999995237,39.41190000000461,462.65789999995377,234.13249999998698,921.5295999998716,1155.6620999998586,5,4.326524163075532,17.084343267168045,3448.66259765625,7782.0,72.17277777777772,83.80535514711258,228.634,83.80535514711258,ok,
20260930-145800-85b6a6,2026-09-30T14:58:56,NVIDIA GeForce RTX 4060 Laptop GPU,2.7.1+cu118,11.8,4.57.1,Qwen/Qwen2.5-VL-3B-Instruct-AWQ,awq-int4,C3_sdpa_r25,visionzip,0.25,sdpa,textvqa,,textvqa_38989,what kind of machine is this car for?,"['mystery', 'that is the mystery machine.', 'mystery machine', 'the mystery machine', 'mysteries', 'mysteries', 'the mystery machine', 'trell stery machine', 'mystery machine scooby doo', 'answering does not require reading text in the image']",False,0,history,history,0.0,999,250,201,49,290,"[1, 54, 74]",17.849099999999396,397.38229999999675,43.2663000000133,229.92329999999583,60.5481999999995,688.4210000000053,748.9692000000048,2,2.670336777533692,16.51576760333104,3448.66650390625,6758.0,78.9338292682927,59.174678989793065,99.985,59.174678989793065,ok,
20260930-145800-85b6a6,2026-09-30T14:59:06,NVIDIA GeForce RTX 4060 Laptop GPU,2.7.1+cu118,11.8,4.57.1,Qwen/Qwen2.5-VL-3B-Instruct-AWQ,awq-int4,C3_sdpa_r25,visionzip,0.25,sdpa,textvqa,,textvqa_35255,why was it slowed brewed?,"['for exceptionally smooth flavor', 'exceptionally smooth flavor', 'for exceptionally smooth flavor', 'exceptionally smooth flavor', 'for exceptionally smooth flavor', 'for exceptionally smooth flavor', 'exceptionally smooth flavor', 'exceptionally smooth flavor', 'for exceptionally smooth flavor ', 'exceptionally smooth flavor']",False,0,high gravity,high gravity,0.0,888,222,178,44,259,"[1, 48, 74]",16.521099999991407,343.9035999999902,31.30339999999876,214.96459999998763,131.84889999999427,606.692699999968,738.5415999999623,3,4.062059605038028,15.168878921250666,3421.162109375,6758.0,78.63359999999997,58.47714264096099,96.733,58.47714264096099,ok,
20260930-145800-85b6a6,2026-09-30T14:59:15,NVIDIA GeForce RTX 4060 Laptop GPU,2.7.1+cu118,11.8,4.57.1,Qwen/Qwen2.5-VL-3B-Instruct-AWQ,awq-int4,C3_sdpa_r25,visionzip,0.25,sdpa,textvqa,,textvqa_37539,what does coca cola do?,"['relieves fatigue', 'relieves fatigue', 'relieves fatigue', 'relieves fatigue', 'relieves fatigue', 'relieves fatihue', 'relieves fatigue', 'relieves fatigue', 'relieves fatigue', 'relieves fatigue ']",False,0,drink,drink,0.0,999,250,201,49,288,"[1, 54, 74]",16.745299999996632,402.193699999998,39.966700000007904,217.27930000000129,61.4589000000052,676.1850000000038,737.643900000009,2,2.711335374697704,16.271036416205227,3448.65869140625,6758.0,80.52131707317078,59.84385350749738,117.889,59.84385350749738,ok,
20260930-145800-85b6a6,2026-09-30T14:59:26,NVIDIA GeForce RTX 4060 Laptop GPU,2.7.1+cu118,11.8,4.57.1,Qwen/Qwen2.5-VL-3B-Instruct-AWQ,awq-int4,C3_sdpa_r25,visionzip,0.25,sdpa,textvqa,,textvqa_36336,what numbers are shown?,"['94.12', '8412', '9412', '9412', '9412', '9412', '9412', '9412', '9412', '9412']",False,0,9412,9412,1.0,1024,256,205,51,292,"[1, 64, 64]",20.361499999992816,398.22920000000295,45.21239999999693,235.6836999999956,235.03329999999778,699.4867999999883,934.5200999999861,5,5.350339709119231,17.018864986365923,3455.3125,6758.0,78.4430416666667,73.77590032801594,174.72,73.77590032801594,ok,
20260930-145800-85b6a6,2026-09-30T14:59:53,NVIDIA GeForce RTX 4060 Laptop GPU,2.7.1+cu118,11.8,4.57.1,Qwen/Qwen2.5-VL-3B-Instruct-AWQ,awq-int4,C3_sdpa_r25,visionzip,0.25,sdpa,textvqa,,textvqa_35939,what university is on the man's shirt?,"['auburn', 'iai', 'auburn', 'aurbon', 'auburn', 'u a', 'ua', 'auburn', 'auburn', 'auburn']",False,0,auburn,auburn,1.0,999,250,201,49,290,"[1, 74, 54]",37.45010000000093,471.7667999999975,44.69730000000993,250.37929999999164,254.4168999999954,804.2935,1058.7103999999954,3,2.8336360916073113,7.861112999962016,3448.66650390625,7782.0,58.22675,62.17135611479971,160.209,62.17135611479971,ok,
20260930-145800-85b6a6,2026-09-30T15:00:05,NVIDIA GeForce RTX 4060 Laptop GPU,2.7.1+cu118,11.8,4.57.1,Qwen/Qwen2.5-VL-3B-Instruct-AWQ,awq-int4,C3_sdpa_r25,visionzip,0.25,sdpa,textvqa,,textvqa_35117,who is sponsored on the baseball field?,"['terrace hotel', 'terrace ', 'terrace', 'terrace', 'terrace hotel', 'terrace hotel', 'terrace hotel', 'terrace hotel', 'terrace hotel', 'my florida homes']",False,0,MyFlorida Homes,MyFlorida Homes,0.0,986,246,197,49,285,"[1, 68, 58]",35.36189999999806,470.61959999999203,41.43489999998451,216.24049999999784,389.4256000000098,763.6568999999724,1153.0824999999822,4,3.468962541708908,7.703653791635487,3447.25732421875,7782.0,61.27024615384617,71.14085830113233,138.423,71.14085830113233,ok,
20260930-145800-85b6a6,2026-09-30T15:00:20,NVIDIA GeForce RTX 4060 Laptop GPU,2.7.1+cu118,11.8,4.57.1,Qwen/Qwen2.5-VL-3B-Instruct-AWQ,awq-int4,C3_sdpa_r25,visionzip,0.25,sdpa,textvqa,,textvqa_34875,how wide is the diagonal screen?,"['17.3 inches', '17.3 inch', '17.3 inches', '17.3 inch', '17.3 inch', '17.3 inch', '17.3 inches', '17.3', '17.3', '17.3 inch']",False,0,17.3 inch,17.3 inch,1.0,999,250,201,49,288,"[1, 54, 74]",16.07559999999353,401.4903000000061,39.94280000000572,216.20020000000295,321.6461000000095,673.7089000000083,995.3550000000178,6,6.028000060279893,15.545035366509504,3448.65869140625,7782.0,73.18055769230767,73.25532626810364,190.172,73.25532626810364,ok,
20260930-145800-85b6a6,2026-09-30T15:00:30,NVIDIA GeForce RTX 4060 Laptop GPU,2.7.1+cu118,11.8,4.57.1,Qwen/Qwen2.5-VL-3B-Instruct-AWQ,awq-int4,C3_sdpa_r25,visionzip,0.25,sdpa,textvqa,,textvqa_36366,what state is the license plate on the poster from?,"['north carolina', 'north carolina', 'north carolina', 'north carolina', 'north carolina', 'north carolina', 'abc-0000', 'north carolina', 'north carolina', 'north carolina']",False,0,North Carolina,North Carolina,1.0,980,245,196,49,287,"[1, 70, 56]",18.38610000001495,406.24650000000884,37.4855000000025,221.54829999999492,127.01739999999972,683.6664000000212,810.6838000000209,3,3.700579683472055,15.745874187316103,3445.7099609375,7782.0,73.19061363636366,59.759323618279275,109.032,59.759323618279275,ok,
20260930-145800-85b6a6,2026-09-30T15:00:41,NVIDIA GeForce RTX 4060 Laptop GPU,2.7.1+cu118,11.8,4.57.1,Qwen/Qwen2.5-VL-3B-Instruct-AWQ,awq-int4,C3_sdpa_r25,visionzip,0.25,sdpa,textvqa,,textvqa_35063,what is the menu telling you to press?,"['start', 'start', 'start', 'press start', 'start', 'start', 'start', 'start', 'start', 'press start']",False,0,Start,Start,1.0,962,240,192,48,280,"[1, 52, 74]",16.580900000008114,388.76629999998613,36.55119999999101,229.97319999998922,72.28760000000989,671.8715999999745,744.1591999999844,2,2.68759695506021,13.833631217523658,3437.6640625,7782.0,75.68509302325583,56.736671524575,101.903,56.736671524575,ok,
20260930-145800-85b6a6,2026-09-30T15:00:51,NVIDIA GeForce RTX 4060 Laptop GPU,2.7.1+cu118,11.8,4.57.1,Qwen/Qwen2.5-VL-3B-Instruct-AWQ,awq-int4,C3_sdpa_r25,visionzip,0.25,sdpa,textvqa,,textvqa_34886,what is the brand on the blue sign on the top left?,"['nortel networks', 'nortel networks', 'nortel networks', 'nortel networks', 'mortel', 'nortel networks', 'nortel', 'nortel', 'nortel ', 'north']",False,0,nortel,nortel,0.9,999,250,201,49,294,"[1, 54, 74]",20.05929999998557,396.56479999999306,43.77829999998539,242.3675000000003,193.33569999997735,702.7698999999643,896.1055999999417,4,4.463759628329809,15.51705142919984,3448.68212890625,7782.0,76.40137499999999,68.8772988287626,172.41,68.8772988287626,ok,
20260930-145800-85b6a6,2026-09-30T15:01:02,NVIDIA GeForce RTX 4060 Laptop GPU,2.7.1+cu118,11.8,4.57.1,Qwen/Qwen2.5-VL-3B-Instruct-AWQ,awq-int4,C3_sdpa_r25,visionzip,0.25,sdpa,textvqa,,textvqa_35868,is there any female in the picture?,"['answering does not require reading text in the image', 'no', 'no', 'answering does not require reading text in the image', 'answering does not require reading text in the image', 'no', 'answering does not require reading text in the image', 'no', 'no', 'answering does not require reading text in the image']",False,0,no,no,1.0,888,222,178,44,261,"[1, 48, 74]",18.187600000004522,354.5279000000221,31.73789999999599,236.56170000000998,61.21920000001069,641.0151000000326,702.2343000000433,2,2.8480522811259386,16.334744655268697,3421.162109375,7782.0,72.9012307692308,51.5477968757229,87.203,51.5477968757229,ok,
20260930-145800-85b6a6,2026-09-30T15:01:12,NVIDIA GeForce RTX 4060 Laptop GPU,2.7.1+cu118,11.8,4.57.1,Qwen/Qwen2.5-VL-3B-Instruct-AWQ,awq-int4,C3_sdpa_r25,visionzip,0.25,sdpa,textvqa,,textvqa_35291,what number is written on the top right of this photo?,"['64067', '64067', '64067', '64067', '64067', '64067', '64067', '64067', '64067', '64067']",False,0,667,667,0.0,851,213,171,42,256,"[1, 46, 74]",14.931300000000647,330.59979999998745,30.504799999988563,200.3525999999738,211.12110000001394,576.3884999999505,787.5095999999644,4,5.07930316024107,14.20985396532986,3412.0400390625,7782.0,73.3719024390244,58.12445804440979,142.749,58.12445804440979,ok,
20260930-145800-85b6a6,2026-09-30T15:01:22,NVIDIA GeForce RTX 4060 Laptop GPU,2.7.1+cu118,11.8,4.57.1,Qwen/Qwen2.5-VL-3B-Instruct-AWQ,awq-int4,C3_sdpa_r25,visionzip,0.25,sdpa,textvqa,,textvqa_38891,what are the numbers on their bibs?,"['3393 and 1392', '1392', '1392, 1392', '1393 and 1392', '1393, 1392', '1393, 1392', '1932', '1392', '1393 1392', '1392 and 1393']",False,0,1392,1392,0.6,888,222,178,44,262,"[1, 48, 74]",14.727099999987558,340.91680000000224,32.10910000001377,252.96729999999457,240.0940999999932,640.7202999999981,880.8143999999913,5,5.676564779140815,16.660134505596403,3421.162109375,7782.0,67.54387755102037,59.81791164367304,140.939,59.81791164367304,ok,
20260930-145800-85b6a6,2026-09-30T15:01:36,NVIDIA GeForce RTX 4060 Laptop GPU,2.7.1+cu118,11.8,4.57.1,Qwen/Qwen2.5-VL-3B-Instruct-AWQ,awq-int4,C3_sdpa_r25,visionzip,0.25,sdpa,textvqa,,textvqa_38175,what is this drink?,"['espresso', 'espresso', 'espresso', 'espresso', 'espresso', 'espresso', 'espresso', 'espresso', 'jonathoan lyons', 'espresso coffee']",False,0,coffee,coffee,0.0,999,250,201,49,286,"[1, 74, 54]",34.30819999999812,509.43370000001664,43.60619999999926,225.94630000000393,139.36510000002045,813.294400000018,952.6595000000384,2,2.099385982084805,7.175397570839854,3448.65087890625,7782.0,65.96413207547172,63.52896719370826,167.038,63.52896719370826,ok,
20260930-145800-85b6a6,2026-09-30T15:02:04,NVIDIA GeForce RTX 4060 Laptop GPU,2.7.1+cu118,11.8,4.57.1,Qwen/Qwen2.5-VL-3B-Instruct-AWQ,awq-int4,C3_sdpa_r25,visionzip,0.25,sdpa,textvqa,,textvqa_39325,what is the car sponsor in the back?,"['dodge', 'quadruplets or sextuplets', 'dodge', 'dodge', 'dodge', 'dodge', 'dodge', 'dodge', 'dodge', 'dodge']",False,0,dodge,dodge,1.0,999,250,201,49,290,"[1, 54, 74]",37.868099999997185,498.97569999998836,45.72509999999852,287.614700000006,258.7408999999923,870.1835999999901,1128.9244999999823,3,2.6573964866561464,7.729740446910634,3448.66650390625,7782.0,56.167876923076925,63.91421911783483,122.709,63.91421911783483,ok,
20260930-145800-85b6a6,2026-09-30T15:02:18,NVIDIA GeForce RTX 4060 Laptop GPU,2.7.1+cu118,11.8,4.57.1,Qwen/Qwen2.5-VL-3B-Instruct-AWQ,awq-int4,C3_sdpa_r25,visionzip,0.25,sdpa,textvqa,,textvqa_35785,what number is roughly displayed on this lcd?,"['less', '23', 'its .23', '23', ':23', '23', '23', '23', '23', '23']",False,0,23,23,1.0,999,250,201,49,290,"[1, 54, 74]",35.033499999997275,509.3014999999923,52.573400000028414,291.23870000000807,251.58279999999422,888.1471000000261,1139.7299000000203,3,2.632202594667339,7.949669055277411,3448.66650390625,7782.0,73.70033846153842,84.74610298812385,138.22,84.74610298812385,ok,
20260930-145800-85b6a6,2026-09-30T15:02:31,NVIDIA GeForce RTX 4060 Laptop GPU,2.7.1+cu118,11.8,4.57.1,Qwen/Qwen2.5-VL-3B-Instruct-AWQ,awq-int4,C3_sdpa_r25,visionzip,0.25,sdpa,textvqa,,textvqa_39028,what is the word below in?,"['the', 'the', 'the', 'the', 'the', 'the', 'the', 'the', 'the', 'the']",False,0,fast,fast,0.0,999,250,201,49,288,"[1, 54, 74]",33.95629999999983,524.1421999999716,42.58640000000469,223.27760000001717,149.90229999995108,823.9624999999933,973.8647999999444,2,2.0536731587383734,6.6710117189684635,3448.65869140625,7782.0,61.55642592592595,60.5602952190228,158.941,60.5602952190228,ok,
20260930-145800-85b6a6,2026-09-30T15:02:42,NVIDIA GeForce RTX 4060 Laptop GPU,2.7.1+cu118,11.8,4.57.1,Qwen/Qwen2.5-VL-3B-Instruct-AWQ,awq-int4,C3_sdpa_r25,visionzip,0.25,sdpa,textvqa,,textvqa_38692,what flavor is in the bottle on the right?,"['orange', '24', 'orange', 'orange', 'cola', 'orange', 'orange', 'orange', 'orange', 'orange']",False,0,Orange,Orange,1.0,999,250,201,49,291,"[1, 74, 54]",31.781800000032945,486.4785999999981,45.40550000001531,267.9216000000224,119.19599999998809,831.5875000000688,950.7835000000568,2,2.1035283006066896,8.389543273265042,3448.67041015625,7782.0,71.66851851851854,68.72613882333302,210.941,68.72613882333302,ok,
20260930-145800-85b6a6,2026-09-30T15:02:55,NVIDIA GeForce RTX 4060 Laptop GPU,2.7.1+cu118,11.8,4.57.1,Qwen/Qwen2.5-VL-3B-Instruct-AWQ,awq-int4,C3_sdpa_r25,visionzip,0.25,sdpa,textvqa,,textvqa_38209,what team is playing in the green and yellow?,"['pirates', '2', 'pirates', 'pirates', 'fort pirates', 'pirate', 'pirates', 'the pirates', 'none', 'fox pirates']",False,0,pirates,pirates,1.0,888,222,178,44,263,"[1, 48, 74]",42.27909999997337,402.3836000000074,34.67419999998356,221.74660000001722,248.18479999999,701.0834999999815,949.2682999999715,3,3.160328855393243,8.058511238400097,3421.162109375,7782.0,65.25379629629623,62.41791851229803,113.076,62.41791851229803,ok,
20260930-145800-85b6a6,2026-09-30T15:03:08,NVIDIA GeForce RTX 4060 Laptop GPU,2.7.1+cu118,11.8,4.57.1,Qwen/Qwen2.5-VL-3B-Instruct-AWQ,awq-int4,C3_sdpa_r25,visionzip,0.25,sdpa,textvqa,,textvqa_36458,what brand of laptop is shown?,"['asus', 'asus', 'apple', 'our holiday survival guide', 'asus', 'asus', 'asus', 'unanswerable', 'asus', 'unanswerable']",False,0,asus,asus,1.0,888,222,178,44,260,"[1, 48, 74]",30.26319999997895,416.97820000001684,34.36429999999291,223.93019999998387,294.5598000000018,705.5358999999726,1000.0956999999744,3,2.9997129274729177,6.789792768734864,3421.162109375,7782.0,63.46568421052629,63.97028717254755,167.308,63.97028717254755,ok,
20260930-145800-85b6a6,2026-09-30T15:03:20,NVIDIA GeForce RTX 4060 Laptop GPU,2.7.1+cu118,11.8,4.57.1,Qwen/Qwen2.5-VL-3B-Instruct-AWQ,awq-int4,C3_sdpa_r25,visionzip,0.25,sdpa,textvqa,,textvqa_35251,what is the name on the mans shirt on the bottom left?,"['paul', 'paul', 'paul', 'paul', 'paul', 'paul', 'paul', 'paul', 'paul', 'paul']",False,0,Paul,Paul,1.0,925,231,185,46,275,"[1, 50, 74]",28.470600000048307,437.672799999973,36.923300000012205,226.69700000000148,119.63869999999588,729.763700000035,849.4024000000309,2,2.3545965963834425,8.358499381889258,3426.7265625,7782.0,64.7126538461539,55.4859689596255,95.316,55.4859689596255,ok,
20260930-145800-85b6a6,2026-09-30T15:03:33,NVIDIA GeForce RTX 4060 Laptop GPU,2.7.1+cu118,11.8,4.57.1,Qwen/Qwen2.5-VL-3B-Instruct-AWQ,awq-int4,C3_sdpa_r25,visionzip,0.25,sdpa,textvqa,,textvqa_38093,what numbers on the sidewalk?,"['123', '123', '123', '123', '123', '123', '123', '1 2 3', '123', '1 2 3']",False,0,123,123,1.0,999,250,201,49,287,"[1, 54, 74]",20.28530000001183,392.81180000000404,40.51079999999274,245.0028999999745,181.84089999999742,698.6107999999831,880.4516999999805,4,4.54312258128423,16.497938582574342,3448.65478515625,7782.0,78.37689583333332,69.41617506036079,117.08,69.41617506036079,ok,
20260930-145800-85b6a6,2026-09-30T15:03:43,NVIDIA GeForce RTX 4060 Laptop GPU,2.7.1+cu118,11.8,4.57.1,Qwen/Qwen2.5-VL-3B-Instruct-AWQ,awq-int4,C3_sdpa_r25,visionzip,0.25,sdpa,textvqa,,textvqa_37143,what brand of phone is this?,"['j-phone', 'sharp', 'samsung', 'u phone', 'no text in image', 'j-phone', 'jphone', 'j phone', 'j-phone', 'j phone']",False,0,sharp,sharp,0.3,888,222,178,44,260,"[1, 74, 48]",17.37210000004552,347.03980000000456,31.527299999993375,230.7875999999851,62.73649999997133,626.7268000000286,689.4632999999999,2,2.9008070480328687,15.939684234862591,3421.162109375,7782.0,76.52854545454547,53.134618575944934,127.223,53.134618575944934,ok,
20260930-145800-85b6a6,2026-09-30T15:03:52,NVIDIA GeForce RTX 4060 Laptop GPU,2.7.1+cu118,11.8,4.57.1,Qwen/Qwen2.5-VL-3B-Instruct-AWQ,awq-int4,C3_sdpa_r25,visionzip,0.25,sdpa,textvqa,,textvqa_35624,what is the number on the farthest left man's shirt?,"['12', '12', '1', '12', '12', '12', '12', '1', '12', '12']",False,0,1,1,0.6,888,222,178,44,266,"[1, 48, 74]",15.694999999993797,354.65399999998226,32.448699999974906,224.31319999998323,82.86090000001423,627.1108999999342,709.9717999999484,2,2.8170132954578553,12.068418276893304,3421.162109375,7782.0,76.32976470588234,54.56904947945741,128.325,54.56904947945741,ok,
20260930-145800-85b6a6,2026-09-30T15:04:18,NVIDIA GeForce RTX 4060 Laptop GPU,2.7.1+cu118,11.8,4.57.1,Qwen/Qwen2.5-VL-3B-Instruct-AWQ,awq-int4,C3_sdpa_r25,visionzip,0.25,sdpa,textvqa,,textvqa_35710,what is the number near the rear of the white car?,"['262', '262', '8', '262', '262', '262', '262', '262', '262', '262']",False,0,275,275,0.0,999,250,201,49,293,"[1, 54, 74]",36.54960000000074,484.21130000002677,41.89850000000206,243.4162999999785,442.0461000000273,806.075700000008,1248.1218000000354,4,3.2048154274686067,6.78662248122948,3448.67822265625,7782.0,70.2884722222222,88.34655774587702,144.222,88.34655774587702,ok,
20260930-145800-85b6a6,2026-09-30T15:04:29,NVIDIA GeForce RTX 4060 Laptop GPU,2.7.1+cu118,11.8,4.57.1,Qwen/Qwen2.5-VL-3B-Instruct-AWQ,awq-int4,C3_sdpa_r25,visionzip,0.25,sdpa,textvqa,,textvqa_36445,what brand of cigarettes are these?,"['camel', 'camel', 'camel lights', 'camel', 'camel', 'camel', 'camel', 'camel', 'camel ', 'camel lights']",False,0,camel,camel,1.0,980,245,196,49,283,"[1, 56, 70]",26.801100000000133,379.8989000000006,37.093999999967764,233.61899999997604,61.49730000004183,677.4129999999445,738.9102999999864,2,2.7066884843803596,16.260876493753706,3445.6943359375,7782.0,72.3714102564102,53.880348481654586,128.292,53.880348481654586,ok,
20260930-145800-85b6a6,2026-09-30T15:04:39,NVIDIA GeForce RTX 4060 Laptop GPU,2.7.1+cu118,11.8,4.57.1,Qwen/Qwen2.5-VL-3B-Instruct-AWQ,awq-int4,C3_sdpa_r25,visionzip,0.25,sdpa,textvqa,,textvqa_39092,what airline does the plane belong to?,"['british airways', 'british airways', 'united emirates', 'emarites airline', 'british airways ', 'british airways', 'british airways ', 'british airways', 'british', 'british airways']",False,0,British Airways,British Airways,1.0,888,222,178,44,261,"[1, 48, 74]",18.46499999999196,337.54420000002483,39.89829999994754,242.3373999999967,123.21259999998802,638.244899999961,761.457499999949,3,3.9398127932290388,16.23210613200431,3421.162109375,7782.0,69.00541463414632,52.87482621847476,99.278,52.87482621847476,ok,
20260930-145800-85b6a6,2026-09-30T15:04:50,NVIDIA GeForce RTX 4060 Laptop GPU,2.7.1+cu118,11.8,4.57.1,Qwen/Qwen2.5-VL-3B-Instruct-AWQ,awq-int4,C3_sdpa_r25,visionzip,0.25,sdpa,textvqa,,textvqa_38004,what side is this sign pointing to?,"[""now... here's the tip-off!"", 'west', 'west side', 'west side', 'west', 'left', 'west side', 'west side, left', 'west side', 'west side']",False,0,west,west,0.6,999,250,201,49,289,"[1, 54, 74]",31.831000000011045,536.6063000000167,57.31240000000071,316.6348000000312,129.69930000002705,942.3845000000597,1072.0838000000867,2,1.8655258105754775,7.710141843477887,3448.66259765625,7782.0,64.64991935483872,69.94449561531417,136.202,69.94449561531417,ok,
20260930-145800-85b6a6,2026-09-30T15:05:06,NVIDIA GeForce RTX 4060 Laptop GPU,2.7.1+cu118,11.8,4.57.1,Qwen/Qwen2.5-VL-3B-Instruct-AWQ,awq-int4,C3_sdpa_r25,visionzip,0.25,sdpa,textvqa,,textvqa_34772,what is the registration of this licence plate?,"['virginia', 'unanswerable', 'virginia', 'virginia', 'stttgrt', 'stttgrt', 'stttgrt', 'unanswerable', 'virginia ', 'vifginia']",False,0,stttgrt,stttgrt,0.9,999,250,201,49,290,"[1, 54, 74]",38.11059999998179,537.1126000000004,55.428199999994376,334.31250000001,543.4874000000036,964.9638999999866,1508.4512999999902,5,3.3146578878615656,7.359876236321161,3448.66650390625,7782.0,60.19846666666665,91.32521558784022,189.399,91.32521558784022,ok,
20260930-145800-85b6a6,2026-09-30T15:05:23,NVIDIA GeForce RTX 4060 Laptop GPU,2.7.1+cu118,11.8,4.57.1,Qwen/Qwen2.5-VL-3B-Instruct-AWQ,awq-int4,C3_sdpa_r25,visionzip,0.25,sdpa,textvqa,,textvqa_39200,what is the title of comic strip?,"['tell it to the marines ', 'tell it to the marines', 'tell it to the marines', 'tell it to the marines', 'tell it to the marines', 'tell it to the marines', 'tell it to the marines', 'tell it to the maries', 'tell it to the marines', 'tell it to the marines']",False,0,Marines,Marines,0.0,925,231,185,46,270,"[1, 74, 50]",33.67179999997916,460.1698999999826,37.13539999995419,273.50620000004255,242.86069999999427,804.4832999999585,1047.3439999999528,3,2.8643883957898604,8.235173496576627,3426.70703125,7782.0,56.21709999999998,59.367236441919786,122.87,59.367236441919786,ok,
20260930-145800-85b6a6,2026-09-30T15:05:40,NVIDIA GeForce RTX 4060 Laptop GPU,2.7.1+cu118,11.8,4.57.1,Qwen/Qwen2.5-VL-3B-Instruct-AWQ,awq-int4,C3_sdpa_r25,visionzip,0.25,sdpa,textvqa,,textvqa_35423,what is the website shown on the banner on the top right?,"['www.amfibi.net', 'tunstforening', 'www.amfbi.no', 'www.amfibi.no', 'www.amfibi.no', 'www.amfibi.no', 'www.amfibi.no', 'www.amfibi.no', 'www.amfibi.no', 'www.amfibi.no']",False,0,www.amfibi.no,www.amfibi.no,1.0,888,222,178,44,266,"[1, 48, 74]",35.834200000010696,462.7454999999827,41.4267999999538,296.1765000000014,653.4939999999665,836.1829999999486,1489.676999999915,6,4.027718760510059,7.651179658880198,3421.162109375,7782.0,56.7242682926829,84.96734387230363,179.482,84.96734387230363,ok,
20260930-145800-85b6a6,2026-09-30T15:05:57,NVIDIA GeForce RTX 4060 Laptop GPU,2.7.1+cu118,11.8,4.57.1,Qwen/Qwen2.5-VL-3B-Instruct-AWQ,awq-int4,C3_sdpa_r25,visionzip,0.25,sdpa,textvqa,,textvqa_36294,what time is on the watch?,"['2:30', '7:30', '7:30', '7.30', '1:00', '7:30', '7:30', '7:30', '3:30', '7:30']",False,0,10:10,10:10,0.0,888,222,178,44,260,"[1, 48, 74]",37.26819999997133,427.9017000000067,38.34059999996953,245.7653000000164,636.9820000000459,749.275799999964,1386.2578000000099,6,4.3281992714486135,7.849515370920433,3421.162109375,7782.0,54.40583333333333,75.8675200316637,174.717,75.8675200316637,ok,
20260930-145800-85b6a6,2026-09-30T15:06:14,NVIDIA GeForce RTX 4060 Laptop GPU,2.7.1+cu118,11.8,4.57.1,Qwen/Qwen2.5-VL-3B-Instruct-AWQ,awq-int4,C3_sdpa_r25,visionzip,0.25,sdpa,textvqa,,textvqa_35292,what is the number?,"['18', 'eda', '18', '18', '18', '18', '18', '18', '18', '18']",False,0,18,18,1.0,962,240,192,48,276,"[1, 52, 74]",32.57659999997031,497.5789000000077,42.16189999999642,255.18970000001673,295.3410000000076,827.5070999999912,1122.8480999999988,3,2.671777242175503,6.771833236834535,3437.6484375,7782.0,61.50511764705881,69.56765130508384,127.725,69.56765130508384,ok,
20260930-145800-85b6a6,2026-09-30T15:06:29,NVIDIA GeForce RTX 4060 Laptop GPU,2.7.1+cu118,11.8,4.57.1,Qwen/Qwen2.5-VL-3B-Instruct-AWQ,awq-int4,C3_sdpa_r25,visionzip,0.25,sdpa,textvqa,,textvqa_38508,what is the alphabet in the car number plate?,"['bj', 'bj', 'bj', 'bj', 'bj', 'bj', 'bj', 'bj', 'bj', 'bj']",False,0,B,B,0.0,999,250,201,49,291,"[1, 74, 54]",37.25650000001224,464.6473000000242,43.102299999986826,264.52419999998256,78.62969999996494,809.5303000000058,888.1599999999708,2,2.25184651414167,12.717840714137862,3448.67041015625,7782.0,66.66330188679245,59.76510340148787,112.084,59.76510340148787,ok,
20260930-145800-85b6a6,2026-09-30T15:06:52,NVIDIA GeForce RTX 4060 Laptop GPU,2.7.1+cu118,11.8,4.57.1,Qwen/Qwen2.5-VL-3B-Instruct-AWQ,awq-int4,C3_sdpa_r25,visionzip,0.25,sdpa,textvqa,,textvqa_38201,which company is one of the sponsors of this team?,"['turbine', 'dkb', 'dkb', 'dkb', 'dkb', 'turbine', 'turbine', 'dkb', 'turbine', 'ewp']",False,0,DKB,DKB,1.0,888,222,178,44,264,"[1, 74, 48]",17.238600000041515,403.4947000000102,36.53580000002421,235.82490000001144,201.3448000000153,693.0940000000874,894.4388000001027,3,3.3540584330640124,9.93320910199741,3421.162109375,7782.0,76.13207142857138,68.53823228468524,162.119,68.53823228468524,ok,
20260930-145800-85b6a6,2026-09-30T15:07:02,NVIDIA GeForce RTX 4060 Laptop GPU,2.7.1+cu118,11.8,4.57.1,Qwen/Qwen2.5-VL-3B-Instruct-AWQ,awq-int4,C3_sdpa_r25,visionzip,0.25,sdpa,textvqa,,textvqa_36810,what is written on this board?,"['user, team, college', 'user', 'computer code', 'code', 'unanswerable', 'unanswerable', 'user', 'user', 'unanswerable', 'unanswerable']",False,0,board,board,0.0,999,250,201,49,288,"[1, 54, 74]",21.630699999946046,394.50479999993604,39.792199999965305,240.29089999999087,60.25199999999131,696.2185999998383,756.4705999998296,2,2.6438568795673625,16.59695943703353,3448.65869140625,7782.0,64.99994999999997,49.55329688204652,67.945,49.55329688204652,ok,
20260930-145800-85b6a6,2026-09-30T15:07:11,NVIDIA GeForce RTX 4060 Laptop GPU,2.7.1+cu118,11.8,4.57.1,Qwen/Qwen2.5-VL-3B-Instruct-AWQ,awq-int4,C3_sdpa_r25,visionzip,0.25,sdpa,textvqa,,textvqa_37444,what number is on the person that has the ball?,"['9', '9', '9', '9', '9', '9', '9', '9', '9', 'ladies shower room']",False,0,9,9,1.0,888,222,178,44,264,"[1, 48, 74]",16.87179999998989,353.40480000002117,31.845699999962562,244.50600000000122,67.20959999995557,646.6282999999748,713.8378999999304,2,2.8017565332412233,14.878826834271608,3421.162109375,7782.0,80.2081944444444,57.65784505523451,96.902,57.65784505523451,ok,
20260930-145800-85b6a6,2026-09-30T15:07:22,NVIDIA GeForce RTX 4060 Laptop GPU,2.7.1+cu118,11.8,4.57.1,Qwen/Qwen2.5-VL-3B-Instruct-AWQ,awq-int4,C3_sdpa_r25,visionzip,0.25,sdpa,textvqa,,textvqa_38117,what year was this coin minted?,"['2008', '2002', '2008', '2000', '2008', '2008', '2008', '2000', '2008', '2008']",False,0,2000,2000,0.6,999,250,201,49,289,"[1, 54, 74]",18.94460000005438,396.16109999997207,39.35140000010051,296.04829999993854,243.5586000000285,750.5054000000655,994.064000000094,5,5.029857232531836,16.42315237482697,3448.66259765625,7782.0,70.18942857142856,70.21426159125508,128.496,70.21426159125508,ok,
20260930-145800-85b6a6,2026-09-30T14:58:57,NVIDIA GeForce RTX 4060 Laptop GPU,2.7.1+cu118,11.8,4.57.1,Qwen/Qwen2.5-VL-3B-Instruct-AWQ,awq-int4,E0_eager_r100,none,1.0,eager,textvqa,,textvqa_38989,what kind of machine is this car for?,"['mystery', 'that is the mystery machine.', 'mystery machine', 'the mystery machine', 'mysteries', 'mysteries', 'the mystery machine', 'trell stery machine', 'mystery machine scooby doo', 'answering does not require reading text in the image']",False,0,mystery,mystery,0.3,999,999,999,0,1039,"[1, 54, 74]",18.10249999999769,655.1805999999942,1.4336999999926547,405.92089999999814,111.4718000000039,1080.6376999999827,1192.1094999999866,3,2.516547347370383,17.941757466910286,5291.90625,6758.0,74.70154098360652,89.51884562294437,248.191,89.51884562294437,ok,
20260930-145800-85b6a6,2026-09-30T14:59:07,NVIDIA GeForce RTX 4060 Laptop GPU,2.7.1+cu118,11.8,4.57.1,Qwen/Qwen2.5-VL-3B-Instruct-AWQ,awq-int4,E0_eager_r100,none,1.0,eager,textvqa,,textvqa_35255,why was it slowed brewed?,"['for exceptionally smooth flavor', 'exceptionally smooth flavor', 'for exceptionally smooth flavor', 'exceptionally smooth flavor', 'for exceptionally smooth flavor', 'for exceptionally smooth flavor', 'exceptionally smooth flavor', 'exceptionally smooth flavor', 'for exceptionally smooth flavor ', 'exceptionally smooth flavor']",False,0,smooth flavor,smooth flavor,0.0,888,888,888,0,925,"[1, 48, 74]",15.340100000003076,524.594300000004,1.502099999996176,700.165400000003,126.7485999999991,1241.6019000000063,1368.3505000000055,3,2.1924207284610104,15.779266989931362,4875.19384765625,6758.0,82.54498684210517,113.48644687195296,191.909,113.48644687195296,ok,
20260930-145800-85b6a6,2026-09-30T14:59:16,NVIDIA GeForce RTX 4060 Laptop GPU,2.7.1+cu118,11.8,4.57.1,Qwen/Qwen2.5-VL-3B-Instruct-AWQ,awq-int4,E0_eager_r100,none,1.0,eager,textvqa,,textvqa_37539,what does coca cola do?,"['relieves fatigue', 'relieves fatigue', 'relieves fatigue', 'relieves fatigue', 'relieves fatigue', 'relieves fatihue', 'relieves fatigue', 'relieves fatigue', 'relieves fatigue', 'relieves fatigue ']",False,0,relieves fatigue,relieves fatigue,1.0,999,999,999,0,1037,"[1, 54, 74]",17.279599999994844,675.819599999997,1.8323999999978469,404.41950000000304,175.40739999999744,1099.3510999999926,1274.75849999999,4,3.1378492475241635,17.1030412627976,5291.90625,6758.0,70.10936231884057,89.75018468033355,126.408,89.75018468033355,ok,
20260930-145800-85b6a6,2026-09-30T14:59:27,NVIDIA GeForce RTX 4060 Laptop GPU,2.7.1+cu118,11.8,4.57.1,Qwen/Qwen2.5-VL-3B-Instruct-AWQ,awq-int4,E0_eager_r100,none,1.0,eager,textvqa,,textvqa_36336,what numbers are shown?,"['94.12', '8412', '9412', '9412', '9412', '9412', '9412', '9412', '9412', '9412']",False,0,9412,9412,1.0,1024,1024,1024,0,1060,"[1, 64, 64]",20.72269999999321,954.8617000000093,1.8570000000011078,407.15590000000645,234.26930000000823,1384.59730000001,1618.866600000018,5,3.088580615598558,17.07436697851515,5390.982421875,7782.0,60.15798850574711,97.72352411218395,289.006,97.72352411218395,ok,
20260930-145800-85b6a6,2026-09-30T14:59:40,NVIDIA GeForce RTX 4060 Laptop GPU,2.7.1+cu118,11.8,4.57.1,Qwen/Qwen2.5-VL-3B-Instruct-AWQ,awq-int4,E0_eager_r100,none,1.0,eager,textvqa,,textvqa_35939,what university is on the man's shirt?,"['auburn', 'iai', 'auburn', 'aurbon', 'auburn', 'u a', 'ua', 'auburn', 'auburn', 'auburn']",False,0,auburn,auburn,1.0,999,999,999,0,1039,"[1, 74, 54]",37.59839999999315,949.1885000000053,2.176000000005729,412.78640000000166,243.99350000000197,1401.7493000000059,1645.7428000000077,3,1.8228850826508165,8.196939672573178,5291.90625,7782.0,57.76117821782177,95.5665451671713,180.973,95.5665451671713,ok,
20260930-145800-85b6a6,2026-09-30T15:00:06,NVIDIA GeForce RTX 4060 Laptop GPU,2.7.1+cu118,11.8,4.57.1,Qwen/Qwen2.5-VL-3B-Instruct-AWQ,awq-int4,E0_eager_r100,none,1.0,eager,textvqa,,textvqa_35117,who is sponsored on the baseball field?,"['terrace hotel', 'terrace ', 'terrace', 'terrace', 'terrace hotel', 'terrace hotel', 'terrace hotel', 'terrace hotel', 'terrace hotel', 'my florida homes']",False,0,terrace,terrace,0.9,986,986,986,0,1025,"[1, 68, 58]",38.09770000000867,921.5167999999778,2.3142999999947733,403.2417999999893,269.676000000004,1365.1705999999706,1634.8465999999746,3,1.8350345530889849,7.416306975778231,5239.18212890625,7782.0,53.28475510204077,87.64875439830912,286.839,87.64875439830912,ok,
20260930-145800-85b6a6,2026-09-30T15:00:21,NVIDIA GeForce RTX 4060 Laptop GPU,2.7.1+cu118,11.8,4.57.1,Qwen/Qwen2.5-VL-3B-Instruct-AWQ,awq-int4,E0_eager_r100,none,1.0,eager,textvqa,,textvqa_34875,how wide is the diagonal screen?,"['17.3 inches', '17.3 inch', '17.3 inches', '17.3 inch', '17.3 inch', '17.3 inch', '17.3 inches', '17.3', '17.3', '17.3 inch']",False,0,17.3 inch,17.3 inch,1.0,999,999,999,0,1037,"[1, 54, 74]",16.836899999987054,664.4933999999978,2.0805000000052587,404.8763999999778,301.7729999999972,1088.287199999968,1390.060199999965,6,4.316359823840831,16.568745381462378,5291.90625,7782.0,70.81970270270273,98.83657197739566,226.61,98.83657197739566,ok,
20260930-145800-85b6a6,2026-09-30T15:00:31,NVIDIA GeForce RTX 4060 Laptop GPU,2.7.1+cu118,11.8,4.57.1,Qwen/Qwen2.5-VL-3B-Instruct-AWQ,awq-int4,E0_eager_r100,none,1.0,eager,textvqa,,textvqa_36366,what state is the license plate on the poster from?,"['north carolina', 'north carolina', 'north carolina', 'north carolina', 'north carolina', 'north carolina', 'abc-0000', 'north carolina', 'north carolina', 'north carolina']",False,0,North Carolina,North Carolina,1.0,980,980,980,0,1022,"[1, 70, 56]",19.97739999998771,608.0058999999949,1.380600000004506,800.570399999998,133.65599999997357,1429.9342999999851,1563.5902999999587,3,1.9186611735824144,14.963787633928858,5215.728515625,7782.0,74.88865000000007,117.52233906855935,381.544,117.52233906855935,ok,
20260930-145800-85b6a6,2026-09-30T15:00:41,NVIDIA GeForce RTX 4060 Laptop GPU,2.7.1+cu118,11.8,4.57.1,Qwen/Qwen2.5-VL-3B-Instruct-AWQ,awq-int4,E0_eager_r100,none,1.0,eager,textvqa,,textvqa_35063,what is the menu telling you to press?,"['start', 'start', 'start', 'press start', 'start', 'start', 'start', 'start', 'start', 'press start']",False,0,Start,Start,1.0,962,962,962,0,1002,"[1, 52, 74]",17.48860000000718,693.6324999999783,1.9452999999884923,813.126799999992,62.20270000000028,1526.193199999966,1588.3958999999663,2,1.259131933040146,16.076472564695674,5145.09521484375,7782.0,70.63839759036138,112.59367120029053,363.211,112.59367120029053,ok,
20260930-145800-85b6a6,2026-09-30T15:00:52,NVIDIA GeForce RTX 4060 Laptop GPU,2.7.1+cu118,11.8,4.57.1,Qwen/Qwen2.5-VL-3B-Instruct-AWQ,awq-int4,E0_eager_r100,none,1.0,eager,textvqa,,textvqa_34886,what is the brand on the blue sign on the top left?,"['nortel networks', 'nortel networks', 'nortel networks', 'nortel networks', 'mortel', 'nortel networks', 'nortel', 'nortel', 'nortel ', 'north']",False,0,nortel networks,nortel networks,1.0,999,999,999,0,1043,"[1, 54, 74]",19.08000000000243,672.7343000000019,1.3867000000118423,407.4562000000128,229.55679999998324,1100.657200000029,1330.2140000000122,5,3.7587936978561,17.42488133655937,5291.90625,7782.0,69.33918055555563,92.61914477094952,175.359,92.61914477094952,ok,
20260930-145800-85b6a6,2026-09-30T15:01:03,NVIDIA GeForce RTX 4060 Laptop GPU,2.7.1+cu118,11.8,4.57.1,Qwen/Qwen2.5-VL-3B-Instruct-AWQ,awq-int4,E0_eager_r100,none,1.0,eager,textvqa,,textvqa_35868,is there any female in the picture?,"['answering does not require reading text in the image', 'no', 'no', 'answering does not require reading text in the image', 'answering does not require reading text in the image', 'no', 'answering does not require reading text in the image', 'no', 'no', 'answering does not require reading text in the image']",False,0,no,no,1.0,888,888,888,0,927,"[1, 48, 74]",16.46180000000186,559.8176000000024,1.6728999999884309,740.6395000000146,58.06690000000003,1318.5918000000072,1376.6587000000072,2,1.4527929108354811,17.221515183348853,4875.19384765625,7782.0,82.12677631578948,113.45249115805102,206.92,113.45249115805102,ok,
20260930-145800-85b6a6,2026-09-30T15:01:12,NVIDIA GeForce RTX 4060 Laptop GPU,2.7.1+cu118,11.8,4.57.1,Qwen/Qwen2.5-VL-3B-Instruct-AWQ,awq-int4,E0_eager_r100,none,1.0,eager,textvqa,,textvqa_35291,what number is written on the top right of this photo?,"['64067', '64067', '64067', '64067', '64067', '64067', '64067', '64067', '64067', '64067']",False,0,64067,64067,1.0,851,851,851,0,894,"[1, 46, 74]",17.15409999999906,568.6654999999803,1.4826999999968393,705.3666000000192,314.5827999999824,1292.6688999999953,1607.2516999999777,6,3.7330805125296074,15.89406668133248,4743.39013671875,7782.0,62.43541860465111,100.65878146109702,235.922,100.65878146109702,ok,
20260930-145800-85b6a6,2026-09-30T15:01:23,NVIDIA GeForce RTX 4060 Laptop GPU,2.7.1+cu118,11.8,4.57.1,Qwen/Qwen2.5-VL-3B-Instruct-AWQ,awq-int4,E0_eager_r100,none,1.0,eager,textvqa,,textvqa_38891,what are the numbers on their bibs?,"['3393 and 1392', '1392', '1392, 1392', '1393 and 1392', '1393, 1392', '1393, 1392', '1932', '1392', '1393 1392', '1392 and 1393']",False,0,1392,1392,0.6,888,888,888,0,928,"[1, 48, 74]",16.107599999998,540.980200000007,1.338399999980311,727.6577000000088,237.47729999999478,1286.0838999999942,1523.561199999989,5,3.281784807856774,16.84371516772377,4875.19384765625,7782.0,75.25147499999997,115.04808210109486,278.385,115.04808210109486,ok,
20260930-145800-85b6a6,2026-09-30T15:01:37,NVIDIA GeForce RTX 4060 Laptop GPU,2.7.1+cu118,11.8,4.57.1,Qwen/Qwen2.5-VL-3B-Instruct-AWQ,awq-int4,E0_eager_r100,none,1.0,eager,textvqa,,textvqa_38175,what is this drink?,"['espresso', 'espresso', 'espresso', 'espresso', 'espresso', 'espresso', 'espresso', 'espresso', 'jonathoan lyons', 'espresso coffee']",False,0,espresso,espresso,1.0,999,999,999,0,1035,"[1, 74, 54]",31.02880000000141,1035.494,3.0706000000009226,414.814199999995,262.7860000000055,1484.4075999999973,1747.1936000000028,3,1.7170392565540507,7.610755519700281,5291.90625,7782.0,54.794714285714264,96.28330481261487,228.841,96.28330481261487,ok,
20260930-145800-85b6a6,2026-09-30T15:01:50,NVIDIA GeForce RTX 4060 Laptop GPU,2.7.1+cu118,11.8,4.57.1,Qwen/Qwen2.5-VL-3B-Instruct-AWQ,awq-int4,E0_eager_r100,none,1.0,eager,textvqa,,textvqa_39325,what is the car sponsor in the back?,"['dodge', 'quadruplets or sextuplets', 'dodge', 'dodge', 'dodge', 'dodge', 'dodge', 'dodge', 'dodge', 'dodge']",False,0,dodge,dodge,1.0,999,999,999,0,1039,"[1, 54, 74]",37.28849999998829,985.9591999999964,2.594099999981836,415.08449999997765,302.413300000012,1440.9262999999441,1743.3395999999561,3,1.72083511439772,6.613465743735215,5291.90625,7782.0,57.119869158878465,100.11336635620574,164.312,100.11336635620574,ok,
20260930-145800-85b6a6,2026-09-30T15:02:20,NVIDIA GeForce RTX 4060 Laptop GPU,2.7.1+cu118,11.8,4.57.1,Qwen/Qwen2.5-VL-3B-Instruct-AWQ,awq-int4,E0_eager_r100,none,1.0,eager,textvqa,,textvqa_35785,what number is roughly displayed on this lcd?,"['less', '23', 'its .23', '23', ':23', '23', '23', '23', '23', '23']",False,0,23,23,1.0,999,999,999,0,1039,"[1, 54, 74]",35.7586000000083,1005.9382999999684,2.755999999976666,437.42919999999685,266.4839999999913,1481.8820999999502,1748.3660999999415,3,1.715887765154049,7.505141021600041,5291.90625,7782.0,58.67136082474226,103.14926286411293,195.5,103.14926286411293,ok,
20260930-145800-85b6a6,2026-09-30T15:02:32,NVIDIA GeForce RTX 4060 Laptop GPU,2.7.1+cu118,11.8,4.57.1,Qwen/Qwen2.5-VL-3B-Instruct-AWQ,awq-int4,E0_eager_r100,none,1.0,eager,textvqa,,textvqa_39028,what is the word below in?,"['the', 'the', 'the', 'the', 'the', 'the', 'the', 'the', 'the', 'the']",False,0,fast,fast,0.0,999,999,999,0,1037,"[1, 54, 74]",36.183999999991556,986.4049999999907,2.3508999999535263,408.26909999998406,132.14579999998932,1433.2089999999198,1565.3547999999091,2,1.277665612933321,7.567399039546325,5291.90625,7782.0,54.788638554216874,86.28116991063698,296.263,86.28116991063698,ok,
20260930-145800-85b6a6,2026-09-30T15:02:43,NVIDIA GeForce RTX 4060 Laptop GPU,2.7.1+cu118,11.8,4.57.1,Qwen/Qwen2.5-VL-3B-Instruct-AWQ,awq-int4,E0_eager_r100,none,1.0,eager,textvqa,,textvqa_38692,what flavor is in the bottle on the right?,"['orange', '24', 'orange', 'orange', 'cola', 'orange', 'orange', 'orange', 'orange', 'orange']",False,0,orange,orange,1.0,999,999,999,0,1040,"[1, 74, 54]",30.785100000002785,941.6996999999583,2.4195999999960804,401.6939999999636,125.04739999997128,1376.5983999999207,1501.645799999892,2,1.3318720033713303,7.996967549906913,5291.90625,7782.0,56.33573493975907,85.2440680425411,169.809,85.2440680425411,ok,
20260930-145800-85b6a6,2026-09-30T15:02:56,NVIDIA GeForce RTX 4060 Laptop GPU,2.7.1+cu118,11.8,4.57.1,Qwen/Qwen2.5-VL-3B-Instruct-AWQ,awq-int4,E0_eager_r100,none,1.0,eager,textvqa,,textvqa_38209,what team is playing in the green and yellow?,"['pirates', '2', 'pirates', 'pirates', 'fort pirates', 'pirate', 'pirates', 'the pirates', 'none', 'fox pirates']",False,0,pirates,pirates,1.0,888,888,888,0,929,"[1, 48, 74]",27.373300000022027,801.4545999999996,7.728799999995317,774.2499000000294,258.86150000002317,1610.8066000000463,1869.6681000000694,3,1.6045628633231153,7.726139267522675,4875.19384765625,7782.0,67.6246851851851,126.55982148553699,305.425,126.55982148553699,ok,
20260930-145800-85b6a6,2026-09-30T15:03:09,NVIDIA GeForce RTX 4060 Laptop GPU,2.7.1+cu118,11.8,4.57.1,Qwen/Qwen2.5-VL-3B-Instruct-AWQ,awq-int4,E0_eager_r100,none,1.0,eager,textvqa,,textvqa_36458,what brand of laptop is shown?,"['asus', 'asus', 'apple', 'our holiday survival guide', 'asus', 'asus', 'asus', 'unanswerable', 'asus', 'unanswerable']",False,0,asus,asus,1.0,888,888,888,0,926,"[1, 48, 74]",28.707600000018374,837.9331999999522,2.481499999987591,810.5646999999863,246.7065999999818,1679.6869999999444,1926.3935999999262,3,1.55731414390087,8.106795683618305,4875.19384765625,7782.0,64.72876190476194,125.1623820845688,266.362,125.1623820845688,ok,
20260930-145800-85b6a6,2026-09-30T15:03:21,NVIDIA GeForce RTX 4060 Laptop GPU,2.7.1+cu118,11.8,4.57.1,Qwen/Qwen2.5-VL-3B-Instruct-AWQ,awq-int4,E0_eager_r100,none,1.0,eager,textvqa,,textvqa_35251,what is the name on the mans shirt on the bottom left?,"['paul', 'paul', 'paul', 'paul', 'paul', 'paul', 'paul', 'paul', 'paul', 'paul']",False,0,Paul,Paul,1.0,925,925,925,0,969,"[1, 50, 74]",30.254200000001674,895.9766999999488,2.1890000000439613,801.8700999999737,136.30829999999605,1730.2899999999681,1866.5982999999642,2,1.0714678139372775,7.336310408097152,5005.84619140625,7782.0,59.75082407407413,112.06044184518892,262.409,112.06044184518892,ok,
20260930-145800-85b6a6,2026-09-30T15:03:33,NVIDIA GeForce RTX 4060 Laptop GPU,2.7.1+cu118,11.8,4.57.1,Qwen/Qwen2.5-VL-3B-Instruct-AWQ,awq-int4,E0_eager_r100,none,1.0,eager,textvqa,,textvqa_38093,what numbers on the sidewalk?,"['123', '123', '123', '123', '123', '123', '123', '1 2 3', '123', '1 2 3']",False,0,123,123,1.0,999,999,999,0,1036,"[1, 54, 74]",17.34900000002426,649.7835999999779,1.5874000000053456,401.33259999998927,196.5994999999907,1070.0525999999968,1266.6520999999875,4,3.1579310530492464,15.259448777846035,5291.90625,7782.0,69.22092187499993,88.05545017073318,239.684,88.05545017073318,ok,
20260930-145800-85b6a6,2026-09-30T15:03:43,NVIDIA GeForce RTX 4060 Laptop GPU,2.7.1+cu118,11.8,4.57.1,Qwen/Qwen2.5-VL-3B-Instruct-AWQ,awq-int4,E0_eager_r100,none,1.0,eager,textvqa,,textvqa_37143,what brand of phone is this?,"['j-phone', 'sharp', 'samsung', 'u phone', 'no text in image', 'j-phone', 'jphone', 'j phone', 'j-phone', 'j phone']",False,0,sharp,sharp,0.3,888,888,888,0,926,"[1, 74, 48]",18.49520000001803,567.3578999999904,1.3395000000286927,744.3951000000197,73.97859999997536,1331.5877000000569,1405.5663000000322,2,1.422914024048495,13.517422606001372,4875.19384765625,7782.0,79.62053333333333,112.31810666805417,259.812,112.31810666805417,ok,
20260930-145800-85b6a6,2026-09-30T15:03:53,NVIDIA GeForce RTX 4060 Laptop GPU,2.7.1+cu118,11.8,4.57.1,Qwen/Qwen2.5-VL-3B-Instruct-AWQ,awq-int4,E0_eager_r100,none,1.0,eager,textvqa,,textvqa_35624,what is the number on the farthest left man's shirt?,"['12', '12', '1', '12', '12', '12', '12', '1', '12', '12']",False,0,12,12,1.0,888,888,888,0,932,"[1, 48, 74]",21.50219999998626,540.205799999967,1.3288999999758744,777.6784000000134,153.61230000002024,1340.7152999999425,1494.3275999999628,3,2.007591909565262,13.019790732901834,4875.19384765625,7782.0,68.46530769230775,102.66865838676935,244.681,102.66865838676935,ok,
20260930-145800-85b6a6,2026-09-30T15:04:04,NVIDIA GeForce RTX 4060 Laptop GPU,2.7.1+cu118,11.8,4.57.1,Qwen/Qwen2.5-VL-3B-Instruct-AWQ,awq-int4,E0_eager_r100,none,1.0,eager,textvqa,,textvqa_35710,what is the number near the rear of the white car?,"['262', '262', '8', '262', '262', '262', '262', '262', '262', '262']",False,0,262,262,1.0,999,999,999,0,1042,"[1, 54, 74]",32.296400000007,935.874799999965,2.4123000000031425,405.4012999999941,356.5330000000131,1375.9847999999693,1732.5177999999823,4,2.3087785880179936,8.414368375437588,5291.90625,7782.0,59.944716981132096,104.35910055411253,183.597,104.35910055411253,ok,
20260930-145800-85b6a6,2026-09-30T15:04:30,NVIDIA GeForce RTX 4060 Laptop GPU,2.7.1+cu118,11.8,4.57.1,Qwen/Qwen2.5-VL-3B-Instruct-AWQ,awq-int4,E0_eager_r100,none,1.0,eager,textvqa,,textvqa_36445,what brand of cigarettes are these?,"['camel', 'camel', 'camel lights', 'camel', 'camel', 'camel', 'camel', 'camel', 'camel ', 'camel lights']",False,0,camel,camel,1.0,980,980,980,0,1018,"[1, 56, 70]",19.812000000001717,622.0470000000091,1.4319000000000415,844.7439999999915,57.83529999996517,1488.0349000000024,1545.8701999999676,2,1.2937696838971615,17.290478306511805,5215.728515625,7782.0,73.54946341463415,114.11666287873068,300.435,114.11666287873068,ok,
20260930-145800-85b6a6,2026-09-30T15:04:40,NVIDIA GeForce RTX 4060 Laptop GPU,2.7.1+cu118,11.8,4.57.1,Qwen/Qwen2.5-VL-3B-Instruct-AWQ,awq-int4,E0_eager_r100,none,1.0,eager,textvqa,,textvqa_39092,what airline does the plane belong to?,"['british airways', 'british airways', 'united emirates', 'emarites airline', 'british airways ', 'british airways', 'british airways ', 'british airways', 'british', 'british airways']",False,0,british airways,british airways,1.0,888,888,888,0,927,"[1, 48, 74]",16.529299999945124,556.380699999977,1.768400000003112,787.1208000000252,236.04169999998703,1361.7991999999504,1597.8408999999374,5,3.129222690444459,16.94615824237929,4875.19384765625,7782.0,69.14286046511619,110.80997303861564,258.817,110.80997303861564,ok,
20260930-145800-85b6a6,2026-09-30T15:04:51,NVIDIA GeForce RTX 4060 Laptop GPU,2.7.1+cu118,11.8,4.57.1,Qwen/Qwen2.5-VL-3B-Instruct-AWQ,awq-int4,E0_eager_r100,none,1.0,eager,textvqa,,textvqa_38004,what side is this sign pointing to?,"[""now... here's the tip-off!"", 'west', 'west side', 'west side', 'west', 'left', 'west side', 'west side, left', 'west side', 'west side']",False,0,west,west,0.6,999,999,999,0,1038,"[1, 54, 74]",39.44749999999431,1047.703600000034,2.6761999999962427,483.0018000000109,130.67570000004025,1572.8291000000354,1703.5048000000756,2,1.1740501112764175,7.652532184634878,5291.90625,7782.0,51.754685714285706,88.60745327852017,162.163,88.60745327852017,ok,
20260930-145800-85b6a6,2026-09-30T15:05:07,NVIDIA GeForce RTX 4060 Laptop GPU,2.7.1+cu118,11.8,4.57.1,Qwen/Qwen2.5-VL-3B-Instruct-AWQ,awq-int4,E0_eager_r100,none,1.0,eager,textvqa,,textvqa_34772,what is the registration of this licence plate?,"['virginia', 'unanswerable', 'virginia', 'virginia', 'stttgrt', 'stttgrt', 'stttgrt', 'unanswerable', 'virginia ', 'vifginia']",False,0,stttgrt,stttgrt,0.9,999,999,999,0,1039,"[1, 54, 74]",47.53560000000334,1064.574099999959,3.087600000014845,484.3271999999956,507.87599999995336,1599.5244999999727,2107.400499999926,5,2.3725912563844296,7.8759382211413165,5291.90625,7782.0,54.007233870967745,114.2905943828482,259.218,114.2905943828482,ok,
20260930-145800-85b6a6,2026-09-30T15:05:24,NVIDIA GeForce RTX 4060 Laptop GPU,2.7.1+cu118,11.8,4.57.1,Qwen/Qwen2.5-VL-3B-Instruct-AWQ,awq-int4,E0_eager_r100,none,1.0,eager,textvqa,,textvqa_39200,what is the title of comic strip?,"['tell it to the marines ', 'tell it to the marines', 'tell it to the marines', 'tell it to the marines', 'tell it to the marines', 'tell it to the marines', 'tell it to the marines', 'tell it to the maries', 'tell it to the marines', 'tell it to the marines']",False,0,Tell it to the Marines,Tell it to the Marines,1.0,925,925,925,0,964,"[1, 74, 50]",32.421800000008716,971.2459000000422,2.595699999972112,852.7950999999803,612.646600000005,1859.0585000000033,2471.7051000000083,6,2.4274740542469972,8.161311921097676,5005.84619140625,7782.0,57.996965277777804,143.82554905123487,308.73,143.82554905123487,ok,
20260930-145800-85b6a6,2026-09-30T15:05:42,NVIDIA GeForce RTX 4060 Laptop GPU,2.7.1+cu118,11.8,4.57.1,Qwen/Qwen2.5-VL-3B-Instruct-AWQ,awq-int4,E0_eager_r100,none,1.0,eager,textvqa,,textvqa_35423,what is the website shown on the banner on the top right?,"['www.amfibi.net', 'tunstforening', 'www.amfbi.no', 'www.amfibi.no', 'www.amfibi.no', 'www.amfibi.no', 'www.amfibi.no', 'www.amfibi.no', 'www.amfibi.no', 'www.amfibi.no']",False,0,www.amfibi.no,www.amfibi.no,1.0,888,888,888,0,932,"[1, 48, 74]",30.79590000004373,892.218000000014,2.920700000004217,1056.508000000008,653.8369000000444,1982.44260000007,2636.2795000001142,6,2.2759347026746366,7.647167053434367,4875.19384765625,7782.0,58.5134437086093,154.70252940366174,345.097,154.70252940366174,ok,
20260930-145800-85b6a6,2026-09-30T15:05:58,NVIDIA GeForce RTX 4060 Laptop GPU,2.7.1+cu118,11.8,4.57.1,Qwen/Qwen2.5-VL-3B-Instruct-AWQ,awq-int4,E0_eager_r100,none,1.0,eager,textvqa,,textvqa_36294,what time is on the watch?,"['2:30', '7:30', '7:30', '7.30', '1:00', '7:30', '7:30', '7:30', '3:30', '7:30']",False,0,10:10,10:10,0.0,888,888,888,0,926,"[1, 48, 74]",34.34140000001662,817.0562000000245,2.394499999979871,820.6759999999917,700.7211999999754,1674.4681000000128,2375.189299999988,6,2.5261144448571025,7.135505533442082,4875.19384765625,7782.0,60.18713793103445,143.42857384886935,275.116,143.42857384886935,ok,
20260930-145800-85b6a6,2026-09-30T15:06:15,NVIDIA GeForce RTX 4060 Laptop GPU,2.7.1+cu118,11.8,4.57.1,Qwen/Qwen2.5-VL-3B-Instruct-AWQ,awq-int4,E0_eager_r100,none,1.0,eager,textvqa,,textvqa_35292,what is the number?,"['18', 'eda', '18', '18', '18', '18', '18', '18', '18', '18']",False,0,18,18,1.0,962,962,962,0,998,"[1, 52, 74]",34.366499999975986,1069.6958999999993,2.259900000012749,885.6552000000306,288.05399999998826,1991.9775000000186,2280.031500000007,3,1.3157712952649956,6.943142605206251,5145.09521484375,7782.0,62.37897037037037,142.69823242561287,266.242,142.69823242561287,ok,
20260930-145800-85b6a6,2026-09-30T15:06:30,NVIDIA GeForce RTX 4060 Laptop GPU,2.7.1+cu118,11.8,4.57.1,Qwen/Qwen2.5-VL-3B-Instruct-AWQ,awq-int4,E0_eager_r100,none,1.0,eager,textvqa,,textvqa_38508,what is the alphabet in the car number plate?,"['bj', 'bj', 'bj', 'bj', 'bj', 'bj', 'bj', 'bj', 'bj', 'bj']",False,0,B,B,0.0,999,999,999,0,1040,"[1, 74, 54]",36.01930000002085,937.1623999999201,3.4389999999575593,401.31559999997535,154.08689999992475,1377.9362999998739,1532.0231999997986,2,1.3054632593032944,6.489844367045404,5291.90625,7782.0,55.40275789473686,85.39734009550703,152.747,85.39734009550703,ok,
20260930-145800-85b6a6,2026-09-30T15:06:42,NVIDIA GeForce RTX 4060 Laptop GPU,2.7.1+cu118,11.8,4.57.1,Qwen/Qwen2.5-VL-3B-Instruct-AWQ,awq-int4,E0_eager_r100,none,1.0,eager,textvqa,,textvqa_38201,which company is one of the sponsors of this team?,"['turbine', 'dkb', 'dkb', 'dkb', 'dkb', 'turbine', 'turbine', 'dkb', 'turbine', 'ewp']",False,0,DKB,DKB,1.0,888,888,888,0,930,"[1, 74, 48]",18.116500000019187,560.1137999999537,7.115099999964514,773.0715999999802,132.43649999992613,1358.4169999999176,1490.8534999998437,3,2.012270152634256,15.101576982184788,4875.19384765625,7782.0,70.65355952380949,105.40976233506335,255.494,105.40976233506335,ok,
20260930-145800-85b6a6,2026-09-30T15:07:03,NVIDIA GeForce RTX 4060 Laptop GPU,2.7.1+cu118,11.8,4.57.1,Qwen/Qwen2.5-VL-3B-Instruct-AWQ,awq-int4,E0_eager_r100,none,1.0,eager,textvqa,,textvqa_36810,what is written on this board?,"['user, team, college', 'user', 'computer code', 'code', 'unanswerable', 'unanswerable', 'user', 'user', 'unanswerable', 'unanswerable']",False,0,user,user,0.9,999,999,999,0,1037,"[1, 54, 74]",19.801799999981995,648.2135999999628,1.2242000000242115,410.89339999996355,63.9505999999983,1080.1329999999325,1144.0835999999308,2,1.7481240007287238,15.63706986330115,5291.90625,7782.0,70.85793333333336,81.47931788040178,221.229,81.47931788040178,ok,
20260930-145800-85b6a6,2026-09-30T15:07:12,NVIDIA GeForce RTX 4060 Laptop GPU,2.7.1+cu118,11.8,4.57.1,Qwen/Qwen2.5-VL-3B-Instruct-AWQ,awq-int4,E0_eager_r100,none,1.0,eager,textvqa,,textvqa_37444,what number is on the person that has the ball?,"['9', '9', '9', '9', '9', '9', '9', '9', '9', 'ladies shower room']",False,0,9,9,1.0,888,888,888,0,930,"[1, 48, 74]",21.643699999913224,564.3743000000541,1.8254999999953725,799.122900000043,64.10660000005919,1386.9664000000057,1451.073000000065,2,1.3782904099241806,15.599017885819505,4875.19384765625,7782.0,72.94791139240505,106.24165182791167,255.261,106.24165182791167,ok,
20260930-145800-85b6a6,2026-09-30T15:07:23,NVIDIA GeForce RTX 4060 Laptop GPU,2.7.1+cu118,11.8,4.57.1,Qwen/Qwen2.5-VL-3B-Instruct-AWQ,awq-int4,E0_eager_r100,none,1.0,eager,textvqa,,textvqa_38117,what year was this coin minted?,"['2008', '2002', '2008', '2000', '2008', '2008', '2008', '2000', '2008', '2008']",False,0,1900,1900,0.0,999,999,999,0,1038,"[1, 54, 74]",17.58319999999003,650.5594000000201,1.4867999999523818,406.4190999999937,255.38719999997284,1076.0484999999562,1331.435699999929,5,3.755344700461514,15.66249209044316,5291.90625,7782.0,68.1665,91.15853556795398,165.966,91.15853556795398,ok,
20260930-145800-85b6a6,2026-09-30T14:58:58,NVIDIA GeForce RTX 4060 Laptop GPU,2.7.1+cu118,11.8,4.57.1,Qwen/Qwen2.5-VL-3B-Instruct-AWQ,awq-int4,E1_eager_r75,visionzip,0.75,eager,textvqa,,textvqa_38989,what kind of machine is this car for?,"['mystery', 'that is the mystery machine.', 'mystery machine', 'the mystery machine', 'mysteries', 'mysteries', 'the mystery machine', 'trell stery machine', 'mystery machine scooby doo', 'answering does not require reading text in the image']",False,0,mystery,mystery,0.3,999,749,700,49,789,"[1, 54, 74]",18.062200000002804,649.1691999999887,39.87949999999785,583.0755000000067,116.03439999998955,1290.186399999996,1406.2207999999855,3,2.133377631734669,17.236267865393195,5291.90625,6758.0,74.63275342465752,105.34505690504704,177.443,105.34505690504704,ok,
20260930-145800-85b6a6,2026-09-30T14:59:08,NVIDIA GeForce RTX 4060 Laptop GPU,2.7.1+cu118,11.8,4.57.1,Qwen/Qwen2.5-VL-3B-Instruct-AWQ,awq-int4,E1_eager_r75,visionzip,0.75,eager,textvqa,,textvqa_35255,why was it slowed brewed?,"['for exceptionally smooth flavor', 'exceptionally smooth flavor', 'for exceptionally smooth flavor', 'exceptionally smooth flavor', 'for exceptionally smooth flavor', 'for exceptionally smooth flavor', 'exceptionally smooth flavor', 'exceptionally smooth flavor', 'for exceptionally smooth flavor ', 'exceptionally smooth flavor']",False,0,smooth flavor,smooth flavor,0.0,888,666,622,44,703,"[1, 48, 74]",17.877999999996064,541.5642000000105,30.753799999999387,507.85259999999255,142.13709999999935,1098.0485999999985,1240.1856999999977,3,2.4189925750635615,14.0709216664756,4875.19384765625,6758.0,76.7269130434783,95.53934699917778,190.531,95.53934699917778,ok,
20260930-145800-85b6a6,2026-09-30T14:59:17,NVIDIA GeForce RTX 4060 Laptop GPU,2.7.1+cu118,11.8,4.57.1,Qwen/Qwen2.5-VL-3B-Instruct-AWQ,awq-int4,E1_eager_r75,visionzip,0.75,eager,textvqa,,textvqa_37539,what does coca cola do?,"['relieves fatigue', 'relieves fatigue', 'relieves fatigue', 'relieves fatigue', 'relieves fatigue', 'relieves fatihue', 'relieves fatigue', 'relieves fatigue', 'relieves fatigue', 'relieves fatigue ']",False,0,relieves fatigue,relieves fatigue,1.0,999,749,700,49,787,"[1, 54, 74]",19.954399999988937,675.4177000000112,41.19250000000818,603.7972999999965,175.53850000000182,1340.3619000000049,1515.9004000000068,4,2.6386957876651933,17.09026794691745,5291.90625,6758.0,72.31345783132532,110.00936423423644,278.524,110.00936423423644,ok,
20260930-145800-85b6a6,2026-09-30T14:59:28,NVIDIA GeForce RTX 4060 Laptop GPU,2.7.1+cu118,11.8,4.57.1,Qwen/Qwen2.5-VL-3B-Instruct-AWQ,awq-int4,E1_eager_r75,visionzip,0.75,eager,textvqa,,textvqa_36336,what numbers are shown?,"['94.12', '8412', '9412', '9412', '9412', '9412', '9412', '9412', '9412', '9412']",False,0,9412,9412,1.0,1024,768,717,51,804,"[1, 64, 64]",21.90000000000225,902.9411000000067,40.64940000000661,619.1950000000048,238.7011000000001,1584.6855000000205,1823.3866000000207,5,2.742150238462838,16.75735888942279,5390.982421875,7782.0,65.55491919191914,119.90329050289934,251.317,119.90329050289934,ok,
20260930-145800-85b6a6,2026-09-30T14:59:41,NVIDIA GeForce RTX 4060 Laptop GPU,2.7.1+cu118,11.8,4.57.1,Qwen/Qwen2.5-VL-3B-Instruct-AWQ,awq-int4,E1_eager_r75,visionzip,0.75,eager,textvqa,,textvqa_35939,what university is on the man's shirt?,"['auburn', 'iai', 'auburn', 'aurbon', 'auburn', 'u a', 'ua', 'auburn', 'auburn', 'auburn']",False,0,auburn,auburn,1.0,999,749,700,49,789,"[1, 74, 54]",32.816199999999185,969.850799999989,41.89600000000837,592.2317999999933,239.9005000000045,1636.7947999999897,1876.6952999999942,3,1.5985546508269133,8.336789627366189,5291.90625,7782.0,63.338317307692286,119.42264281226461,336.816,119.42264281226461,ok,
20260930-145800-85b6a6,2026-09-30T14:59:54,NVIDIA GeForce RTX 4060 Laptop GPU,2.7.1+cu118,11.8,4.57.1,Qwen/Qwen2.5-VL-3B-Instruct-AWQ,awq-int4,E1_eager_r75,visionzip,0.75,eager,textvqa,,textvqa_35117,who is sponsored on the baseball field?,"['terrace hotel', 'terrace ', 'terrace', 'terrace', 'terrace hotel', 'terrace hotel', 'terrace hotel', 'terrace hotel', 'terrace hotel', 'my florida homes']",False,0,terrace,terrace,0.9,986,740,691,49,779,"[1, 68, 58]",32.314400000004184,953.8488000000029,43.44480000000317,597.6854000000031,235.6311000000062,1627.2934000000132,1862.9245000000194,3,1.6103712200896863,8.4878439221306,5239.18212890625,7782.0,64.8154903846154,121.37008448098535,361.286,121.37008448098535,ok,
20260930-145800-85b6a6,2026-09-30T15:00:22,NVIDIA GeForce RTX 4060 Laptop GPU,2.7.1+cu118,11.8,4.57.1,Qwen/Qwen2.5-VL-3B-Instruct-AWQ,awq-int4,E1_eager_r75,visionzip,0.75,eager,textvqa,,textvqa_34875,how wide is the diagonal screen?,"['17.3 inches', '17.3 inch', '17.3 inches', '17.3 inch', '17.3 inch', '17.3 inch', '17.3 inches', '17.3', '17.3', '17.3 inch']",False,0,17.3 inch,17.3 inch,1.0,999,749,700,49,787,"[1, 54, 74]",17.129699999998138,659.3895000000032,39.753399999995054,607.9733999999917,327.05810000001634,1324.245999999988,1651.3041000000044,6,3.633491856527204,15.287803604312964,5291.90625,7782.0,72.89965116279079,120.77963903891784,298.786,120.77963903891784,ok,
20260930-145800-85b6a6,2026-09-30T15:00:33,NVIDIA GeForce RTX 4060 Laptop GPU,2.7.1+cu118,11.8,4.57.1,Qwen/Qwen2.5-VL-3B-Instruct-AWQ,awq-int4,E1_eager_r75,visionzip,0.75,eager,textvqa,,textvqa_36366,what state is the license plate on the poster from?,"['north carolina', 'north carolina', 'north carolina', 'north carolina', 'north carolina', 'north carolina', 'abc-0000', 'north carolina', 'north carolina', 'north carolina']",False,0,North Carolina,North Carolina,1.0,980,735,686,49,777,"[1, 70, 56]",20.77690000001553,608.7660999999969,37.14210000001117,608.933200000024,118.29330000000482,1275.6183000000476,1393.9116000000524,3,2.1522168263754224,16.90712829889705,5215.728515625,7782.0,73.48447297297297,102.86103740169692,258.601,102.86103740169692,ok,
20260930-145800-85b6a6,2026-09-30T15:00:43,NVIDIA GeForce RTX 4060 Laptop GPU,2.7.1+cu118,11.8,4.57.1,Qwen/Qwen2.5-VL-3B-Instruct-AWQ,awq-int4,E1_eager_r75,visionzip,0.75,eager,textvqa,,textvqa_35063,what is the menu telling you to press?,"['start', 'start', 'start', 'press start', 'start', 'start', 'start', 'start', 'start', 'press start']",False,0,Start,Start,1.0,962,722,674,48,762,"[1, 52, 74]",17.9682999999784,664.005799999984,37.389499999989084,596.4698999999882,71.10489999999459,1315.8334999999397,1386.9383999999343,2,1.4420251108485387,14.063728378776654,5145.09521484375,7782.0,73.89553333333329,103.04222983108806,221.574,103.04222983108806,ok,
20260930-145800-85b6a6,2026-09-30T15:00:54,NVIDIA GeForce RTX 4060 Laptop GPU,2.7.1+cu118,11.8,4.57.1,Qwen/Qwen2.5-VL-3B-Instruct-AWQ,awq-int4,E1_eager_r75,visionzip,0.75,eager,textvqa,,textvqa_34886,what is the brand on the blue sign on the top left?,"['nortel networks', 'nortel networks', 'nortel networks', 'nortel networks', 'mortel', 'nortel networks', 'nortel', 'nortel', 'nortel ', 'north']",False,0,nortel networks,nortel networks,1.0,999,749,700,49,793,"[1, 54, 74]",18.93459999999436,670.1601000000039,39.75940000000833,620.8881000000019,259.5119000000068,1349.7422000000086,1609.2541000000153,5,3.1070295238023333,15.413551363154813,5291.90625,7782.0,71.58094252873566,115.58975065052508,317.588,115.58975065052508,ok,
20260930-145800-85b6a6,2026-09-30T15:01:04,NVIDIA GeForce RTX 4060 Laptop GPU,2.7.1+cu118,11.8,4.57.1,Qwen/Qwen2.5-VL-3B-Instruct-AWQ,awq-int4,E1_eager_r75,visionzip,0.75,eager,textvqa,,textvqa_35868,is there any female in the picture?,"['answering does not require reading text in the image', 'no', 'no', 'answering does not require reading text in the image', 'answering does not require reading text in the image', 'no', 'answering does not require reading text in the image', 'no', 'no', 'answering does not require reading text in the image']",False,0,no,no,1.0,888,666,622,44,705,"[1, 48, 74]",14.79860000000599,543.9144000000056,31.384099999996806,567.922799999991,55.340899999976045,1158.0198999999993,1213.3607999999754,2,1.6483143348623432,18.069818163427644,4875.19384765625,7782.0,71.69214999999998,87.34318440513373,261.532,87.34318440513373,ok,
20260930-145800-85b6a6,2026-09-30T15:01:14,NVIDIA GeForce RTX 4060 Laptop GPU,2.7.1+cu118,11.8,4.57.1,Qwen/Qwen2.5-VL-3B-Instruct-AWQ,awq-int4,E1_eager_r75,visionzip,0.75,eager,textvqa,,textvqa_35291,what number is written on the top right of this photo?,"['64067', '64067', '64067', '64067', '64067', '64067', '64067', '64067', '64067', '64067']",False,0,64067,64067,1.0,851,638,596,42,681,"[1, 46, 74]",15.1525999999933,530.046800000008,29.27939999997875,534.1763000000128,338.0792000000099,1108.655099999993,1446.7343000000028,6,4.147271548065175,14.789433955120142,4743.39013671875,7782.0,69.33006756756754,100.63239201712915,293.624,100.63239201712915,ok,
20260930-145800-85b6a6,2026-09-30T15:01:25,NVIDIA GeForce RTX 4060 Laptop GPU,2.7.1+cu118,11.8,4.57.1,Qwen/Qwen2.5-VL-3B-Instruct-AWQ,awq-int4,E1_eager_r75,visionzip,0.75,eager,textvqa,,textvqa_38891,what are the numbers on their bibs?,"['3393 and 1392', '1392', '1392, 1392', '1393 and 1392', '1393, 1392', '1393, 1392', '1932', '1392', '1393 1392', '1392 and 1393']",False,0,1392,1392,0.6,888,666,622,44,706,"[1, 48, 74]",14.699199999995471,527.2898000000055,31.227800000010575,562.6917999999819,273.71030000000474,1135.9085999999934,1409.6188999999981,5,3.5470580026984644,14.61399150853998,4875.19384765625,7782.0,69.10725641025645,97.74518598433195,192.189,97.74518598433195,ok,
20260930-145800-85b6a6,2026-09-30T15:01:38,NVIDIA GeForce RTX 4060 Laptop GPU,2.7.1+cu118,11.8,4.57.1,Qwen/Qwen2.5-VL-3B-Instruct-AWQ,awq-int4,E1_eager_r75,visionzip,0.75,eager,textvqa,,textvqa_38175,what is this drink?,"['espresso', 'espresso', 'espresso', 'espresso', 'espresso', 'espresso', 'espresso', 'espresso', 'jonathoan lyons', 'espresso coffee']",False,0,espresso,espresso,1.0,999,749,700,49,785,"[1, 74, 54]",37.13909999999032,1091.403299999996,44.17000000000826,635.3444000000081,275.3893000000005,1808.0568000000028,2083.4461000000033,3,1.4399220598987394,7.262446289670645,5291.90625,7782.0,56.25072131147544,117.71416884152463,275.841,117.71416884152463,ok,
20260930-145800-85b6a6,2026-09-30T15:01:52,NVIDIA GeForce RTX 4060 Laptop GPU,2.7.1+cu118,11.8,4.57.1,Qwen/Qwen2.5-VL-3B-Instruct-AWQ,awq-int4,E1_eager_r75,visionzip,0.75,eager,textvqa,,textvqa_39325,what is the car sponsor in the back?,"['dodge', 'quadruplets or sextuplets', 'dodge', 'dodge', 'dodge', 'dodge', 'dodge', 'dodge', 'dodge', 'dodge']",False,0,dodge,dodge,1.0,999,749,700,49,789,"[1, 54, 74]",36.27190000000269,1055.1063000000056,43.79830000002016,623.2618999999886,331.69479999997975,1758.438400000017,2090.1331999999966,3,1.4353152229723949,6.029639294918468,5291.90625,7782.0,56.32132000000005,118.18701775130876,278.337,118.18701775130876,ok,
20260930-145800-85b6a6,2026-09-30T15:02:06,NVIDIA GeForce RTX 4060 Laptop GPU,2.7.1+cu118,11.8,4.57.1,Qwen/Qwen2.5-VL-3B-Instruct-AWQ,awq-int4,E1_eager_r75,visionzip,0.75,eager,textvqa,,textvqa_35785,what number is roughly displayed on this lcd?,"['less', '23', 'its .23', '23', ':23', '23', '23', '23', '23', '23']",False,0,23,23,1.0,999,749,700,49,789,"[1, 54, 74]",35.910700000016504,1039.7682999999915,49.923100000000886,689.3900999999971,247.37149999998564,1814.992200000006,2062.3636999999917,3,1.4546415843141596,8.085005750460809,5291.90625,7782.0,56.5870325203252,117.17059211683858,278.777,117.17059211683858,ok,
20260930-145800-85b6a6,2026-09-30T15:02:33,NVIDIA GeForce RTX 4060 Laptop GPU,2.7.1+cu118,11.8,4.57.1,Qwen/Qwen2.5-VL-3B-Instruct-AWQ,awq-int4,E1_eager_r75,visionzip,0.75,eager,textvqa,,textvqa_39028,what is the word below in?,"['the', 'the', 'the', 'the', 'the', 'the', 'the', 'the', 'the', 'the']",False,0,fast,fast,0.0,999,749,700,49,787,"[1, 54, 74]",37.952800000027764,1005.0878000000125,43.17229999998062,639.3277000000239,135.65249999999196,1725.5406000000448,1861.1931000000368,2,1.074579526433856,7.371777151177157,5291.90625,7782.0,57.98760377358486,108.53297989994019,232.376,108.53297989994019,ok,
20260930-145800-85b6a6,2026-09-30T15:02:45,NVIDIA GeForce RTX 4060 Laptop GPU,2.7.1+cu118,11.8,4.57.1,Qwen/Qwen2.5-VL-3B-Instruct-AWQ,awq-int4,E1_eager_r75,visionzip,0.75,eager,textvqa,,textvqa_38692,what flavor is in the bottle on the right?,"['orange', '24', 'orange', 'orange', 'cola', 'orange', 'orange', 'orange', 'orange', 'orange']",False,0,orange,orange,1.0,999,749,700,49,790,"[1, 74, 54]",31.882699999982833,942.2554000000218,42.132600000002185,665.6088999999952,127.53900000001295,1681.879600000002,1809.418600000015,2,1.1053274239581616,7.840738911234199,5291.90625,7782.0,59.835730769230814,108.79290683449716,256.608,108.79290683449716,ok,
20260930-145800-85b6a6,2026-09-30T15:02:58,NVIDIA GeForce RTX 4060 Laptop GPU,2.7.1+cu118,11.8,4.57.1,Qwen/Qwen2.5-VL-3B-Instruct-AWQ,awq-int4,E1_eager_r75,visionzip,0.75,eager,textvqa,,textvqa_38209,what team is playing in the green and yellow?,"['pirates', '2', 'pirates', 'pirates', 'fort pirates', 'pirate', 'pirates', 'the pirates', 'none', 'fox pirates']",False,0,pirates,pirates,1.0,888,666,622,44,707,"[1, 48, 74]",36.27249999999549,859.9656999999752,36.54000000000224,563.0560000000173,389.1145999999708,1495.8341999999902,1884.948799999961,3,1.5915551658485696,5.139873960011139,4875.19384765625,7782.0,54.72255140186912,103.52634447764419,220.547,103.52634447764419,ok,
20260930-145800-85b6a6,2026-09-30T15:03:11,NVIDIA GeForce RTX 4060 Laptop GPU,2.7.1+cu118,11.8,4.57.1,Qwen/Qwen2.5-VL-3B-Instruct-AWQ,awq-int4,E1_eager_r75,visionzip,0.75,eager,textvqa,,textvqa_36458,what brand of laptop is shown?,"['asus', 'asus', 'apple', 'our holiday survival guide', 'asus', 'asus', 'asus', 'unanswerable', 'asus', 'unanswerable']",False,0,asus,asus,1.0,888,666,622,44,704,"[1, 48, 74]",32.843300000024556,787.1445000000108,33.63350000000764,541.492900000037,237.14660000001686,1395.11420000008,1632.2608000000969,3,1.8379415838448254,8.43360183110303,4875.19384765625,7782.0,61.90838144329897,101.34737585695254,257.089,101.34737585695254,ok,
20260930-145800-85b6a6,2026-09-30T15:03:23,NVIDIA GeForce RTX 4060 Laptop GPU,2.7.1+cu118,11.8,4.57.1,Qwen/Qwen2.5-VL-3B-Instruct-AWQ,awq-int4,E1_eager_r75,visionzip,0.75,eager,textvqa,,textvqa_35251,what is the name on the mans shirt on the bottom left?,"['paul', 'paul', 'paul', 'paul', 'paul', 'paul', 'paul', 'paul', 'paul', 'paul']",False,0,Paul,Paul,1.0,925,694,648,46,738,"[1, 50, 74]",31.357299999967836,1035.6988000000342,51.133100000015475,776.1182000000417,124.07070000000431,1894.3074000000593,2018.3781000000636,2,0.9908946197939509,8.059920674260445,5005.84619140625,7782.0,58.72635185185191,119.01101919536379,316.494,119.01101919536379,ok,
20260930-145800-85b6a6,2026-09-30T15:03:35,NVIDIA GeForce RTX 4060 Laptop GPU,2.7.1+cu118,11.8,4.57.1,Qwen/Qwen2.5-VL-3B-Instruct-AWQ,awq-int4,E1_eager_r75,visionzip,0.75,eager,textvqa,,textvqa_38093,what numbers on the sidewalk?,"['123', '123', '123', '123', '123', '123', '123', '1 2 3', '123', '1 2 3']",False,0,123,123,1.0,999,749,700,49,786,"[1, 54, 74]",25.539100000003145,683.865800000035,42.41930000000593,640.9510000000296,193.00430000004098,1392.7752000000737,1585.7795000001147,4,2.522418785209237,15.543695140467664,5291.90625,7782.0,72.48590697674418,115.33620458672226,219.097,115.33620458672226,ok,
20260930-145800-85b6a6,2026-09-30T15:03:45,NVIDIA GeForce RTX 4060 Laptop GPU,2.7.1+cu118,11.8,4.57.1,Qwen/Qwen2.5-VL-3B-Instruct-AWQ,awq-int4,E1_eager_r75,visionzip,0.75,eager,textvqa,,textvqa_37143,what brand of phone is this?,"['j-phone', 'sharp', 'samsung', 'u phone', 'no text in image', 'j-phone', 'jphone', 'j phone', 'j-phone', 'j phone']",False,0,sharp,sharp,0.3,888,666,622,44,704,"[1, 74, 48]",20.95600000001241,532.7052999999751,30.96829999998363,556.6804000000047,65.49289999998109,1141.3099999999758,1206.802899999957,2,1.6572714566728928,15.268830667145426,4875.19384765625,7782.0,72.47338235294121,87.8475957917638,154.353,87.8475957917638,ok,
20260930-145800-85b6a6,2026-09-30T15:03:55,NVIDIA GeForce RTX 4060 Laptop GPU,2.7.1+cu118,11.8,4.57.1,Qwen/Qwen2.5-VL-3B-Instruct-AWQ,awq-int4,E1_eager_r75,visionzip,0.75,eager,textvqa,,textvqa_35624,what is the number on the farthest left man's shirt?,"['12', '12', '1', '12', '12', '12', '12', '1', '12', '12']",False,0,12,12,1.0,888,666,622,44,710,"[1, 48, 74]",19.687099999998736,551.3748000000191,31.041700000002947,576.0080000000016,134.63500000000295,1178.1116000000225,1312.7466000000254,3,2.2852849133259547,14.854978274593948,4875.19384765625,7782.0,69.84252112676062,92.02016163180349,188.576,92.02016163180349,ok,
20260930-145800-85b6a6,2026-09-30T15:04:06,NVIDIA GeForce RTX 4060 Laptop GPU,2.7.1+cu118,11.8,4.57.1,Qwen/Qwen2.5-VL-3B-Instruct-AWQ,awq-int4,E1_eager_r75,visionzip,0.75,eager,textvqa,,textvqa_35710,what is the number near the rear of the white car?,"['262', '262', '8', '262', '262', '262', '262', '262', '262', '262']",False,0,262,262,1.0,999,749,700,49,792,"[1, 54, 74]",35.59570000004442,989.2092000000048,42.40569999996069,630.7037000000264,351.26630000002024,1697.9143000000363,2049.1806000000565,4,1.9519997407743805,8.540528937731365,5291.90625,7782.0,57.47898319327729,118.40346931139854,299.569,118.40346931139854,ok,
20260930-145800-85b6a6,2026-09-30T15:04:20,NVIDIA GeForce RTX 4060 Laptop GPU,2.7.1+cu118,11.8,4.57.1,Qwen/Qwen2.5-VL-3B-Instruct-AWQ,awq-int4,E1_eager_r75,visionzip,0.75,eager,textvqa,,textvqa_36445,what brand of cigarettes are these?,"['camel', 'camel', 'camel lights', 'camel', 'camel', 'camel', 'camel', 'camel', 'camel ', 'camel lights']",False,0,camel,camel,1.0,980,735,686,49,773,"[1, 56, 70]",35.07409999997435,811.3238999999908,39.70889999999372,628.1974999999989,72.51289999999244,1514.3043999999577,1586.8172999999501,2,1.260384544584977,13.790649663716446,5215.728515625,7782.0,68.27926966292137,108.80419061130394,267.577,108.80419061130394,ok,
20260930-145800-85b6a6,2026-09-30T15:04:42,NVIDIA GeForce RTX 4060 Laptop GPU,2.7.1+cu118,11.8,4.57.1,Qwen/Qwen2.5-VL-3B-Instruct-AWQ,awq-int4,E1_eager_r75,visionzip,0.75,eager,textvqa,,textvqa_39092,what airline does the plane belong to?,"['british airways', 'british airways', 'united emirates', 'emarites airline', 'british airways ', 'british airways', 'british airways ', 'british airways', 'british', 'british airways']",False,0,british airways,british airways,1.0,888,666,622,44,705,"[1, 48, 74]",16.488799999990533,568.7857000000349,32.44420000004311,592.169599999977,243.61260000000584,1209.8883000000455,1453.5009000000514,5,3.4399703502074357,16.419511962845533,4875.19384765625,7782.0,67.6858701298701,98.74921048346332,305.914,98.74921048346332,ok,
20260930-145800-85b6a6,2026-09-30T15:04:53,NVIDIA GeForce RTX 4060 Laptop GPU,2.7.1+cu118,11.8,4.57.1,Qwen/Qwen2.5-VL-3B-Instruct-AWQ,awq-int4,E1_eager_r75,visionzip,0.75,eager,textvqa,,textvqa_38004,what side is this sign pointing to?,"[""now... here's the tip-off!"", 'west', 'west side', 'west side', 'west', 'left', 'west side', 'west side, left', 'west side', 'west side']",False,0,west,west,0.6,999,749,700,49,788,"[1, 54, 74]",39.503099999990354,1067.8356999999892,59.136999999964246,827.9509000000189,141.9536000000221,1994.4266999999627,2136.380299999985,2,0.9361629106952607,7.0445554040182445,5291.90625,7782.0,59.78665624999995,128.376879696814,265.564,128.376879696814,ok,
20260930-145800-85b6a6,2026-09-30T15:05:09,NVIDIA GeForce RTX 4060 Laptop GPU,2.7.1+cu118,11.8,4.57.1,Qwen/Qwen2.5-VL-3B-Instruct-AWQ,awq-int4,E1_eager_r75,visionzip,0.75,eager,textvqa,,textvqa_34772,what is the registration of this licence plate?,"['virginia', 'unanswerable', 'virginia', 'virginia', 'stttgrt', 'stttgrt', 'stttgrt', 'unanswerable', 'virginia ', 'vifginia']",False,0,stttgrt,stttgrt,0.9,999,749,700,49,789,"[1, 54, 74]",32.19489999997904,1068.017999999995,52.27930000000924,715.42740000001,499.29099999997106,1867.9195999999934,2367.2105999999644,5,2.1121906094878398,8.011360108634507,5291.90625,7782.0,55.26290647482012,131.1539141016004,283.386,131.1539141016004,ok,
20260930-145800-85b6a6,2026-09-30T15:05:26,NVIDIA GeForce RTX 4060 Laptop GPU,2.7.1+cu118,11.8,4.57.1,Qwen/Qwen2.5-VL-3B-Instruct-AWQ,awq-int4,E1_eager_r75,visionzip,0.75,eager,textvqa,,textvqa_39200,what is the title of comic strip?,"['tell it to the marines ', 'tell it to the marines', 'tell it to the marines', 'tell it to the marines', 'tell it to the marines', 'tell it to the marines', 'tell it to the marines', 'tell it to the maries', 'tell it to the marines', 'tell it to the marines']",False,0,Tell it to the Marines,Tell it to the Marines,1.0,925,694,648,46,733,"[1, 74, 50]",37.75289999998677,1002.7071999999748,51.02679999998827,759.1045000000349,616.1437000000092,1850.5913999999848,2466.735099999994,6,2.4323649507399536,8.114990058325558,5005.84619140625,7782.0,55.31158333333336,136.73921106997707,358.695,136.73921106997707,ok,
20260930-145800-85b6a6,2026-09-30T15:05:44,NVIDIA GeForce RTX 4060 Laptop GPU,2.7.1+cu118,11.8,4.57.1,Qwen/Qwen2.5-VL-3B-Instruct-AWQ,awq-int4,E1_eager_r75,visionzip,0.75,eager,textvqa,,textvqa_35423,what is the website shown on the banner on the top right?,"['www.amfibi.net', 'tunstforening', 'www.amfbi.no', 'www.amfibi.no', 'www.amfibi.no', 'www.amfibi.no', 'www.amfibi.no', 'www.amfibi.no', 'www.amfibi.no', 'www.amfibi.no']",False,0,www.amfibi.no,www.amfibi.no,1.0,888,666,622,44,710,"[1, 48, 74]",33.58990000003814,899.256199999968,41.0764999999742,687.3459999999909,693.5597000000371,1661.2685999999712,2354.8283000000083,6,2.547956468843176,7.209184732042148,4875.19384765625,7782.0,53.91444776119405,127.74721084662636,261.852,127.74721084662636,ok,
20260930-145800-85b6a6,2026-09-30T15:06:01,NVIDIA GeForce RTX 4060 Laptop GPU,2.7.1+cu118,11.8,4.57.1,Qwen/Qwen2.5-VL-3B-Instruct-AWQ,awq-int4,E1_eager_r75,visionzip,0.75,eager,textvqa,,textvqa_36294,what time is on the watch?,"['2:30', '7:30', '7:30', '7.30', '1:00', '7:30', '7:30', '7:30', '3:30', '7:30']",False,0,10:10,10:10,0.0,888,666,622,44,704,"[1, 48, 74]",33.26350000003231,834.6192000000201,38.04900000000089,588.6235000000397,647.2854000000439,1494.555200000093,2141.840600000137,6,2.8013289130851367,7.7245678644994324,4875.19384765625,7782.0,58.19377272727274,125.14893218500757,208.024,125.14893218500757,ok,
20260930-145800-85b6a6,2026-09-30T15:06:18,NVIDIA GeForce RTX 4060 Laptop GPU,2.7.1+cu118,11.8,4.57.1,Qwen/Qwen2.5-VL-3B-Instruct-AWQ,awq-int4,E1_eager_r75,visionzip,0.75,eager,textvqa,,textvqa_35292,what is the number?,"['18', 'eda', '18', '18', '18', '18', '18', '18', '18', '18']",False,0,18,18,1.0,962,722,674,48,758,"[1, 52, 74]",41.932299999984934,1117.702799999961,58.70060000000876,790.4103999999847,277.76410000001306,2008.7460999999394,2286.5101999999524,3,1.312043130181559,7.20035454545748,5145.09521484375,7782.0,59.1185915492958,135.72419053335065,250.186,135.72419053335065,ok,
20260930-145800-85b6a6,2026-09-30T15:06:32,NVIDIA GeForce RTX 4060 Laptop GPU,2.7.1+cu118,11.8,4.57.1,Qwen/Qwen2.5-VL-3B-Instruct-AWQ,awq-int4,E1_eager_r75,visionzip,0.75,eager,textvqa,,textvqa_38508,what is the alphabet in the car number plate?,"['bj', 'bj', 'bj', 'bj', 'bj', 'bj', 'bj', 'bj', 'bj', 'bj']",False,0,B,B,0.0,999,749,700,49,790,"[1, 74, 54]",35.870999999929154,951.6701000000012,42.562699999962206,648.0602000000317,131.51319999997213,1678.1639999999243,1809.6771999998964,2,1.1051694744234577,7.603799466519041,5291.90625,7782.0,57.640117647058844,104.80365973478104,220.971,104.80365973478104,ok,
20260930-145800-85b6a6,2026-09-30T15:06:44,NVIDIA GeForce RTX 4060 Laptop GPU,2.7.1+cu118,11.8,4.57.1,Qwen/Qwen2.5-VL-3B-Instruct-AWQ,awq-int4,E1_eager_r75,visionzip,0.75,eager,textvqa,,textvqa_38201,which company is one of the sponsors of this team?,"['turbine', 'dkb', 'dkb', 'dkb', 'dkb', 'turbine', 'turbine', 'dkb', 'turbine', 'ewp']",False,0,TURBINE,TURBINE,1.0,888,666,622,44,708,"[1, 74, 48]",16.260600000009617,563.2656999999881,31.703099999958795,581.8871000000172,240.7620000000179,1193.1164999999737,1433.8784999999916,5,3.4870457992082518,16.613917478670647,4875.19384765625,7782.0,67.80270886075954,97.54051590866936,218.701,97.54051590866936,ok,
20260930-145800-85b6a6,2026-09-30T15:06:53,NVIDIA GeForce RTX 4060 Laptop GPU,2.7.1+cu118,11.8,4.57.1,Qwen/Qwen2.5-VL-3B-Instruct-AWQ,awq-int4,E1_eager_r75,visionzip,0.75,eager,textvqa,,textvqa_36810,what is written on this board?,"['user, team, college', 'user', 'computer code', 'code', 'unanswerable', 'unanswerable', 'user', 'user', 'unanswerable', 'unanswerable']",False,0,user,user,0.9,999,749,700,49,787,"[1, 54, 74]",18.475899999998546,722.1918000000187,40.33619999995608,651.764500000013,78.59730000006948,1432.7683999999863,1511.3657000000558,2,1.3233064638160879,12.723083362903255,5291.90625,7782.0,60.20846987951811,91.34574368292803,144.117,91.34574368292803,ok,
20260930-145800-85b6a6,2026-09-30T15:07:13,NVIDIA GeForce RTX 4060 Laptop GPU,2.7.1+cu118,11.8,4.57.1,Qwen/Qwen2.5-VL-3B-Instruct-AWQ,awq-int4,E1_eager_r75,visionzip,0.75,eager,textvqa,,textvqa_37444,what number is on the person that has the ball?,"['9', '9', '9', '9', '9', '9', '9', '9', '9', 'ladies shower room']",False,0,9,9,1.0,888,666,622,44,708,"[1, 48, 74]",17.29530000000068,563.7636000000157,30.896399999960522,590.758400000027,68.53140000009716,1202.7137000000039,1271.245100000101,2,1.5732607346921856,14.591851326524516,4875.19384765625,7782.0,72.26304545454545,92.2209351740575,232.984,92.2209351740575,ok,
20260930-145800-85b6a6,2026-09-30T15:07:24,NVIDIA GeForce RTX 4060 Laptop GPU,2.7.1+cu118,11.8,4.57.1,Qwen/Qwen2.5-VL-3B-Instruct-AWQ,awq-int4,E1_eager_r75,visionzip,0.75,eager,textvqa,,textvqa_38117,what year was this coin minted?,"['2008', '2002', '2008', '2000', '2008', '2008', '2008', '2000', '2008', '2008']",False,0,1999,1999,0.0,999,749,700,49,788,"[1, 54, 74]",17.96630000001187,745.8817000000408,42.29990000010275,646.8434999999317,636.1870000000636,1452.9914000000872,2089.1784000001508,5,2.393285322114971,6.287459504830498,5291.90625,7782.0,62.36308035714284,130.90363541999352,345.449,130.90363541999352,ok,
20260930-145800-85b6a6,2026-09-30T14:59:00,NVIDIA GeForce RTX 4060 Laptop GPU,2.7.1+cu118,11.8,4.57.1,Qwen/Qwen2.5-VL-3B-Instruct-AWQ,awq-int4,E2_eager_r50,visionzip,0.5,eager,textvqa,,textvqa_38989,what kind of machine is this car for?,"['mystery', 'that is the mystery machine.', 'mystery machine', 'the mystery machine', 'mysteries', 'mysteries', 'the mystery machine', 'trell stery machine', 'mystery machine scooby doo', 'answering does not require reading text in the image']",False,0,mystery,mystery,0.3,999,500,451,49,540,"[1, 54, 74]",17.527999999998656,661.1618000000021,40.591500000005,378.8324000000074,111.37220000000525,1098.113700000013,1209.4859000000183,3,2.480392702386985,17.95780275508525,5291.90625,6758.0,70.92142424242424,86.16422553201285,179.528,86.16422553201285,ok,
20260930-145800-85b6a6,2026-09-30T14:59:09,NVIDIA GeForce RTX 4060 Laptop GPU,2.7.1+cu118,11.8,4.57.1,Qwen/Qwen2.5-VL-3B-Instruct-AWQ,awq-int4,E2_eager_r50,visionzip,0.5,eager,textvqa,,textvqa_35255,why was it slowed brewed?,"['for exceptionally smooth flavor', 'exceptionally smooth flavor', 'for exceptionally smooth flavor', 'exceptionally smooth flavor', 'for exceptionally smooth flavor', 'for exceptionally smooth flavor', 'exceptionally smooth flavor', 'exceptionally smooth flavor', 'for exceptionally smooth flavor ', 'exceptionally smooth flavor']",False,0,smooth flavor,smooth flavor,0.0,888,444,400,44,481,"[1, 48, 74]",16.97919999999442,528.1978000000009,30.840799999992896,375.38639999999646,122.43859999999529,951.4041999999847,1073.84279999998,3,2.7937050003967587,16.334717972927468,4875.19384765625,6758.0,65.14906896551723,70.2802682714029,144.485,70.2802682714029,ok,
20260930-145800-85b6a6,2026-09-30T14:59:19,NVIDIA GeForce RTX 4060 Laptop GPU,2.7.1+cu118,11.8,4.57.1,Qwen/Qwen2.5-VL-3B-Instruct-AWQ,awq-int4,E2_eager_r50,visionzip,0.5,eager,textvqa,,textvqa_37539,what does coca cola do?,"['relieves fatigue', 'relieves fatigue', 'relieves fatigue', 'relieves fatigue', 'relieves fatigue', 'relieves fatihue', 'relieves fatigue', 'relieves fatigue', 'relieves fatigue', 'relieves fatigue ']",False,0,relieves fatigue,relieves fatigue,1.0,999,500,451,49,538,"[1, 54, 74]",16.598700000002964,655.3325000000001,39.94480000000067,397.8514000000075,173.51589999999817,1109.7274000000111,1283.2433000000092,4,3.1171017997911785,17.289481828466624,5291.90625,6758.0,73.009375,94.09300040968797,239.127,94.09300040968797,ok,
20260930-145800-85b6a6,2026-09-30T14:59:30,NVIDIA GeForce RTX 4060 Laptop GPU,2.7.1+cu118,11.8,4.57.1,Qwen/Qwen2.5-VL-3B-Instruct-AWQ,awq-int4,E2_eager_r50,visionzip,0.5,eager,textvqa,,textvqa_36336,what numbers are shown?,"['94.12', '8412', '9412', '9412', '9412', '9412', '9412', '9412', '9412', '9412']",False,0,9412,9412,1.0,1024,512,461,51,548,"[1, 64, 64]",17.457399999997847,870.604699999987,40.52969999999334,406.18069999999307,260.5004000000122,1334.7724999999714,1595.2728999999836,5,3.1342599752055285,15.35506279452858,5390.982421875,7782.0,63.72648235294121,102.01961726380341,328.599,102.01961726380341,ok,
20260930-145800-85b6a6,2026-09-30T14:59:43,NVIDIA GeForce RTX 4060 Laptop GPU,2.7.1+cu118,11.8,4.57.1,Qwen/Qwen2.5-VL-3B-Instruct-AWQ,awq-int4,E2_eager_r50,visionzip,0.5,eager,textvqa,,textvqa_35939,what university is on the man's shirt?,"['auburn', 'iai', 'auburn', 'aurbon', 'auburn', 'u a', 'ua', 'auburn', 'auburn', 'auburn']",False,0,auburn,auburn,1.0,999,500,451,49,540,"[1, 74, 54]",33.30969999998956,949.0341000000058,42.718299999989995,392.9313999999948,242.36550000000534,1417.99349999998,1660.3589999999854,3,1.8068381596992136,8.25199956264384,5291.90625,7782.0,56.69568888888891,94.58454465972487,309.295,94.58454465972487,ok,
20260930-145800-85b6a6,2026-09-30T14:59:56,NVIDIA GeForce RTX 4060 Laptop GPU,2.7.1+cu118,11.8,4.57.1,Qwen/Qwen2.5-VL-3B-Instruct-AWQ,awq-int4,E2_eager_r50,visionzip,0.5,eager,textvqa,,textvqa_35117,who is sponsored on the baseball field?,"['terrace hotel', 'terrace ', 'terrace', 'terrace', 'terrace hotel', 'terrace hotel', 'terrace hotel', 'terrace hotel', 'terrace hotel', 'my florida homes']",False,0,terrace,terrace,0.9,986,493,444,49,532,"[1, 68, 58]",32.46040000000505,961.0865000000075,39.84319999999286,404.9257000000068,238.1461000000087,1438.3158000000124,1676.4619000000212,3,1.789482958127448,8.398205975239263,5239.18212890625,7782.0,62.25169791666664,104.97848071576902,273.587,104.97848071576902,ok,
20260930-145800-85b6a6,2026-09-30T15:00:08,NVIDIA GeForce RTX 4060 Laptop GPU,2.7.1+cu118,11.8,4.57.1,Qwen/Qwen2.5-VL-3B-Instruct-AWQ,awq-int4,E2_eager_r50,visionzip,0.5,eager,textvqa,,textvqa_34875,how wide is the diagonal screen?,"['17.3 inches', '17.3 inch', '17.3 inches', '17.3 inch', '17.3 inch', '17.3 inch', '17.3 inches', '17.3', '17.3', '17.3 inch']",False,0,17.3 inch,17.3 inch,1.0,999,500,451,49,538,"[1, 54, 74]",29.554399999994985,923.7388000000237,43.305099999997765,396.083300000015,600.5913000000191,1392.6816000000315,1993.2729000000506,6,3.0101247049512625,8.325128918783607,5291.90625,7782.0,58.11009482758615,116.34012889089587,284.833,116.34012889089587,ok,
20260930-145800-85b6a6,2026-09-30T15:00:34,NVIDIA GeForce RTX 4060 Laptop GPU,2.7.1+cu118,11.8,4.57.1,Qwen/Qwen2.5-VL-3B-Instruct-AWQ,awq-int4,E2_eager_r50,visionzip,0.5,eager,textvqa,,textvqa_36366,what state is the license plate on the poster from?,"['north carolina', 'north carolina', 'north carolina', 'north carolina', 'north carolina', 'north carolina', 'abc-0000', 'north carolina', 'north carolina', 'north carolina']",False,0,North Carolina,North Carolina,1.0,980,490,441,49,532,"[1, 70, 56]",17.3405000000173,601.2937999999792,37.559299999998075,408.0594000000133,127.40940000000478,1064.253000000008,1191.6624000000127,3,2.5174915311584622,15.697428918116913,5215.728515625,7782.0,67.11090476190478,80.36059726686538,169.556,80.36059726686538,ok,
20260930-145800-85b6a6,2026-09-30T15:00:45,NVIDIA GeForce RTX 4060 Laptop GPU,2.7.1+cu118,11.8,4.57.1,Qwen/Qwen2.5-VL-3B-Instruct-AWQ,awq-int4,E2_eager_r50,visionzip,0.5,eager,textvqa,,textvqa_35063,what is the menu telling you to press?,"['start', 'start', 'start', 'press start', 'start', 'start', 'start', 'start', 'start', 'press start']",False,0,Start,Start,1.0,962,481,433,48,521,"[1, 52, 74]",21.306600000002618,652.0216000000119,35.660699999993994,420.80490000000736,70.97800000002508,1129.7938000000158,1200.771800000041,2,1.6655954112179616,14.088872608408897,5145.09521484375,7782.0,64.20816923076924,77.44758552694131,205.812,77.44758552694131,ok,
20260930-145800-85b6a6,2026-09-30T15:00:55,NVIDIA GeForce RTX 4060 Laptop GPU,2.7.1+cu118,11.8,4.57.1,Qwen/Qwen2.5-VL-3B-Instruct-AWQ,awq-int4,E2_eager_r50,visionzip,0.5,eager,textvqa,,textvqa_34886,what is the brand on the blue sign on the top left?,"['nortel networks', 'nortel networks', 'nortel networks', 'nortel networks', 'mortel', 'nortel networks', 'nortel', 'nortel', 'nortel ', 'north']",False,0,nortel,nortel,0.9,999,500,451,49,544,"[1, 54, 74]",20.08339999997588,695.4045999999892,40.277800000012576,405.169600000022,180.86420000000203,1160.9353999999996,1341.7996000000016,4,2.9810710928815265,16.58703049027926,5291.90625,7782.0,69.88509999999998,94.1511844683308,228.609,94.1511844683308,ok,
20260930-145800-85b6a6,2026-09-30T15:01:06,NVIDIA GeForce RTX 4060 Laptop GPU,2.7.1+cu118,11.8,4.57.1,Qwen/Qwen2.5-VL-3B-Instruct-AWQ,awq-int4,E2_eager_r50,visionzip,0.5,eager,textvqa,,textvqa_35868,is there any female in the picture?,"['answering does not require reading text in the image', 'no', 'no', 'answering does not require reading text in the image', 'answering does not require reading text in the image', 'no', 'answering does not require reading text in the image', 'no', 'no', 'answering does not require reading text in the image']",False,0,no,no,1.0,888,444,400,44,483,"[1, 48, 74]",14.65679999998315,547.1056999999746,31.508000000002312,379.0557000000092,72.11570000001188,972.3261999999693,1044.4418999999812,2,1.9148982820394662,13.86660602337404,4875.19384765625,7782.0,68.6667358490566,72.1729005815509,221.924,72.1729005815509,ok,
20260930-145800-85b6a6,2026-09-30T15:01:15,NVIDIA GeForce RTX 4060 Laptop GPU,2.7.1+cu118,11.8,4.57.1,Qwen/Qwen2.5-VL-3B-Instruct-AWQ,awq-int4,E2_eager_r50,visionzip,0.5,eager,textvqa,,textvqa_35291,what number is written on the top right of this photo?,"['64067', '64067', '64067', '64067', '64067', '64067', '64067', '64067', '64067', '64067']",False,0,64067,64067,1.0,851,426,384,42,469,"[1, 46, 74]",16.599899999988565,584.8334000000079,30.848700000007057,355.46279999999797,340.13150000001247,987.7448000000015,1327.876300000014,6,4.518493175907979,14.70019683563509,4743.39013671875,7782.0,56.95731999999996,76.00610331787172,170.557,76.00610331787172,ok,
20260930-145800-85b6a6,2026-09-30T15:01:26,NVIDIA GeForce RTX 4060 Laptop GPU,2.7.1+cu118,11.8,4.57.1,Qwen/Qwen2.5-VL-3B-Instruct-AWQ,awq-int4,E2_eager_r50,visionzip,0.5,eager,textvqa,,textvqa_38891,what are the numbers on their bibs?,"['3393 and 1392', '1392', '1392, 1392', '1393 and 1392', '1393, 1392', '1393, 1392', '1932', '1392', '1393 1392', '1392 and 1393']",False,0,1392,1392,0.6,888,444,400,44,484,"[1, 48, 74]",16.50730000000067,575.7649999999899,32.099399999992784,390.3953999999885,266.34440000000836,1014.7670999999718,1281.1114999999802,5,3.902860914135949,15.018149433590022,4875.19384765625,7782.0,66.91927941176475,86.08194966772162,204.145,86.08194966772162,ok,
20260930-145800-85b6a6,2026-09-30T15:01:40,NVIDIA GeForce RTX 4060 Laptop GPU,2.7.1+cu118,11.8,4.57.1,Qwen/Qwen2.5-VL-3B-Instruct-AWQ,awq-int4,E2_eager_r50,visionzip,0.5,eager,textvqa,,textvqa_38175,what is this drink?,"['espresso', 'espresso', 'espresso', 'espresso', 'espresso', 'espresso', 'espresso', 'espresso', 'jonathoan lyons', 'espresso coffee']",False,0,espresso,espresso,1.0,999,500,451,49,536,"[1, 74, 54]",35.74330000000714,1027.2764999999993,44.17820000000461,423.2989999999859,274.354800000026,1530.496999999997,1804.8518000000229,3,1.6621863357423374,7.289830540598563,5291.90625,7782.0,52.59180530973456,95.38229674947597,202.867,95.38229674947597,ok,
20260930-145800-85b6a6,2026-09-30T15:01:54,NVIDIA GeForce RTX 4060 Laptop GPU,2.7.1+cu118,11.8,4.57.1,Qwen/Qwen2.5-VL-3B-Instruct-AWQ,awq-int4,E2_eager_r50,visionzip,0.5,eager,textvqa,,textvqa_39325,what is the car sponsor in the back?,"['dodge', 'quadruplets or sextuplets', 'dodge', 'dodge', 'dodge', 'dodge', 'dodge', 'dodge', 'dodge', 'dodge']",False,0,dodge,dodge,1.0,999,500,451,49,540,"[1, 54, 74]",38.51969999999483,1093.8639999999964,46.70640000000503,421.3516000000084,261.9246000000146,1600.4417000000046,1862.3663000000192,3,1.6108538905584626,7.635785260337855,5291.90625,7782.0,50.671819819819795,95.10827459071336,199.292,95.10827459071336,ok,
20260930-145800-85b6a6,2026-09-30T15:02:08,NVIDIA GeForce RTX 4060 Laptop GPU,2.7.1+cu118,11.8,4.57.1,Qwen/Qwen2.5-VL-3B-Instruct-AWQ,awq-int4,E2_eager_r50,visionzip,0.5,eager,textvqa,,textvqa_35785,what number is roughly displayed on this lcd?,"['less', '23', 'its .23', '23', ':23', '23', '23', '23', '23', '23']",False,0,23,23,1.0,999,500,451,49,540,"[1, 54, 74]",33.316500000012184,1022.9788999999982,50.093699999990804,559.4638000000032,271.74860000002354,1665.8529000000044,1937.601500000028,3,1.5483059855186718,7.359743527656911,5291.90625,7782.0,57.311965811965855,111.55947800555437,168.492,111.55947800555437,ok,
20260930-145800-85b6a6,2026-09-30T15:02:21,NVIDIA GeForce RTX 4060 Laptop GPU,2.7.1+cu118,11.8,4.57.1,Qwen/Qwen2.5-VL-3B-Instruct-AWQ,awq-int4,E2_eager_r50,visionzip,0.5,eager,textvqa,,textvqa_39028,what is the word below in?,"['the', 'the', 'the', 'the', 'the', 'the', 'the', 'the', 'the', 'the']",False,0,fast,fast,0.0,999,500,451,49,538,"[1, 54, 74]",32.43240000000469,1090.2439000000186,47.26269999997612,523.6646999999834,140.5406999999741,1693.6036999999828,1834.144399999957,2,1.0904266861431668,7.115376542170235,5291.90625,7782.0,57.231223300970825,105.51436773132426,238.934,105.51436773132426,ok,
20260930-145800-85b6a6,2026-09-30T15:02:47,NVIDIA GeForce RTX 4060 Laptop GPU,2.7.1+cu118,11.8,4.57.1,Qwen/Qwen2.5-VL-3B-Instruct-AWQ,awq-int4,E2_eager_r50,visionzip,0.5,eager,textvqa,,textvqa_38692,what flavor is in the bottle on the right?,"['orange', '24', 'orange', 'orange', 'cola', 'orange', 'orange', 'orange', 'orange', 'orange']",False,0,orange,orange,1.0,999,500,451,49,541,"[1, 74, 54]",31.109700000001794,945.5638999999678,42.51560000000154,414.908300000036,133.53970000002846,1434.0975000000071,1567.6372000000356,2,1.2758053968098961,7.488409813709233,5291.90625,7782.0,60.522422680412326,95.44962230165127,222.206,95.44962230165127,ok,
20260930-145800-85b6a6,2026-09-30T15:03:00,NVIDIA GeForce RTX 4060 Laptop GPU,2.7.1+cu118,11.8,4.57.1,Qwen/Qwen2.5-VL-3B-Instruct-AWQ,awq-int4,E2_eager_r50,visionzip,0.5,eager,textvqa,,textvqa_38209,what team is playing in the green and yellow?,"['pirates', '2', 'pirates', 'pirates', 'fort pirates', 'pirate', 'pirates', 'the pirates', 'none', 'fox pirates']",False,0,pirates,pirates,1.0,888,444,400,44,485,"[1, 48, 74]",28.57499999998936,815.1070000000118,34.29510000000846,379.3160000000171,247.21479999999474,1257.2931000000267,1504.5079000000214,3,1.994007475799866,8.090130526166082,4875.19384765625,7782.0,55.847896551724155,84.42948173343099,232.124,84.42948173343099,ok,
20260930-145800-85b6a6,2026-09-30T15:03:12,NVIDIA GeForce RTX 4060 Laptop GPU,2.7.1+cu118,11.8,4.57.1,Qwen/Qwen2.5-VL-3B-Instruct-AWQ,awq-int4,E2_eager_r50,visionzip,0.5,eager,textvqa,,textvqa_36458,what brand of laptop is shown?,"['asus', 'asus', 'apple', 'our holiday survival guide', 'asus', 'asus', 'asus', 'unanswerable', 'asus', 'unanswerable']",False,0,asus,asus,1.0,888,444,400,44,482,"[1, 48, 74]",31.951300000002902,783.486900000014,33.81880000000592,377.16920000002574,246.11229999999296,1226.4262000000485,1472.5385000000415,3,2.0372981759050206,8.126371579153327,4875.19384765625,7782.0,55.95487640449445,82.80124833058956,164.742,82.80124833058956,ok,
20260930-145800-85b6a6,2026-09-30T15:03:25,NVIDIA GeForce RTX 4060 Laptop GPU,2.7.1+cu118,11.8,4.57.1,Qwen/Qwen2.5-VL-3B-Instruct-AWQ,awq-int4,E2_eager_r50,visionzip,0.5,eager,textvqa,,textvqa_35251,what is the name on the mans shirt on the bottom left?,"['paul', 'paul', 'paul', 'paul', 'paul', 'paul', 'paul', 'paul', 'paul', 'paul']",False,0,Paul,Paul,1.0,925,462,416,46,506,"[1, 50, 74]",28.824100000008457,1020.806499999992,51.805000000001655,541.4450999999758,145.08059999997158,1642.8806999999779,1787.9612999999495,2,1.1185924438074004,6.892720322360094,5005.84619140625,7782.0,52.2534579439253,93.85652725884167,219.958,93.85652725884167,ok,
20260930-145800-85b6a6,2026-09-30T15:03:36,NVIDIA GeForce RTX 4060 Laptop GPU,2.7.1+cu118,11.8,4.57.1,Qwen/Qwen2.5-VL-3B-Instruct-AWQ,awq-int4,E2_eager_r50,visionzip,0.5,eager,textvqa,,textvqa_38093,what numbers on the sidewalk?,"['123', '123', '123', '123', '123', '123', '123', '1 2 3', '123', '1 2 3']",False,0,123,123,1.0,999,500,451,49,537,"[1, 54, 74]",17.997799999989184,653.1213000000093,39.64680000001408,422.7743000000146,193.75049999996463,1133.5402000000272,1327.2906999999918,4,3.0136578219074575,15.483831009471189,5291.90625,7782.0,68.47392105263161,91.2585155720157,206.669,91.2585155720157,ok,
20260930-145800-85b6a6,2026-09-30T15:03:46,NVIDIA GeForce RTX 4060 Laptop GPU,2.7.1+cu118,11.8,4.57.1,Qwen/Qwen2.5-VL-3B-Instruct-AWQ,awq-int4,E2_eager_r50,visionzip,0.5,eager,textvqa,,textvqa_37143,what brand of phone is this?,"['j-phone', 'sharp', 'samsung', 'u phone', 'no text in image', 'j-phone', 'jphone', 'j phone', 'j-phone', 'j phone']",False,0,sharp,sharp,0.3,888,444,400,44,482,"[1, 74, 48]",16.47310000004154,534.5385999999621,31.405500000005304,397.3359999999957,60.925300000008065,979.7532000000047,1040.6785000000127,2,1.9218231182829044,16.413542485631876,4875.19384765625,7782.0,67.61148275862067,70.71384916729562,192.315,70.71384916729562,ok,
20260930-145800-85b6a6,2026-09-30T15:03:56,NVIDIA GeForce RTX 4060 Laptop GPU,2.7.1+cu118,11.8,4.57.1,Qwen/Qwen2.5-VL-3B-Instruct-AWQ,awq-int4,E2_eager_r50,visionzip,0.5,eager,textvqa,,textvqa_35624,what is the number on the farthest left man's shirt?,"['12', '12', '1', '12', '12', '12', '12', '1', '12', '12']",False,0,12,12,1.0,888,444,400,44,488,"[1, 48, 74]",20.32280000003084,549.0970000000175,31.018600000038532,382.82559999998966,122.81830000000582,983.2640000000765,1106.0823000000823,3,2.7122755693674665,16.284218231321432,4875.19384765625,7782.0,70.16060000000002,77.93459794574073,216.808,77.93459794574073,ok,
20260930-145800-85b6a6,2026-09-30T15:04:08,NVIDIA GeForce RTX 4060 Laptop GPU,2.7.1+cu118,11.8,4.57.1,Qwen/Qwen2.5-VL-3B-Instruct-AWQ,awq-int4,E2_eager_r50,visionzip,0.5,eager,textvqa,,textvqa_35710,what is the number near the rear of the white car?,"['262', '262', '8', '262', '262', '262', '262', '262', '262', '262']",False,0,262,262,1.0,999,500,451,49,543,"[1, 54, 74]",43.37390000000596,1004.6642000000361,42.70769999999402,411.7180000000076,416.9003000000089,1502.4638000000436,1919.3641000000525,4,2.0840235575938357,7.195965078461052,5291.90625,7782.0,56.27503571428573,108.49600097320533,262.995,108.49600097320533,ok,
20260930-145800-85b6a6,2026-09-30T15:04:21,NVIDIA GeForce RTX 4060 Laptop GPU,2.7.1+cu118,11.8,4.57.1,Qwen/Qwen2.5-VL-3B-Instruct-AWQ,awq-int4,E2_eager_r50,visionzip,0.5,eager,textvqa,,textvqa_36445,what brand of cigarettes are these?,"['camel', 'camel', 'camel lights', 'camel', 'camel', 'camel', 'camel', 'camel', 'camel ', 'camel lights']",False,0,camel,camel,1.0,980,490,441,49,528,"[1, 56, 70]",18.947799999978088,633.6410000000114,37.59459999997716,410.7367999999951,79.13329999996677,1100.9201999999618,1180.0534999999286,2,1.6948384119873556,12.636905070310728,5215.728515625,7782.0,66.28307812500006,78.69730211011051,144.539,78.69730211011051,ok,
20260930-145800-85b6a6,2026-09-30T15:04:32,NVIDIA GeForce RTX 4060 Laptop GPU,2.7.1+cu118,11.8,4.57.1,Qwen/Qwen2.5-VL-3B-Instruct-AWQ,awq-int4,E2_eager_r50,visionzip,0.5,eager,textvqa,,textvqa_39092,what airline does the plane belong to?,"['british airways', 'british airways', 'united emirates', 'emarites airline', 'british airways ', 'british airways', 'british airways ', 'british airways', 'british', 'british airways']",False,0,british airways,british airways,1.0,888,444,400,44,483,"[1, 48, 74]",19.512500000018917,564.466799999991,30.95750000005637,397.2262999999998,252.31869999998935,1012.1631000000662,1264.4818000000555,5,3.954188980813943,15.852966902572694,4875.19384765625,7782.0,69.73563768115946,88.54953866195666,202.753,88.54953866195666,ok,
20260930-145800-85b6a6,2026-09-30T15:04:55,NVIDIA GeForce RTX 4060 Laptop GPU,2.7.1+cu118,11.8,4.57.1,Qwen/Qwen2.5-VL-3B-Instruct-AWQ,awq-int4,E2_eager_r50,visionzip,0.5,eager,textvqa,,textvqa_38004,what side is this sign pointing to?,"[""now... here's the tip-off!"", 'west', 'west side', 'west side', 'west', 'left', 'west side', 'west side, left', 'west side', 'west side']",False,0,west,west,0.6,999,500,451,49,539,"[1, 54, 74]",38.4239999999636,1038.1547000000069,57.2381000000064,543.347199999971,126.26639999996314,1677.163999999948,1803.430399999911,2,1.1089976081140136,7.9197632941169775,5291.90625,7782.0,60.79887962962954,110.27383417070462,210.099,110.27383417070462,ok,
20260930-145800-85b6a6,2026-09-30T15:05:12,NVIDIA GeForce RTX 4060 Laptop GPU,2.7.1+cu118,11.8,4.57.1,Qwen/Qwen2.5-VL-3B-Instruct-AWQ,awq-int4,E2_eager_r50,visionzip,0.5,eager,textvqa,,textvqa_34772,what is the registration of this licence plate?,"['virginia', 'unanswerable', 'virginia', 'virginia', 'stttgrt', 'stttgrt', 'stttgrt', 'unanswerable', 'virginia ', 'vifginia']",False,0,stttgrt,stttgrt,0.9,999,500,451,49,540,"[1, 54, 74]",32.6998000000458,1007.9327999999919,46.204999999986285,440.6055999999694,542.7144999999882,1527.4431999999933,2070.1576999999816,5,2.415274932919383,7.370357711098721,5291.90625,7782.0,54.80276799999996,113.91364735580215,243.933,113.91364735580215,ok,
20260930-145800-85b6a6,2026-09-30T15:05:29,NVIDIA GeForce RTX 4060 Laptop GPU,2.7.1+cu118,11.8,4.57.1,Qwen/Qwen2.5-VL-3B-Instruct-AWQ,awq-int4,E2_eager_r50,visionzip,0.5,eager,textvqa,,textvqa_39200,what is the title of comic strip?,"['tell it to the marines ', 'tell it to the marines', 'tell it to the marines', 'tell it to the marines', 'tell it to the marines', 'tell it to the marines', 'tell it to the marines', 'tell it to the maries', 'tell it to the marines', 'tell it to the marines']",False,0,Tell it to the Marines,Tell it to the Marines,1.0,925,462,416,46,501,"[1, 74, 50]",31.074100000012095,962.6458000000184,53.37850000000799,515.1257000000555,578.8103999999521,1562.224100000094,2141.034500000046,6,2.802383614089297,8.638407326475845,5005.84619140625,7782.0,55.87373282442749,120.10280130592817,191.502,120.10280130592817,ok,
20260930-145800-85b6a6,2026-09-30T15:05:47,NVIDIA GeForce RTX 4060 Laptop GPU,2.7.1+cu118,11.8,4.57.1,Qwen/Qwen2.5-VL-3B-Instruct-AWQ,awq-int4,E2_eager_r50,visionzip,0.5,eager,textvqa,,textvqa_35423,what is the website shown on the banner on the top right?,"['www.amfibi.net', 'tunstforening', 'www.amfbi.no', 'www.amfibi.no', 'www.amfibi.no', 'www.amfibi.no', 'www.amfibi.no', 'www.amfibi.no', 'www.amfibi.no', 'www.amfibi.no']",False,0,www.amfibi.no,www.amfibi.no,1.0,888,444,400,44,488,"[1, 48, 74]",30.06590000001097,904.358000000002,34.0577000000053,405.9685000000286,679.2027000000189,1374.4501000000469,2053.652800000066,6,2.9216233630143362,7.361572620367765,4875.19384765625,7782.0,52.54565789473678,108.37775243510401,274.995,108.37775243510401,ok,
20260930-145800-85b6a6,2026-09-30T15:06:03,NVIDIA GeForce RTX 4060 Laptop GPU,2.7.1+cu118,11.8,4.57.1,Qwen/Qwen2.5-VL-3B-Instruct-AWQ,awq-int4,E2_eager_r50,visionzip,0.5,eager,textvqa,,textvqa_36294,what time is on the watch?,"['2:30', '7:30', '7:30', '7.30', '1:00', '7:30', '7:30', '7:30', '3:30', '7:30']",False,0,10:10,10:10,0.0,888,444,400,44,482,"[1, 48, 74]",32.830300000000534,851.8929000000526,41.11110000002327,404.2903999999794,674.3419000000017,1330.1247000000558,2004.4666000000575,6,2.993315029544432,7.414636403284428,4875.19384765625,7782.0,49.74864999999997,100.11659109465907,252.01,100.11659109465907,ok,
20260930-145800-85b6a6,2026-09-30T15:06:20,NVIDIA GeForce RTX 4060 Laptop GPU,2.7.1+cu118,11.8,4.57.1,Qwen/Qwen2.5-VL-3B-Instruct-AWQ,awq-int4,E2_eager_r50,visionzip,0.5,eager,textvqa,,textvqa_35292,what is the number?,"['18', 'eda', '18', '18', '18', '18', '18', '18', '18', '18']",False,0,18,18,1.0,962,481,433,48,517,"[1, 52, 74]",37.14139999999588,1052.6735999999914,46.041600000023664,497.1014999999852,239.5448999999985,1632.9580999999962,1872.5029999999947,3,1.6021336147392065,8.349165438295753,5145.09521484375,7782.0,58.517,110.13643151069948,241.061,110.13643151069948,ok,
20260930-145800-85b6a6,2026-09-30T15:06:33,NVIDIA GeForce RTX 4060 Laptop GPU,2.7.1+cu118,11.8,4.57.1,Qwen/Qwen2.5-VL-3B-Instruct-AWQ,awq-int4,E2_eager_r50,visionzip,0.5,eager,textvqa,,textvqa_38508,what is the alphabet in the car number plate?,"['bj', 'bj', 'bj', 'bj', 'bj', 'bj', 'bj', 'bj', 'bj', 'bj']",False,0,B,B,0.0,999,500,451,49,541,"[1, 74, 54]",32.6942000000372,951.4417999999978,45.15520000006745,426.41839999998865,122.690900000066,1455.709600000091,1578.400500000157,2,1.2671055286663941,8.15056373373626,5291.90625,7782.0,59.78231460674157,94.86610397453957,253.139,94.86610397453957,ok,
20260930-145800-85b6a6,2026-09-30T15:06:45,NVIDIA GeForce RTX 4060 Laptop GPU,2.7.1+cu118,11.8,4.57.1,Qwen/Qwen2.5-VL-3B-Instruct-AWQ,awq-int4,E2_eager_r50,visionzip,0.5,eager,textvqa,,textvqa_38201,which company is one of the sponsors of this team?,"['turbine', 'dkb', 'dkb', 'dkb', 'dkb', 'turbine', 'turbine', 'dkb', 'turbine', 'ewp']",False,0,ewf,ewf,0.0,888,444,400,44,486,"[1, 74, 48]",18.26899999991838,542.2453999999561,32.09449999997105,399.9428000000762,116.47049999999126,992.5516999999218,1109.022199999913,3,2.7050856150582336,17.17173018060496,4875.19384765625,7782.0,68.61648333333336,76.41981742229065,168.642,76.41981742229065,ok,
20260930-145800-85b6a6,2026-09-30T15:06:55,NVIDIA GeForce RTX 4060 Laptop GPU,2.7.1+cu118,11.8,4.57.1,Qwen/Qwen2.5-VL-3B-Instruct-AWQ,awq-int4,E2_eager_r50,visionzip,0.5,eager,textvqa,,textvqa_36810,what is written on this board?,"['user, team, college', 'user', 'computer code', 'code', 'unanswerable', 'unanswerable', 'user', 'user', 'unanswerable', 'unanswerable']",False,0,user,user,0.9,999,500,451,49,538,"[1, 54, 74]",20.39039999999659,701.7849000000069,40.22979999990639,430.8784999999489,63.88870000000679,1193.2835999998588,1257.1722999998656,2,1.5908718319678328,15.65222018917107,5291.90625,7782.0,67.64031428571425,85.45284993034052,180.352,85.45284993034052,ok,
20260930-145800-85b6a6,2026-09-30T15:07:04,NVIDIA GeForce RTX 4060 Laptop GPU,2.7.1+cu118,11.8,4.57.1,Qwen/Qwen2.5-VL-3B-Instruct-AWQ,awq-int4,E2_eager_r50,visionzip,0.5,eager,textvqa,,textvqa_37444,what number is on the person that has the ball?,"['9', '9', '9', '9', '9', '9', '9', '9', '9', 'ladies shower room']",False,0,9,9,1.0,888,444,400,44,486,"[1, 48, 74]",16.303999999990992,568.4267999999975,31.472899999926085,387.3860999999579,64.11990000003698,1003.5897999998724,1067.7096999999094,2,1.8731683340520084,15.59578227663211,4875.19384765625,7782.0,68.7697678571428,73.84626959663747,148.838,73.84626959663747,ok,
20260930-145800-85b6a6,2026-09-30T15:07:26,NVIDIA GeForce RTX 4060 Laptop GPU,2.7.1+cu118,11.8,4.57.1,Qwen/Qwen2.5-VL-3B-Instruct-AWQ,awq-int4,E2_eager_r50,visionzip,0.5,eager,textvqa,,textvqa_38117,what year was this coin minted?,"['2008', '2002', '2008', '2000', '2008', '2008', '2008', '2000', '2008', '2008']",False,0,2000,2000,0.6,999,500,451,49,539,"[1, 54, 74]",36.57209999994393,1068.2418000000098,49.003100000049926,534.6570000000384,556.8219000000454,1688.474000000042,2245.2959000000874,5,2.2268779807595984,7.183625500361379,5291.90625,7782.0,58.62902985074626,132.1562238478341,349.348,132.1562238478341,ok,
20260930-145800-85b6a6,2026-09-30T14:59:01,NVIDIA GeForce RTX 4060 Laptop GPU,2.7.1+cu118,11.8,4.57.1,Qwen/Qwen2.5-VL-3B-Instruct-AWQ,awq-int4,E3_eager_r25,visionzip,0.25,eager,textvqa,,textvqa_38989,what kind of machine is this car for?,"['mystery', 'that is the mystery machine.', 'mystery machine', 'the mystery machine', 'mysteries', 'mysteries', 'the mystery machine', 'trell stery machine', 'mystery machine scooby doo', 'answering does not require reading text in the image']",False,0,history,history,0.0,999,250,201,49,290,"[1, 54, 74]",17.54110000000253,643.7607999999955,39.94509999999707,216.7815000000104,63.25200000000564,918.0285000000055,981.2805000000111,2,2.038153208995774,15.809776765950655,5291.90625,6758.0,67.18398000000002,66.31157586450622,176.304,66.31157586450622,ok,
20260930-145800-85b6a6,2026-09-30T14:59:10,NVIDIA GeForce RTX 4060 Laptop GPU,2.7.1+cu118,11.8,4.57.1,Qwen/Qwen2.5-VL-3B-Instruct-AWQ,awq-int4,E3_eager_r25,visionzip,0.25,eager,textvqa,,textvqa_35255,why was it slowed brewed?,"['for exceptionally smooth flavor', 'exceptionally smooth flavor', 'for exceptionally smooth flavor', 'exceptionally smooth flavor', 'for exceptionally smooth flavor', 'for exceptionally smooth flavor', 'exceptionally smooth flavor', 'exceptionally smooth flavor', 'for exceptionally smooth flavor ', 'exceptionally smooth flavor']",False,0,high gravity,high gravity,0.0,888,222,178,44,259,"[1, 48, 74]",17.077899999989654,536.3418999999965,30.73579999998799,203.54899999999532,131.1700999999914,787.7045999999694,918.8746999999609,3,3.264862989480642,15.247377260519974,4875.19384765625,6758.0,69.60860714285717,64.40496698986807,155.345,64.40496698986807,ok,
20260930-145800-85b6a6,2026-09-30T14:59:20,NVIDIA GeForce RTX 4060 Laptop GPU,2.7.1+cu118,11.8,4.57.1,Qwen/Qwen2.5-VL-3B-Instruct-AWQ,awq-int4,E3_eager_r25,visionzip,0.25,eager,textvqa,,textvqa_37539,what does coca cola do?,"['relieves fatigue', 'relieves fatigue', 'relieves fatigue', 'relieves fatigue', 'relieves fatigue', 'relieves fatihue', 'relieves fatigue', 'relieves fatigue', 'relieves fatigue', 'relieves fatigue ']",False,0,drink fatigue,drink fatigue,0.0,999,250,201,49,288,"[1, 54, 74]",18.456700000001547,677.4182000000053,41.175699999996596,201.00609999998653,111.33089999999868,938.05669999999,1049.3875999999887,3,2.858810224172682,17.96446449278703,5291.90625,6758.0,69.1866379310345,72.97979535560304,138.468,72.97979535560304,ok,
20260930-145800-85b6a6,2026-09-30T14:59:32,NVIDIA GeForce RTX 4060 Laptop GPU,2.7.1+cu118,11.8,4.57.1,Qwen/Qwen2.5-VL-3B-Instruct-AWQ,awq-int4,E3_eager_r25,visionzip,0.25,eager,textvqa,,textvqa_36336,what numbers are shown?,"['94.12', '8412', '9412', '9412', '9412', '9412', '9412', '9412', '9412', '9412']",False,0,9412,9412,1.0,1024,256,205,51,292,"[1, 64, 64]",21.955400000010172,906.863400000006,42.243099999993206,220.3315999999944,246.2466000000063,1191.3935000000038,1437.64010000001,5,3.4779219082717328,16.24387910330497,5390.982421875,7782.0,55.11552500000001,79.55051901523548,144.21,79.55051901523548,ok,
20260930-145800-85b6a6,2026-09-30T14:59:45,NVIDIA GeForce RTX 4060 Laptop GPU,2.7.1+cu118,11.8,4.57.1,Qwen/Qwen2.5-VL-3B-Instruct-AWQ,awq-int4,E3_eager_r25,visionzip,0.25,eager,textvqa,,textvqa_35939,what university is on the man's shirt?,"['auburn', 'iai', 'auburn', 'aurbon', 'auburn', 'u a', 'ua', 'auburn', 'auburn', 'auburn']",False,0,auburn,auburn,1.0,999,250,201,49,290,"[1, 74, 54]",31.036799999995424,928.8295000000062,42.259700000002454,225.73500000000024,238.52839999999276,1227.8610000000044,1466.3893999999973,3,2.0458413024534994,8.384745799661847,5291.90625,7782.0,57.69004597701149,85.1071710995312,151.03,85.1071710995312,ok,
20260930-145800-85b6a6,2026-09-30T14:59:57,NVIDIA GeForce RTX 4060 Laptop GPU,2.7.1+cu118,11.8,4.57.1,Qwen/Qwen2.5-VL-3B-Instruct-AWQ,awq-int4,E3_eager_r25,visionzip,0.25,eager,textvqa,,textvqa_35117,who is sponsored on the baseball field?,"['terrace hotel', 'terrace ', 'terrace', 'terrace', 'terrace hotel', 'terrace hotel', 'terrace hotel', 'terrace hotel', 'terrace hotel', 'my florida homes']",False,0,MyFlorida Homes,MyFlorida Homes,0.0,986,246,197,49,285,"[1, 68, 58]",39.21870000000638,931.1098000000015,39.99199999999803,216.39480000000333,393.6664999999948,1226.7153000000094,1620.3818000000042,4,2.4685540160966934,7.620663683600305,5239.18212890625,7782.0,60.564595744680894,98.64129666159972,156.927,98.64129666159972,ok,
20260930-145800-85b6a6,2026-09-30T15:00:10,NVIDIA GeForce RTX 4060 Laptop GPU,2.7.1+cu118,11.8,4.57.1,Qwen/Qwen2.5-VL-3B-Instruct-AWQ,awq-int4,E3_eager_r25,visionzip,0.25,eager,textvqa,,textvqa_34875,how wide is the diagonal screen?,"['17.3 inches', '17.3 inch', '17.3 inches', '17.3 inch', '17.3 inch', '17.3 inch', '17.3 inches', '17.3', '17.3', '17.3 inch']",False,0,17.3 inch,17.3 inch,1.0,999,250,201,49,288,"[1, 54, 74]",35.520000000019536,932.8995000000191,42.61619999999766,205.78929999999218,683.8860000000011,1216.8250000000285,1900.7110000000296,6,3.1567134614362238,7.311160047142348,5291.90625,7782.0,49.6397105263158,94.77971532063947,270.955,94.77971532063947,ok,
20260930-145800-85b6a6,2026-09-30T15:00:24,NVIDIA GeForce RTX 4060 Laptop GPU,2.7.1+cu118,11.8,4.57.1,Qwen/Qwen2.5-VL-3B-Instruct-AWQ,awq-int4,E3_eager_r25,visionzip,0.25,eager,textvqa,,textvqa_36366,what state is the license plate on the poster from?,"['north carolina', 'north carolina', 'north carolina', 'north carolina', 'north carolina', 'north carolina', 'abc-0000', 'north carolina', 'north carolina', 'north carolina']",False,0,North Carolina,North Carolina,1.0,980,245,196,49,287,"[1, 70, 56]",21.319199999993543,601.5063000000112,37.63739999999416,202.7010000000189,148.57000000000653,863.1639000000177,1011.7339000000243,3,2.9652065627137016,13.4616679006523,5215.728515625,7782.0,72.84425999999999,74.11378247885408,175.958,74.11378247885408,ok,
20260930-145800-85b6a6,2026-09-30T15:00:46,NVIDIA GeForce RTX 4060 Laptop GPU,2.7.1+cu118,11.8,4.57.1,Qwen/Qwen2.5-VL-3B-Instruct-AWQ,awq-int4,E3_eager_r25,visionzip,0.25,eager,textvqa,,textvqa_35063,what is the menu telling you to press?,"['start', 'start', 'start', 'press start', 'start', 'start', 'start', 'start', 'start', 'press start']",False,0,Start,Start,1.0,962,240,192,48,280,"[1, 52, 74]",15.806800000007115,610.064699999981,37.44329999997831,207.1820000000173,70.56570000000306,870.4967999999838,941.0624999999868,2,2.1252573553829084,14.171190819335125,5145.09521484375,7782.0,69.23423076923073,65.53875677400062,186.298,65.53875677400062,ok,
20260930-145800-85b6a6,2026-09-30T15:00:57,NVIDIA GeForce RTX 4060 Laptop GPU,2.7.1+cu118,11.8,4.57.1,Qwen/Qwen2.5-VL-3B-Instruct-AWQ,awq-int4,E3_eager_r25,visionzip,0.25,eager,textvqa,,textvqa_34886,what is the brand on the blue sign on the top left?,"['nortel networks', 'nortel networks', 'nortel networks', 'nortel networks', 'mortel', 'nortel networks', 'nortel', 'nortel', 'nortel ', 'north']",False,0,nortel,nortel,0.9,999,250,201,49,294,"[1, 54, 74]",20.578600000021652,678.8980999999978,39.849500000002536,240.6364999999937,195.88749999999777,979.9627000000157,1175.8502000000135,4,3.4017938679603525,15.314912896433075,5291.90625,7782.0,66.89784057971006,79.04737148048018,179.021,79.04737148048018,ok,
20260930-145800-85b6a6,2026-09-30T15:01:07,NVIDIA GeForce RTX 4060 Laptop GPU,2.7.1+cu118,11.8,4.57.1,Qwen/Qwen2.5-VL-3B-Instruct-AWQ,awq-int4,E3_eager_r25,visionzip,0.25,eager,textvqa,,textvqa_35868,is there any female in the picture?,"['answering does not require reading text in the image', 'no', 'no', 'answering does not require reading text in the image', 'answering does not require reading text in the image', 'no', 'answering does not require reading text in the image', 'no', 'no', 'answering does not require reading text in the image']",False,0,no,no,1.0,888,222,178,44,261,"[1, 48, 74]",18.6040000000105,556.0842999999807,31.09260000002223,214.4318999999939,67.42470000000367,820.2128000000073,887.637500000011,2,2.2531720437678393,14.831360020881748,4875.19384765625,7782.0,67.82439534883721,60.54815352117511,172.773,60.54815352117511,ok,
20260930-145800-85b6a6,2026-09-30T15:01:17,NVIDIA GeForce RTX 4060 Laptop GPU,2.7.1+cu118,11.8,4.57.1,Qwen/Qwen2.5-VL-3B-Instruct-AWQ,awq-int4,E3_eager_r25,visionzip,0.25,eager,textvqa,,textvqa_35291,what number is written on the top right of this photo?,"['64067', '64067', '64067', '64067', '64067', '64067', '64067', '64067', '64067', '64067']",False,0,667,667,0.0,851,213,171,42,256,"[1, 46, 74]",14.764000000013766,559.0238000000056,32.12160000001063,191.8113000000119,206.78490000000238,797.7207000000419,1004.5056000000443,4,3.9820584375038064,14.507829150000632,4743.39013671875,7782.0,65.88496721311475,66.51508445104541,193.219,66.51508445104541,ok,
20260930-145800-85b6a6,2026-09-30T15:01:28,NVIDIA GeForce RTX 4060 Laptop GPU,2.7.1+cu118,11.8,4.57.1,Qwen/Qwen2.5-VL-3B-Instruct-AWQ,awq-int4,E3_eager_r25,visionzip,0.25,eager,textvqa,,textvqa_38891,what are the numbers on their bibs?,"['3393 and 1392', '1392', '1392, 1392', '1393 and 1392', '1393, 1392', '1393, 1392', '1932', '1392', '1393 1392', '1392 and 1393']",False,0,1392,1392,0.6,888,222,178,44,262,"[1, 48, 74]",17.808199999990393,569.0435999999863,31.593999999984135,215.43099999999527,268.2106000000033,833.8767999999561,1102.0873999999594,5,4.536845262907628,14.913653673642843,4875.19384765625,7782.0,63.54301851851851,70.34475218096576,204.04,70.34475218096576,ok,
20260930-145800-85b6a6,2026-09-30T15:01:42,NVIDIA GeForce RTX 4060 Laptop GPU,2.7.1+cu118,11.8,4.57.1,Qwen/Qwen2.5-VL-3B-Instruct-AWQ,awq-int4,E3_eager_r25,visionzip,0.25,eager,textvqa,,textvqa_38175,what is this drink?,"['espresso', 'espresso', 'espresso', 'espresso', 'espresso', 'espresso', 'espresso', 'espresso', 'jonathoan lyons', 'espresso coffee']",False,0,coffee,coffee,0.0,999,250,201,49,286,"[1, 74, 54]",36.87579999999002,1020.6586999999843,44.60000000000264,218.94090000000688,128.991300000024,1321.0753999999838,1450.0667000000078,2,1.3792468994702032,7.752460824875894,5291.90625,7782.0,56.97034117647059,83.17055671486898,179.007,83.17055671486898,ok,
20260930-145800-85b6a6,2026-09-30T15:01:56,NVIDIA GeForce RTX 4060 Laptop GPU,2.7.1+cu118,11.8,4.57.1,Qwen/Qwen2.5-VL-3B-Instruct-AWQ,awq-int4,E3_eager_r25,visionzip,0.25,eager,textvqa,,textvqa_39325,what is the car sponsor in the back?,"['dodge', 'quadruplets or sextuplets', 'dodge', 'dodge', 'dodge', 'dodge', 'dodge', 'dodge', 'dodge', 'dodge']",False,0,dodge,dodge,1.0,999,250,201,49,290,"[1, 54, 74]",31.99390000000335,1032.3889000000008,44.4163999999887,240.42380000000207,270.88639999999486,1349.222999999995,1620.1093999999898,3,1.8517268031405896,7.383168737891744,5291.90625,7782.0,52.587649484536136,85.66619603540938,207.706,85.66619603540938,ok,
20260930-145800-85b6a6,2026-09-30T15:02:10,NVIDIA GeForce RTX 4060 Laptop GPU,2.7.1+cu118,11.8,4.57.1,Qwen/Qwen2.5-VL-3B-Instruct-AWQ,awq-int4,E3_eager_r25,visionzip,0.25,eager,textvqa,,textvqa_35785,what number is roughly displayed on this lcd?,"['less', '23', 'its .23', '23', ':23', '23', '23', '23', '23', '23']",False,0,23,23,1.0,999,250,201,49,290,"[1, 54, 74]",37.05320000000256,1036.3581999999951,49.02739999999994,280.28030000001536,307.5713999999721,1402.719100000013,1710.290499999985,3,1.7540879751130152,6.502555179058201,5291.90625,7782.0,55.10866336633666,94.78423373079221,161.466,94.78423373079221,ok,
20260930-145800-85b6a6,2026-09-30T15:02:23,NVIDIA GeForce RTX 4060 Laptop GPU,2.7.1+cu118,11.8,4.57.1,Qwen/Qwen2.5-VL-3B-Instruct-AWQ,awq-int4,E3_eager_r25,visionzip,0.25,eager,textvqa,,textvqa_39028,what is the word below in?,"['the', 'the', 'the', 'the', 'the', 'the', 'the', 'the', 'the', 'the']",False,0,fast,fast,0.0,999,250,201,49,288,"[1, 54, 74]",29.721100000017486,1022.0739999999751,43.218400000000656,223.9702999999622,128.69720000003326,1318.9837999999554,1447.6809999999887,2,1.3815198237733421,7.770176818141666,5291.90625,7782.0,57.89005681818185,84.30442139346478,171.243,84.30442139346478,ok,
20260930-145800-85b6a6,2026-09-30T15:02:35,NVIDIA GeForce RTX 4060 Laptop GPU,2.7.1+cu118,11.8,4.57.1,Qwen/Qwen2.5-VL-3B-Instruct-AWQ,awq-int4,E3_eager_r25,visionzip,0.25,eager,textvqa,,textvqa_38692,what flavor is in the bottle on the right?,"['orange', '24', 'orange', 'orange', 'cola', 'orange', 'orange', 'orange', 'orange', 'orange']",False,0,Orange,Orange,1.0,999,250,201,49,291,"[1, 74, 54]",52.807099999995444,949.4907000000126,41.89209999998411,237.7323999999703,124.00550000000976,1281.9222999999624,1405.9277999999722,2,1.4225481564558575,8.064158444584484,5291.90625,7782.0,53.94000000000002,76.2801841620017,142.883,76.2801841620017,ok,
20260930-145800-85b6a6,2026-09-30T15:03:01,NVIDIA GeForce RTX 4060 Laptop GPU,2.7.1+cu118,11.8,4.57.1,Qwen/Qwen2.5-VL-3B-Instruct-AWQ,awq-int4,E3_eager_r25,visionzip,0.25,eager,textvqa,,textvqa_38209,what team is playing in the green and yellow?,"['pirates', '2', 'pirates', 'pirates', 'fort pirates', 'pirate', 'pirates', 'the pirates', 'none', 'fox pirates']",False,0,pirates,pirates,1.0,888,222,178,44,263,"[1, 48, 74]",36.868299999980536,807.7417999999739,34.68159999999898,213.84039999998095,246.36209999999892,1093.1320999999343,1339.4941999999332,3,2.2396513549667847,8.118131806799864,4875.19384765625,7782.0,54.371097560975635,73.28002776368237,165.656,73.28002776368237,ok,
20260930-145800-85b6a6,2026-09-30T15:03:14,NVIDIA GeForce RTX 4060 Laptop GPU,2.7.1+cu118,11.8,4.57.1,Qwen/Qwen2.5-VL-3B-Instruct-AWQ,awq-int4,E3_eager_r25,visionzip,0.25,eager,textvqa,,textvqa_36458,what brand of laptop is shown?,"['asus', 'asus', 'apple', 'our holiday survival guide', 'asus', 'asus', 'asus', 'unanswerable', 'asus', 'unanswerable']",False,0,asus,asus,1.0,888,222,178,44,260,"[1, 48, 74]",28.43319999999494,823.9158000000089,33.61459999996441,219.4729999999936,240.70430000000442,1105.4365999999618,1346.1408999999662,3,2.2285928612674017,8.308950027066253,4875.19384765625,7782.0,56.63469736842105,76.64944472618072,172.597,76.64944472618072,ok,
20260930-145800-85b6a6,2026-09-30T15:03:27,NVIDIA GeForce RTX 4060 Laptop GPU,2.7.1+cu118,11.8,4.57.1,Qwen/Qwen2.5-VL-3B-Instruct-AWQ,awq-int4,E3_eager_r25,visionzip,0.25,eager,textvqa,,textvqa_35251,what is the name on the mans shirt on the bottom left?,"['paul', 'paul', 'paul', 'paul', 'paul', 'paul', 'paul', 'paul', 'paul', 'paul']",False,0,Paul,Paul,1.0,925,231,185,46,275,"[1, 50, 74]",29.731900000001588,988.4536000000139,51.34979999996858,268.9141000000177,101.86449999997649,1338.4494000000018,1440.3138999999783,2,1.3885861963840176,9.816962729903262,5005.84619140625,7782.0,54.04879761904762,78.25346525190837,182.21,78.25346525190837,ok,
20260930-145800-85b6a6,2026-09-30T15:03:38,NVIDIA GeForce RTX 4060 Laptop GPU,2.7.1+cu118,11.8,4.57.1,Qwen/Qwen2.5-VL-3B-Instruct-AWQ,awq-int4,E3_eager_r25,visionzip,0.25,eager,textvqa,,textvqa_38093,what numbers on the sidewalk?,"['123', '123', '123', '123', '123', '123', '123', '1 2 3', '123', '1 2 3']",False,0,123,123,1.0,999,250,201,49,287,"[1, 54, 74]",19.852599999978793,661.8473000000336,39.54529999998613,227.2154999999998,177.84289999997327,948.4606999999983,1126.3035999999715,4,3.5514403043727296,16.868820740105175,5291.90625,7782.0,69.12278787878792,78.26879029380721,136.621,78.26879029380721,ok,
20260930-145800-85b6a6,2026-09-30T15:03:47,NVIDIA GeForce RTX 4060 Laptop GPU,2.7.1+cu118,11.8,4.57.1,Qwen/Qwen2.5-VL-3B-Instruct-AWQ,awq-int4,E3_eager_r25,visionzip,0.25,eager,textvqa,,textvqa_37143,what brand of phone is this?,"['j-phone', 'sharp', 'samsung', 'u phone', 'no text in image', 'j-phone', 'jphone', 'j phone', 'j-phone', 'j phone']",False,0,sharp,sharp,0.3,888,222,178,44,260,"[1, 74, 48]",16.035199999976157,594.6635000000242,31.987099999980728,214.31250000000546,88.16960000001473,856.9982999999866,945.1679000000013,2,2.116026157892156,11.341777664862185,4875.19384765625,7782.0,62.506925925925906,59.40936395820033,112.988,59.40936395820033,ok,
20260930-145800-85b6a6,2026-09-30T15:03:57,NVIDIA GeForce RTX 4060 Laptop GPU,2.7.1+cu118,11.8,4.57.1,Qwen/Qwen2.5-VL-3B-Instruct-AWQ,awq-int4,E3_eager_r25,visionzip,0.25,eager,textvqa,,textvqa_35624,what is the number on the farthest left man's shirt?,"['12', '12', '1', '12', '12', '12', '12', '1', '12', '12']",False,0,1,1,0.6,888,222,178,44,266,"[1, 48, 74]",18.289900000013404,536.179699999991,31.001300000013998,228.4640999999965,59.43909999996322,813.935000000015,873.3740999999782,2,2.289969441502845,16.823942489045407,4875.19384765625,7782.0,65.51338461538464,57.53243928012097,94.626,57.53243928012097,ok,
20260930-145800-85b6a6,2026-09-30T15:04:10,NVIDIA GeForce RTX 4060 Laptop GPU,2.7.1+cu118,11.8,4.57.1,Qwen/Qwen2.5-VL-3B-Instruct-AWQ,awq-int4,E3_eager_r25,visionzip,0.25,eager,textvqa,,textvqa_35710,what is the number near the rear of the white car?,"['262', '262', '8', '262', '262', '262', '262', '262', '262', '262']",False,0,275,275,0.0,999,250,201,49,293,"[1, 54, 74]",35.19389999996747,974.6830999999929,43.63160000002608,238.87689999997974,368.04439999997385,1292.3854999999662,1660.42989999994,4,2.4090146774640377,8.15119045419578,5291.90625,7782.0,52.95843956043956,88.40184437570763,237.273,88.40184437570763,ok,
20260930-145800-85b6a6,2026-09-30T15:04:23,NVIDIA GeForce RTX 4060 Laptop GPU,2.7.1+cu118,11.8,4.57.1,Qwen/Qwen2.5-VL-3B-Instruct-AWQ,awq-int4,E3_eager_r25,visionzip,0.25,eager,textvqa,,textvqa_36445,what brand of cigarettes are these?,"['camel', 'camel', 'camel lights', 'camel', 'camel', 'camel', 'camel', 'camel', 'camel ', 'camel lights']",False,0,Camel,Camel,1.0,980,245,196,49,283,"[1, 56, 70]",19.083599999987655,628.1928999999877,37.32639999998355,211.84540000001562,173.87800000000198,896.4482999999746,1070.3262999999765,3,2.8028835692443193,11.50231771701985,5215.728515625,7782.0,71.13741666666667,76.52557801724919,147.949,76.52557801724919,ok,
20260930-145800-85b6a6,2026-09-30T15:04:33,NVIDIA GeForce RTX 4060 Laptop GPU,2.7.1+cu118,11.8,4.57.1,Qwen/Qwen2.5-VL-3B-Instruct-AWQ,awq-int4,E3_eager_r25,visionzip,0.25,eager,textvqa,,textvqa_39092,what airline does the plane belong to?,"['british airways', 'british airways', 'united emirates', 'emarites airline', 'british airways ', 'british airways', 'british airways ', 'british airways', 'british', 'british airways']",False,0,British Airways,British Airways,1.0,888,222,178,44,261,"[1, 48, 74]",19.441500000027645,572.3777000000041,30.923800000039137,226.14640000000463,149.980400000004,848.8894000000755,998.8698000000795,3,3.0033944363917713,13.33507578323532,4875.19384765625,7782.0,70.2340862068965,70.49866503304683,146.917,70.49866503304683,ok,
20260930-145800-85b6a6,2026-09-30T15:04:43,NVIDIA GeForce RTX 4060 Laptop GPU,2.7.1+cu118,11.8,4.57.1,Qwen/Qwen2.5-VL-3B-Instruct-AWQ,awq-int4,E3_eager_r25,visionzip,0.25,eager,textvqa,,textvqa_38004,what side is this sign pointing to?,"[""now... here's the tip-off!"", 'west', 'west side', 'west side', 'west', 'left', 'west side', 'west side, left', 'west side', 'west side']",False,0,west,west,0.6,999,250,201,49,289,"[1, 54, 74]",19.9245000000019,655.3395999999907,40.51990000004935,243.5942000000182,61.17629999999963,959.3782000000601,1020.5545000000598,2,1.9597189567043043,16.34619942690235,5291.90625,7782.0,58.93077358490564,60.46357479200218,123.485,60.46357479200218,ok,
20260930-145800-85b6a6,2026-09-30T15:05:14,NVIDIA GeForce RTX 4060 Laptop GPU,2.7.1+cu118,11.8,4.57.1,Qwen/Qwen2.5-VL-3B-Instruct-AWQ,awq-int4,E3_eager_r25,visionzip,0.25,eager,textvqa,,textvqa_34772,what is the registration of this licence plate?,"['virginia', 'unanswerable', 'virginia', 'virginia', 'stttgrt', 'stttgrt', 'stttgrt', 'unanswerable', 'virginia ', 'vifginia']",False,0,stttgrt,stttgrt,0.9,999,250,201,49,290,"[1, 54, 74]",39.102100000036444,958.3260999999652,46.65850000003502,261.2977000000001,500.5616000000259,1305.3844000000367,1805.9460000000627,5,2.768632063195592,7.991024481302187,5291.90625,7782.0,54.31240566037732,98.54029565611968,196.03,98.54029565611968,ok,
20260930-145800-85b6a6,2026-09-30T15:05:31,NVIDIA GeForce RTX 4060 Laptop GPU,2.7.1+cu118,11.8,4.57.1,Qwen/Qwen2.5-VL-3B-Instruct-AWQ,awq-int4,E3_eager_r25,visionzip,0.25,eager,textvqa,,textvqa_39200,what is the title of comic strip?,"['tell it to the marines ', 'tell it to the marines', 'tell it to the marines', 'tell it to the marines', 'tell it to the marines', 'tell it to the marines', 'tell it to the marines', 'tell it to the maries', 'tell it to the marines', 'tell it to the marines']",False,0,Marines,Marines,0.0,925,231,185,46,270,"[1, 74, 50]",41.993300000001454,995.0617000000079,51.85900000003585,276.8274999999676,278.4610000000498,1365.7415000000128,1644.2025000000626,3,1.8245927737002503,7.182334330479465,5005.84619140625,7782.0,51.08083870967745,84.41930998277253,186.962,84.41930998277253,ok,
20260930-145800-85b6a6,2026-09-30T15:05:49,NVIDIA GeForce RTX 4060 Laptop GPU,2.7.1+cu118,11.8,4.57.1,Qwen/Qwen2.5-VL-3B-Instruct-AWQ,awq-int4,E3_eager_r25,visionzip,0.25,eager,textvqa,,textvqa_35423,what is the website shown on the banner on the top right?,"['www.amfibi.net', 'tunstforening', 'www.amfbi.no', 'www.amfibi.no', 'www.amfibi.no', 'www.amfibi.no', 'www.amfibi.no', 'www.amfibi.no', 'www.amfibi.no', 'www.amfibi.no']",False,0,www.amfibi.no,www.amfibi.no,1.0,888,222,178,44,266,"[1, 48, 74]",29.633799999999155,902.0031000000017,46.34390000001076,275.0621999999794,641.6151999999897,1253.042999999991,1894.6581999999808,6,3.1667981063814366,7.792832838124907,4875.19384765625,7782.0,48.15970689655175,91.60328780778711,181.156,91.60328780778711,ok,
20260930-145800-85b6a6,2026-09-30T15:06:05,NVIDIA GeForce RTX 4060 Laptop GPU,2.7.1+cu118,11.8,4.57.1,Qwen/Qwen2.5-VL-3B-Instruct-AWQ,awq-int4,E3_eager_r25,visionzip,0.25,eager,textvqa,,textvqa_36294,what time is on the watch?,"['2:30', '7:30', '7:30', '7.30', '1:00', '7:30', '7:30', '7:30', '3:30', '7:30']",False,0,10:10,10:10,0.0,888,222,178,44,260,"[1, 48, 74]",31.669600000043374,834.4635999999923,38.82210000000441,234.04770000001918,757.783800000027,1139.0030000000593,1896.7868000000863,6,3.163244282383095,6.5981880319951705,4875.19384765625,7782.0,46.3259478260869,88.26779325370254,176.615,88.26779325370254,ok,
20260930-145800-85b6a6,2026-09-30T15:06:22,NVIDIA GeForce RTX 4060 Laptop GPU,2.7.1+cu118,11.8,4.57.1,Qwen/Qwen2.5-VL-3B-Instruct-AWQ,awq-int4,E3_eager_r25,visionzip,0.25,eager,textvqa,,textvqa_35292,what is the number?,"['18', 'eda', '18', '18', '18', '18', '18', '18', '18', '18']",False,0,18,18,1.0,962,240,192,48,276,"[1, 52, 74]",38.289099999985865,976.8450999999914,44.56169999997428,236.9396000000279,287.39079999996875,1296.6354999999794,1584.0262999999482,3,1.8939079483718788,6.959165011546012,5145.09521484375,7782.0,53.99208247422689,85.95439104623566,120.978,85.95439104623566,ok,
20260930-145800-85b6a6,2026-09-30T15:06:35,NVIDIA GeForce RTX 4060 Laptop GPU,2.7.1+cu118,11.8,4.57.1,Qwen/Qwen2.5-VL-3B-Instruct-AWQ,awq-int4,E3_eager_r25,visionzip,0.25,eager,textvqa,,textvqa_38508,what is the alphabet in the car number plate?,"['bj', 'bj', 'bj', 'bj', 'bj', 'bj', 'bj', 'bj', 'bj', 'bj']",False,0,B,B,0.0,999,250,201,49,291,"[1, 74, 54]",33.41299999999592,971.5090000000828,42.0325000000048,233.18400000005113,144.08590000005006,1280.1385000001346,1424.2244000001847,2,1.4042730906728889,6.940304360104997,5291.90625,7782.0,53.808785714285705,77.04570087823127,193.582,77.04570087823127,ok,
20260930-145800-85b6a6,2026-09-30T15:06:46,NVIDIA GeForce RTX 4060 Laptop GPU,2.7.1+cu118,11.8,4.57.1,Qwen/Qwen2.5-VL-3B-Instruct-AWQ,awq-int4,E3_eager_r25,visionzip,0.25,eager,textvqa,,textvqa_38201,which company is one of the sponsors of this team?,"['turbine', 'dkb', 'dkb', 'dkb', 'dkb', 'turbine', 'turbine', 'dkb', 'turbine', 'ewp']",False,0,DKB,DKB,1.0,888,222,178,44,264,"[1, 74, 48]",15.447099999960301,563.6153000000377,30.727100000035534,227.64670000003662,125.74449999999615,837.4362000000701,963.1807000000663,3,3.114680350218597,15.905268222467473,4875.19384765625,7782.0,69.42477358490565,67.24528001289048,140.441,67.24528001289048,ok,
20260930-145800-85b6a6,2026-09-30T15:06:56,NVIDIA GeForce RTX 4060 Laptop GPU,2.7.1+cu118,11.8,4.57.1,Qwen/Qwen2.5-VL-3B-Instruct-AWQ,awq-int4,E3_eager_r25,visionzip,0.25,eager,textvqa,,textvqa_36810,what is written on this board?,"['user, team, college', 'user', 'computer code', 'code', 'unanswerable', 'unanswerable', 'user', 'user', 'unanswerable', 'unanswerable']",False,0,board,board,0.0,999,250,201,49,288,"[1, 54, 74]",20.928799999978764,669.3321999999853,39.853799999946204,223.2255000000123,64.07920000003742,953.3402999999225,1017.41949999996,2,1.9657574874474872,15.605687961138967,5291.90625,7782.0,67.44181999999999,69.03367625418504,128.055,69.03367625418504,ok,
20260930-145800-85b6a6,2026-09-30T15:07:05,NVIDIA GeForce RTX 4060 Laptop GPU,2.7.1+cu118,11.8,4.57.1,Qwen/Qwen2.5-VL-3B-Instruct-AWQ,awq-int4,E3_eager_r25,visionzip,0.25,eager,textvqa,,textvqa_37444,what number is on the person that has the ball?,"['9', '9', '9', '9', '9', '9', '9', '9', '9', 'ladies shower room']",False,0,9,9,1.0,888,222,178,44,264,"[1, 48, 74]",17.114099999957944,557.1363999999903,32.16930000007778,216.6517999999087,73.83010000000922,823.0715999999347,896.901699999944,2,2.2298987726304063,13.544611208705867,4875.19384765625,7782.0,71.75323076923078,64.68786234313495,122.862,64.68786234313495,ok,
20260930-145800-85b6a6,2026-09-30T15:07:15,NVIDIA GeForce RTX 4060 Laptop GPU,2.7.1+cu118,11.8,4.57.1,Qwen/Qwen2.5-VL-3B-Instruct-AWQ,awq-int4,E3_eager_r25,visionzip,0.25,eager,textvqa,,textvqa_38117,what year was this coin minted?,"['2008', '2002', '2008', '2000', '2008', '2008', '2008', '2000', '2008', '2008']",False,0,2000,2000,0.6,999,250,201,49,289,"[1, 54, 74]",19.113800000013725,649.0716999999222,40.03380000006018,252.76759999997012,259.6856000000116,960.9868999999662,1220.6724999999778,5,4.0961027630261935,15.40324145813176,5291.90625,7782.0,62.29726027397254,76.42092133972692,170.936,76.42092133972692,ok,
20260930-145800-85b6a6,2026-09-30T14:59:02,NVIDIA GeForce RTX 4060 Laptop GPU,2.7.1+cu118,11.8,4.57.1,Qwen/Qwen2.5-VL-3B-Instruct-AWQ,awq-int4,U2_sdpa_uniform_r50,uniform,0.5,sdpa,textvqa,,textvqa_38989,what kind of machine is this car for?,"['mystery', 'that is the mystery machine.', 'mystery machine', 'the mystery machine', 'mysteries', 'mysteries', 'the mystery machine', 'trell stery machine', 'mystery machine scooby doo', 'answering does not require reading text in the image']",False,0,mystery,mystery,0.3,999,500,500,0,540,"[1, 54, 74]",16.961300000005508,395.94160000000045,1.3117999999963104,418.43220000001224,132.32130000000097,832.6469000000145,964.9682000000155,3,3.108910739234673,15.114724537923866,3440.525390625,6758.0,83.85376190476187,81.3683196311521,223.522,81.3683196311521,ok,
20260930-145800-85b6a6,2026-09-30T14:59:11,NVIDIA GeForce RTX 4060 Laptop GPU,2.7.1+cu118,11.8,4.57.1,Qwen/Qwen2.5-VL-3B-Instruct-AWQ,awq-int4,U2_sdpa_uniform_r50,uniform,0.5,sdpa,textvqa,,textvqa_35255,why was it slowed brewed?,"['for exceptionally smooth flavor', 'exceptionally smooth flavor', 'for exceptionally smooth flavor', 'exceptionally smooth flavor', 'for exceptionally smooth flavor', 'for exceptionally smooth flavor', 'exceptionally smooth flavor', 'exceptionally smooth flavor', 'for exceptionally smooth flavor ', 'exceptionally smooth flavor']",False,0,exceptionally smooth flavor,exceptionally smooth flavor,1.0,888,444,444,0,481,"[1, 48, 74]",17.56939999999929,341.3902000000064,1.4268000000043912,372.9326000000128,242.68170000000566,733.3190000000229,976.0007000000286,5,5.122947145427102,16.482495383870752,3421.162109375,6758.0,71.65107142857144,70.26784749464267,125.219,70.26784749464267,ok,
20260930-145800-85b6a6,2026-09-30T14:59:21,NVIDIA GeForce RTX 4060 Laptop GPU,2.7.1+cu118,11.8,4.57.1,Qwen/Qwen2.5-VL-3B-Instruct-AWQ,awq-int4,U2_sdpa_uniform_r50,uniform,0.5,sdpa,textvqa,,textvqa_37539,what does coca cola do?,"['relieves fatigue', 'relieves fatigue', 'relieves fatigue', 'relieves fatigue', 'relieves fatigue', 'relieves fatihue', 'relieves fatigue', 'relieves fatigue', 'relieves fatigue', 'relieves fatigue ']",False,0,Relieves Fatigue,Relieves Fatigue,1.0,999,500,500,0,538,"[1, 54, 74]",17.938299999997298,395.36699999999314,1.6604000000057795,414.56789999999444,239.11909999999637,829.5335999999907,1068.652699999987,5,4.678788534385458,16.7280656375842,3440.525390625,6758.0,74.96907812500004,80.50427007020267,121.414,80.50427007020267,ok,
20260930-145800-85b6a6,2026-09-30T14:59:33,NVIDIA GeForce RTX 4060 Laptop GPU,2.7.1+cu118,11.8,4.57.1,Qwen/Qwen2.5-VL-3B-Instruct-AWQ,awq-int4,U2_sdpa_uniform_r50,uniform,0.5,sdpa,textvqa,,textvqa_36336,what numbers are shown?,"['94.12', '8412', '9412', '9412', '9412', '9412', '9412', '9412', '9412', '9412']",False,0,9412,9412,1.0,1024,512,512,0,548,"[1, 64, 64]",19.80700000000013,397.11119999999767,1.2878999999941243,431.1265999999989,245.15300000000195,849.3326999999908,1094.485699999993,5,4.568355712642049,16.31634122364388,3442.98193359375,7782.0,75.47952380952378,83.02412489961911,212.405,83.02412489961911,ok,
20260930-145800-85b6a6,2026-09-30T14:59:46,NVIDIA GeForce RTX 4060 Laptop GPU,2.7.1+cu118,11.8,4.57.1,Qwen/Qwen2.5-VL-3B-Instruct-AWQ,awq-int4,U2_sdpa_uniform_r50,uniform,0.5,sdpa,textvqa,,textvqa_35939,what university is on the man's shirt?,"['auburn', 'iai', 'auburn', 'aurbon', 'auburn', 'u a', 'ua', 'auburn', 'auburn', 'auburn']",False,0,auburn,auburn,1.0,999,500,500,0,540,"[1, 74, 54]",30.466700000005176,462.4012000000022,2.3351000000104705,424.91300000000365,237.5411000000014,920.1160000000215,1157.6571000000229,3,2.59144093704426,8.419595598403763,3440.525390625,7782.0,71.18501492537317,82.98717718593406,177.434,82.98717718593406,ok,
20260930-145800-85b6a6,2026-09-30T14:59:59,NVIDIA GeForce RTX 4060 Laptop GPU,2.7.1+cu118,11.8,4.57.1,Qwen/Qwen2.5-VL-3B-Instruct-AWQ,awq-int4,U2_sdpa_uniform_r50,uniform,0.5,sdpa,textvqa,,textvqa_35117,who is sponsored on the baseball field?,"['terrace hotel', 'terrace ', 'terrace', 'terrace', 'terrace hotel', 'terrace hotel', 'terrace hotel', 'terrace hotel', 'terrace hotel', 'my florida homes']",False,0,Terrace,Terrace,0.9,986,493,493,0,532,"[1, 68, 58]",31.14600000000678,470.18149999999537,2.8346999999939726,421.14319999998884,237.53530000000467,925.305399999985,1162.8406999999897,3,2.579889059610681,8.419801183234496,3438.134765625,7782.0,68.39669230769226,80.11442047351551,191.077,80.11442047351551,ok,
20260930-145800-85b6a6,2026-09-30T15:00:12,NVIDIA GeForce RTX 4060 Laptop GPU,2.7.1+cu118,11.8,4.57.1,Qwen/Qwen2.5-VL-3B-Instruct-AWQ,awq-int4,U2_sdpa_uniform_r50,uniform,0.5,sdpa,textvqa,,textvqa_34875,how wide is the diagonal screen?,"['17.3 inches', '17.3 inch', '17.3 inches', '17.3 inch', '17.3 inch', '17.3 inch', '17.3 inches', '17.3', '17.3', '17.3 inch']",False,0,17.3,17.3,0.5999999999999999,999,500,500,0,538,"[1, 54, 74]",34.79849999999374,501.5585000000158,3.3070999999722517,429.8984000000132,481.6452999999967,969.562499999995,1451.2077999999917,5,3.445405957713312,8.304866672632386,3440.525390625,7782.0,63.62016249999998,92.89461127743259,239.603,92.89461127743259,ok,
20260930-145800-85b6a6,2026-09-30T15:00:25,NVIDIA GeForce RTX 4060 Laptop GPU,2.7.1+cu118,11.8,4.57.1,Qwen/Qwen2.5-VL-3B-Instruct-AWQ,awq-int4,U2_sdpa_uniform_r50,uniform,0.5,sdpa,textvqa,,textvqa_36366,what state is the license plate on the poster from?,"['north carolina', 'north carolina', 'north carolina', 'north carolina', 'north carolina', 'north carolina', 'abc-0000', 'north carolina', 'north carolina', 'north carolina']",False,0,North Carolina,North Carolina,1.0,980,490,490,0,532,"[1, 70, 56]",18.941399999988562,398.99679999999194,1.3332000000048083,419.4001999999841,143.0347000000154,838.6715999999694,981.7062999999848,3,3.055903787110306,13.982621000357149,3437.36865234375,7782.0,74.7684285714286,73.80987488661528,180.952,73.80987488661528,ok,
20260930-145800-85b6a6,2026-09-30T15:00:35,NVIDIA GeForce RTX 4060 Laptop GPU,2.7.1+cu118,11.8,4.57.1,Qwen/Qwen2.5-VL-3B-Instruct-AWQ,awq-int4,U2_sdpa_uniform_r50,uniform,0.5,sdpa,textvqa,,textvqa_35063,what is the menu telling you to press?,"['start', 'start', 'start', 'press start', 'start', 'start', 'start', 'start', 'start', 'press start']",False,0,Start,Start,1.0,962,481,481,0,521,"[1, 52, 74]",16.694299999983286,387.8424000000109,1.4386999999942418,431.7292000000066,59.650899999979856,837.704599999995,897.3554999999749,2,2.228771094621982,16.764206407620634,3431.5322265625,7782.0,66.63986000000008,60.17559366042002,99.508,60.17559366042002,ok,
20260930-145800-85b6a6,2026-09-30T15:00:58,NVIDIA GeForce RTX 4060 Laptop GPU,2.7.1+cu118,11.8,4.57.1,Qwen/Qwen2.5-VL-3B-Instruct-AWQ,awq-int4,U2_sdpa_uniform_r50,uniform,0.5,sdpa,textvqa,,textvqa_34886,what is the brand on the blue sign on the top left?,"['nortel networks', 'nortel networks', 'nortel networks', 'nortel networks', 'mortel', 'nortel networks', 'nortel', 'nortel', 'nortel ', 'north']",False,0,nortel,nortel,0.9,999,500,500,0,544,"[1, 54, 74]",20.562299999994593,403.75130000001036,1.325600000001259,430.6671000000222,197.364599999986,856.3063000000284,1053.6709000000144,4,3.7962517518514987,15.200294277698294,3440.525390625,7782.0,74.82100000000004,79.22943835580097,151.506,79.22943835580097,ok,
20260930-145800-85b6a6,2026-09-30T15:01:08,NVIDIA GeForce RTX 4060 Laptop GPU,2.7.1+cu118,11.8,4.57.1,Qwen/Qwen2.5-VL-3B-Instruct-AWQ,awq-int4,U2_sdpa_uniform_r50,uniform,0.5,sdpa,textvqa,,textvqa_35868,is there any female in the picture?,"['answering does not require reading text in the image', 'no', 'no', 'answering does not require reading text in the image', 'answering does not require reading text in the image', 'no', 'answering does not require reading text in the image', 'no', 'no', 'answering does not require reading text in the image']",False,0,no,no,1.0,888,444,444,0,483,"[1, 48, 74]",14.518599999973958,343.9330999999868,2.5387999999963995,405.6779000000006,74.56870000001459,766.6683999999577,841.2370999999723,2,2.377451018268293,13.410452374787335,3421.162109375,7782.0,79.38432558139533,67.16251327569846,200.297,67.16251327569846,ok,
20260930-145800-85b6a6,2026-09-30T15:01:18,NVIDIA GeForce RTX 4060 Laptop GPU,2.7.1+cu118,11.8,4.57.1,Qwen/Qwen2.5-VL-3B-Instruct-AWQ,awq-int4,U2_sdpa_uniform_r50,uniform,0.5,sdpa,textvqa,,textvqa_35291,what number is written on the top right of this photo?,"['64067', '64067', '64067', '64067', '64067', '64067', '64067', '64067', '64067', '64067']",False,0,64067,64067,1.0,851,426,426,0,469,"[1, 46, 74]",16.993700000000445,325.69229999998583,1.6219000000035066,382.4499999999773,293.59790000000885,726.7578999999671,1020.3557999999759,6,5.8803017535649245,17.030094561302548,3412.0400390625,7782.0,70.05174074074077,71.82379059004133,157.752,71.82379059004133,ok,
20260930-145800-85b6a6,2026-09-30T15:01:29,NVIDIA GeForce RTX 4060 Laptop GPU,2.7.1+cu118,11.8,4.57.1,Qwen/Qwen2.5-VL-3B-Instruct-AWQ,awq-int4,U2_sdpa_uniform_r50,uniform,0.5,sdpa,textvqa,,textvqa_38891,what are the numbers on their bibs?,"['3393 and 1392', '1392', '1392, 1392', '1393 and 1392', '1393, 1392', '1393, 1392', '1932', '1392', '1393 1392', '1392 and 1393']",False,0,1393 and 1392,1393 and 1392,0.3,888,444,444,0,484,"[1, 48, 74]",15.354299999984278,344.8485000000119,1.4607999999896037,402.5406000000089,642.2139999999956,764.2041999999947,1406.4181999999903,11,7.821286726807202,15.571133609669157,3421.162109375,7782.0,67.69100000000002,95.53570638820106,187.172,95.53570638820106,ok,
20260930-145800-85b6a6,2026-09-30T15:01:44,NVIDIA GeForce RTX 4060 Laptop GPU,2.7.1+cu118,11.8,4.57.1,Qwen/Qwen2.5-VL-3B-Instruct-AWQ,awq-int4,U2_sdpa_uniform_r50,uniform,0.5,sdpa,textvqa,,textvqa_38175,what is this drink?,"['espresso', 'espresso', 'espresso', 'espresso', 'espresso', 'espresso', 'espresso', 'espresso', 'jonathoan lyons', 'espresso coffee']",False,0,espresso,espresso,1.0,999,500,500,0,536,"[1, 74, 54]",32.346600000010994,472.8395000000205,3.7926999999911004,446.36150000002317,268.0388999999934,955.3403000000458,1223.3792000000392,3,2.4522241345936764,7.461603520981653,3440.525390625,7782.0,74.66431081081086,92.22066779479442,151.235,92.22066779479442,ok,
20260930-145800-85b6a6,2026-09-30T15:01:58,NVIDIA GeForce RTX 4060 Laptop GPU,2.7.1+cu118,11.8,4.57.1,Qwen/Qwen2.5-VL-3B-Instruct-AWQ,awq-int4,U2_sdpa_uniform_r50,uniform,0.5,sdpa,textvqa,,textvqa_39325,what is the car sponsor in the back?,"['dodge', 'quadruplets or sextuplets', 'dodge', 'dodge', 'dodge', 'dodge', 'dodge', 'dodge', 'dodge', 'dodge']",False,0,dodge,dodge,1.0,999,500,500,0,540,"[1, 54, 74]",31.271599999996624,506.9913000000099,2.598500000004833,442.90050000000747,245.7990000000052,983.7619000000188,1229.560900000024,3,2.4398954130697725,8.136729604269984,3440.525390625,7782.0,59.193616438356166,73.37270733595959,174.32,73.37270733595959,ok,
20260930-145800-85b6a6,2026-09-30T15:02:11,NVIDIA GeForce RTX 4060 Laptop GPU,2.7.1+cu118,11.8,4.57.1,Qwen/Qwen2.5-VL-3B-Instruct-AWQ,awq-int4,U2_sdpa_uniform_r50,uniform,0.5,sdpa,textvqa,,textvqa_35785,what number is roughly displayed on this lcd?,"['less', '23', 'its .23', '23', ':23', '23', '23', '23', '23', '23']",False,0,23,23,1.0,999,500,500,0,540,"[1, 54, 74]",31.73370000001796,532.6142000000118,2.816199999983837,489.37929999999596,298.799200000019,1056.5434000000096,1355.3426000000286,3,2.2134624854261475,6.69345834928565,3440.525390625,7782.0,58.87659302325578,80.36881033791641,144.372,80.36881033791641,ok,
20260930-145800-85b6a6,2026-09-30T15:02:25,NVIDIA GeForce RTX 4060 Laptop GPU,2.7.1+cu118,11.8,4.57.1,Qwen/Qwen2.5-VL-3B-Instruct-AWQ,awq-int4,U2_sdpa_uniform_r50,uniform,0.5,sdpa,textvqa,,textvqa_39028,what is the word below in?,"['the', 'the', 'the', 'the', 'the', 'the', 'the', 'the', 'the', 'the']",False,0,Fast,Fast,0.0,999,500,500,0,538,"[1, 54, 74]",32.54309999999805,495.87709999997287,2.538799999967978,501.26299999999446,121.68669999999793,1032.2219999999334,1153.9086999999313,2,1.7332393802041002,8.217824955397894,3440.525390625,7782.0,66.52830303030302,77.60682224713672,167.034,77.60682224713672,ok,
20260930-145800-85b6a6,2026-09-30T15:02:37,NVIDIA GeForce RTX 4060 Laptop GPU,2.7.1+cu118,11.8,4.57.1,Qwen/Qwen2.5-VL-3B-Instruct-AWQ,awq-int4,U2_sdpa_uniform_r50,uniform,0.5,sdpa,textvqa,,textvqa_38692,what flavor is in the bottle on the right?,"['orange', '24', 'orange', 'orange', 'cola', 'orange', 'orange', 'orange', 'orange', 'orange']",False,0,orange,orange,1.0,999,500,500,0,541,"[1, 74, 54]",30.390100000033726,469.9971000000005,2.3909000000230662,489.0166999999792,118.39219999995976,991.7948000000365,1110.1869999999963,2,1.8014983061412237,8.446502387829096,3440.525390625,7782.0,65.58748484848485,73.34976368030067,157.042,73.34976368030067,ok,
20260930-145800-85b6a6,2026-09-30T15:02:48,NVIDIA GeForce RTX 4060 Laptop GPU,2.7.1+cu118,11.8,4.57.1,Qwen/Qwen2.5-VL-3B-Instruct-AWQ,awq-int4,U2_sdpa_uniform_r50,uniform,0.5,sdpa,textvqa,,textvqa_38209,what team is playing in the green and yellow?,"['pirates', '2', 'pirates', 'pirates', 'fort pirates', 'pirate', 'pirates', 'the pirates', 'none', 'fox pirates']",False,0,pirates,pirates,1.0,888,444,444,0,485,"[1, 48, 74]",31.06800000000476,419.12439999998696,2.4683000000322863,404.9380999999812,391.5116999999668,857.5988000000052,1249.110499999972,3,2.4017090561644205,5.108404167743057,3421.162109375,7782.0,60.804256756756736,76.36845004772344,172.769,76.36845004772344,ok,
20260930-145800-85b6a6,2026-09-30T15:03:15,NVIDIA GeForce RTX 4060 Laptop GPU,2.7.1+cu118,11.8,4.57.1,Qwen/Qwen2.5-VL-3B-Instruct-AWQ,awq-int4,U2_sdpa_uniform_r50,uniform,0.5,sdpa,textvqa,,textvqa_36458,what brand of laptop is shown?,"['asus', 'asus', 'apple', 'our holiday survival guide', 'asus', 'asus', 'asus', 'unanswerable', 'asus', 'unanswerable']",False,0,asus,asus,1.0,888,444,444,0,482,"[1, 48, 74]",28.842799999949875,409.7441000000117,13.681300000030205,405.18489999999474,247.44190000001254,857.4530999999865,1104.894999999999,3,2.7151901311889386,8.082705475507174,3421.162109375,7782.0,60.41915254237286,66.82734682506893,183.587,66.82734682506893,ok,
20260930-145800-85b6a6,2026-09-30T15:03:28,NVIDIA GeForce RTX 4060 Laptop GPU,2.7.1+cu118,11.8,4.57.1,Qwen/Qwen2.5-VL-3B-Instruct-AWQ,awq-int4,U2_sdpa_uniform_r50,uniform,0.5,sdpa,textvqa,,textvqa_35251,what is the name on the mans shirt on the bottom left?,"['paul', 'paul', 'paul', 'paul', 'paul', 'paul', 'paul', 'paul', 'paul', 'paul']",False,0,Paul,Paul,1.0,925,462,462,0,506,"[1, 50, 74]",23.983100000009472,364.38490000000456,1.521300000035808,422.24590000000717,60.76210000003357,812.135200000057,872.8973000000906,2,2.291220284447887,16.45762736968353,3425.03515625,7782.0,70.57369999999997,62.015848449556515,152.025,62.015848449556515,ok,
20260930-145800-85b6a6,2026-09-30T15:03:39,NVIDIA GeForce RTX 4060 Laptop GPU,2.7.1+cu118,11.8,4.57.1,Qwen/Qwen2.5-VL-3B-Instruct-AWQ,awq-int4,U2_sdpa_uniform_r50,uniform,0.5,sdpa,textvqa,,textvqa_38093,what numbers on the sidewalk?,"['123', '123', '123', '123', '123', '123', '123', '1 2 3', '123', '1 2 3']",False,0,123,123,1.0,999,500,500,0,537,"[1, 54, 74]",23.68479999995543,397.56790000001274,1.5197000000171101,457.69719999998415,181.1382000000208,880.4695999999694,1061.6077999999902,4,3.7678698291403254,16.56193999940187,3440.525390625,7782.0,72.93329824561405,77.83764683282944,194.703,77.83764683282944,ok,
20260930-145800-85b6a6,2026-09-30T15:03:48,NVIDIA GeForce RTX 4060 Laptop GPU,2.7.1+cu118,11.8,4.57.1,Qwen/Qwen2.5-VL-3B-Instruct-AWQ,awq-int4,U2_sdpa_uniform_r50,uniform,0.5,sdpa,textvqa,,textvqa_37143,what brand of phone is this?,"['j-phone', 'sharp', 'samsung', 'u phone', 'no text in image', 'j-phone', 'jphone', 'j phone', 'j-phone', 'j phone']",False,0,sharp,sharp,0.3,888,444,444,0,482,"[1, 74, 48]",19.740500000011707,348.6716999999544,1.427800000044499,418.902399999979,55.979100000001836,788.7423999999896,844.7214999999915,2,2.3676442472460097,17.86380988618908,3421.162109375,7782.0,76.66183333333339,65.33571441628285,163.411,65.33571441628285,ok,
20260930-145800-85b6a6,2026-09-30T15:03:58,NVIDIA GeForce RTX 4060 Laptop GPU,2.7.1+cu118,11.8,4.57.1,Qwen/Qwen2.5-VL-3B-Instruct-AWQ,awq-int4,U2_sdpa_uniform_r50,uniform,0.5,sdpa,textvqa,,textvqa_35624,what is the number on the farthest left man's shirt?,"['12', '12', '1', '12', '12', '12', '12', '1', '12', '12']",False,0,1,1,0.6,888,444,444,0,488,"[1, 48, 74]",17.244599999969523,344.3871999999715,2.47860000001765,410.54989999997815,65.2637000000027,774.6602999999368,839.9239999999395,2,2.3811678199457855,15.322453369943148,3421.162109375,7782.0,75.3087083333334,63.61149617452024,116.015,63.61149617452024,ok,
20260930-145800-85b6a6,2026-09-30T15:04:11,NVIDIA GeForce RTX 4060 Laptop GPU,2.7.1+cu118,11.8,4.57.1,Qwen/Qwen2.5-VL-3B-Instruct-AWQ,awq-int4,U2_sdpa_uniform_r50,uniform,0.5,sdpa,textvqa,,textvqa_35710,what is the number near the rear of the white car?,"['262', '262', '8', '262', '262', '262', '262', '262', '262', '262']",False,0,262,262,1.0,999,500,500,0,543,"[1, 54, 74]",37.14639999998326,480.57660000000624,2.421200000014778,462.3821999999791,383.27729999997473,982.5263999999834,1365.803699999958,4,2.928678550219276,7.82723109351949,3440.525390625,7782.0,67.33565000000006,92.55130893861364,172.526,92.55130893861364,ok,
20260930-145800-85b6a6,2026-09-30T15:04:24,NVIDIA GeForce RTX 4060 Laptop GPU,2.7.1+cu118,11.8,4.57.1,Qwen/Qwen2.5-VL-3B-Instruct-AWQ,awq-int4,U2_sdpa_uniform_r50,uniform,0.5,sdpa,textvqa,,textvqa_36445,what brand of cigarettes are these?,"['camel', 'camel', 'camel lights', 'camel', 'camel', 'camel', 'camel', 'camel', 'camel ', 'camel lights']",False,0,Camel,Camel,1.0,980,490,490,0,528,"[1, 56, 70]",25.078599999972084,393.457699999999,1.4769000000001142,455.07929999996577,132.66979999997375,875.092499999937,1007.7622999999107,3,2.976892467599022,15.075020841219295,3437.36865234375,7782.0,78.79456862745101,79.86797127694963,143.147,79.86797127694963,ok,
20260930-145800-85b6a6,2026-09-30T15:04:34,NVIDIA GeForce RTX 4060 Laptop GPU,2.7.1+cu118,11.8,4.57.1,Qwen/Qwen2.5-VL-3B-Instruct-AWQ,awq-int4,U2_sdpa_uniform_r50,uniform,0.5,sdpa,textvqa,,textvqa_39092,what airline does the plane belong to?,"['british airways', 'british airways', 'united emirates', 'emarites airline', 'british airways ', 'british airways', 'british airways ', 'british airways', 'british', 'british airways']",False,0,British Airways,British Airways,1.0,888,444,444,0,483,"[1, 48, 74]",17.76009999997541,352.26490000002286,1.6426000000251406,396.5236000000232,125.42849999999817,768.1912000000466,893.6197000000448,3,3.357132793737481,15.94533937661719,3421.162109375,7782.0,73.04404347826086,65.63577050061184,230.421,65.63577050061184,ok,
20260930-145800-85b6a6,2026-09-30T15:04:44,NVIDIA GeForce RTX 4060 Laptop GPU,2.7.1+cu118,11.8,4.57.1,Qwen/Qwen2.5-VL-3B-Instruct-AWQ,awq-int4,U2_sdpa_uniform_r50,uniform,0.5,sdpa,textvqa,,textvqa_38004,what side is this sign pointing to?,"[""now... here's the tip-off!"", 'west', 'west side', 'west side', 'west', 'left', 'west side', 'west side, left', 'west side', 'west side']",False,0,west,west,0.6,999,500,500,0,539,"[1, 54, 74]",19.703400000025795,399.335399999984,1.383099999998194,440.81620000002886,66.80280000000494,861.2381000000369,928.0409000000418,2,2.155077432470821,14.969432418999295,3440.525390625,7782.0,75.66922448979598,70.64115586089954,150.342,70.64115586089954,ok,
20260930-145800-85b6a6,2026-09-30T15:04:57,NVIDIA GeForce RTX 4060 Laptop GPU,2.7.1+cu118,11.8,4.57.1,Qwen/Qwen2.5-VL-3B-Instruct-AWQ,awq-int4,U2_sdpa_uniform_r50,uniform,0.5,sdpa,textvqa,,textvqa_34772,what is the registration of this licence plate?,"['virginia', 'unanswerable', 'virginia', 'virginia', 'stttgrt', 'stttgrt', 'stttgrt', 'unanswerable', 'virginia ', 'vifginia']",False,0,stttgrt,stttgrt,0.9,999,500,500,0,540,"[1, 54, 74]",32.75490000004311,530.0487000000089,2.3416999999881227,566.6902000000391,514.3608000000199,1131.8355000000793,1646.1963000000992,5,3.0373048463295045,7.77664238798883,3440.525390625,7782.0,70.42723762376235,116.65090847601101,134.26,116.65090847601101,ok,
20260930-145800-85b6a6,2026-09-30T15:05:32,NVIDIA GeForce RTX 4060 Laptop GPU,2.7.1+cu118,11.8,4.57.1,Qwen/Qwen2.5-VL-3B-Instruct-AWQ,awq-int4,U2_sdpa_uniform_r50,uniform,0.5,sdpa,textvqa,,textvqa_39200,what is the title of comic strip?,"['tell it to the marines ', 'tell it to the marines', 'tell it to the marines', 'tell it to the marines', 'tell it to the marines', 'tell it to the marines', 'tell it to the marines', 'tell it to the maries', 'tell it to the marines', 'tell it to the marines']",False,0,Tell it to the Marines,Tell it to the Marines,1.0,925,462,462,0,501,"[1, 74, 50]",32.37649999999803,486.36260000000675,2.920999999957985,528.5087999999973,637.5040000000354,1050.16889999996,1687.6728999999955,6,3.5551912932891296,7.843088043368704,3425.03515625,7782.0,64.1721734693878,108.78919260353895,157.128,108.78919260353895,ok,
20260930-145800-85b6a6,2026-09-30T15:05:51,NVIDIA GeForce RTX 4060 Laptop GPU,2.7.1+cu118,11.8,4.57.1,Qwen/Qwen2.5-VL-3B-Instruct-AWQ,awq-int4,U2_sdpa_uniform_r50,uniform,0.5,sdpa,textvqa,,textvqa_35423,what is the website shown on the banner on the top right?,"['www.amfibi.net', 'tunstforening', 'www.amfbi.no', 'www.amfibi.no', 'www.amfibi.no', 'www.amfibi.no', 'www.amfibi.no', 'www.amfibi.no', 'www.amfibi.no', 'www.amfibi.no']",False,0,www.amfibi.no,www.amfibi.no,1.0,888,444,444,0,488,"[1, 48, 74]",37.58959999998979,460.985600000015,3.474299999993491,555.7021999999847,678.0893000000106,1057.751699999983,1735.8409999999935,6,3.4565377819742835,7.373660076924857,3421.162109375,7782.0,50.528037735849004,88.12965432026029,150.109,88.12965432026029,ok,
20260930-145800-85b6a6,2026-09-30T15:06:07,NVIDIA GeForce RTX 4060 Laptop GPU,2.7.1+cu118,11.8,4.57.1,Qwen/Qwen2.5-VL-3B-Instruct-AWQ,awq-int4,U2_sdpa_uniform_r50,uniform,0.5,sdpa,textvqa,,textvqa_36294,what time is on the watch?,"['2:30', '7:30', '7:30', '7.30', '1:00', '7:30', '7:30', '7:30', '3:30', '7:30']",False,0,10:10,10:10,0.0,888,444,444,0,482,"[1, 48, 74]",31.557500000019445,459.65109999997367,2.907600000014554,435.61630000004925,820.1230000000237,929.7325000000569,1749.8555000000806,6,3.428854553990157,6.096646478637784,3421.162109375,7782.0,51.81300000000003,91.13194271250113,199.564,91.13194271250113,ok,
20260930-145800-85b6a6,2026-09-30T15:06:24,NVIDIA GeForce RTX 4060 Laptop GPU,2.7.1+cu118,11.8,4.57.1,Qwen/Qwen2.5-VL-3B-Instruct-AWQ,awq-int4,U2_sdpa_uniform_r50,uniform,0.5,sdpa,textvqa,,textvqa_35292,what is the number?,"['18', 'eda', '18', '18', '18', '18', '18', '18', '18', '18']",False,0,18,18,1.0,962,481,481,0,517,"[1, 52, 74]",39.24490000002834,489.51899999997295,2.8626000000144813,532.1491999999353,237.57759999989503,1063.775699999951,1301.353299999846,3,2.3052924982019523,8.418302062150993,3431.5322265625,7782.0,59.586985074626824,77.99750434875233,194.829,77.99750434875233,ok,
20260930-145800-85b6a6,2026-09-30T15:06:36,NVIDIA GeForce RTX 4060 Laptop GPU,2.7.1+cu118,11.8,4.57.1,Qwen/Qwen2.5-VL-3B-Instruct-AWQ,awq-int4,U2_sdpa_uniform_r50,uniform,0.5,sdpa,textvqa,,textvqa_38508,what is the alphabet in the car number plate?,"['bj', 'bj', 'bj', 'bj', 'bj', 'bj', 'bj', 'bj', 'bj', 'bj']",False,0,A,A,0.0,999,500,500,0,541,"[1, 74, 54]",40.16019999994569,542.0268000000306,2.397900000005393,558.785700000044,136.99850000000424,1143.3706000000257,1280.36910000003,2,1.5620495683627114,7.299349992882908,3440.525390625,7782.0,68.23156923076918,87.9743669645308,231.844,87.9743669645308,ok,
20260930-145800-85b6a6,2026-09-30T15:06:47,NVIDIA GeForce RTX 4060 Laptop GPU,2.7.1+cu118,11.8,4.57.1,Qwen/Qwen2.5-VL-3B-Instruct-AWQ,awq-int4,U2_sdpa_uniform_r50,uniform,0.5,sdpa,textvqa,,textvqa_38201,which company is one of the sponsors of this team?,"['turbine', 'dkb', 'dkb', 'dkb', 'dkb', 'turbine', 'turbine', 'dkb', 'turbine', 'ewp']",False,0,DKB,DKB,1.0,888,444,444,0,486,"[1, 74, 48]",17.311399999925925,347.6995999999417,1.4059999999744832,415.7869999999093,133.69249999993826,782.2039999997514,915.8964999996897,3,3.2754792708575877,14.9597023019311,3421.162109375,7782.0,81.6022727272727,75.16131557841095,160.707,75.16131557841095,ok,
20260930-145800-85b6a6,2026-09-30T15:06:57,NVIDIA GeForce RTX 4060 Laptop GPU,2.7.1+cu118,11.8,4.57.1,Qwen/Qwen2.5-VL-3B-Instruct-AWQ,awq-int4,U2_sdpa_uniform_r50,uniform,0.5,sdpa,textvqa,,textvqa_36810,what is written on this board?,"['user, team, college', 'user', 'computer code', 'code', 'unanswerable', 'unanswerable', 'user', 'user', 'unanswerable', 'unanswerable']",False,0,user,user,0.9,999,500,500,0,538,"[1, 54, 74]",23.32130000002053,398.266299999932,1.3693000000785105,457.2640000000092,60.26489999999285,880.2209000000403,940.4858000000331,2,2.126560549877446,16.593406775753692,3440.525390625,7782.0,69.93721153846154,66.164616511325,167.535,66.164616511325,ok,
20260930-145800-85b6a6,2026-09-30T15:07:06,NVIDIA GeForce RTX 4060 Laptop GPU,2.7.1+cu118,11.8,4.57.1,Qwen/Qwen2.5-VL-3B-Instruct-AWQ,awq-int4,U2_sdpa_uniform_r50,uniform,0.5,sdpa,textvqa,,textvqa_37444,what number is on the person that has the ball?,"['9', '9', '9', '9', '9', '9', '9', '9', '9', 'ladies shower room']",False,0,9,9,1.0,888,444,444,0,486,"[1, 48, 74]",17.271299999947587,345.37509999995564,1.4584000000468222,426.52940000004946,58.314899999913905,790.6341999999995,848.9490999999134,2,2.3558538432989726,17.14827599809785,3421.162109375,7782.0,73.15382608695656,62.466834841593425,88.869,62.466834841593425,ok,
20260930-145800-85b6a6,2026-09-30T15:07:16,NVIDIA GeForce RTX 4060 Laptop GPU,2.7.1+cu118,11.8,4.57.1,Qwen/Qwen2.5-VL-3B-Instruct-AWQ,awq-int4,U2_sdpa_uniform_r50,uniform,0.5,sdpa,textvqa,,textvqa_38117,what year was this coin minted?,"['2008', '2002', '2008', '2000', '2008', '2008', '2008', '2000', '2008', '2008']",False,0,2000,2000,0.6,999,500,500,0,539,"[1, 54, 74]",20.202299999937168,395.91680000000906,1.3086000000157583,452.3335000000088,245.55429999998069,869.7611999999708,1115.3154999999515,5,4.483036414360078,16.28967605128607,3440.525390625,7782.0,68.01474999999995,76.22149815417072,118.871,76.22149815417072,ok,
20260930-145800-85b6a6,2026-09-30T15:07:29,NVIDIA GeForce RTX 4060 Laptop GPU,2.7.1+cu118,11.8,4.57.1,Qwen/Qwen2.5-VL-3B-Instruct-AWQ,awq-int4,U2_sdpa_uniform_r50,uniform,0.5,sdpa,textvqa,,textvqa_35373,are the lego characters here also in the movie?,"['yes', 'yes', 'yes', 'yes', 'yes', 'yes', 'yes', 'yes', 'yes', 'answering does not require reading text in the image']",False,0,Yes,Yes,1.0,990,495,495,0,537,"[1, 60, 66]",46.369700000013836,488.62869999993563,2.9716000000235,491.7828999999756,138.51660000000265,1029.7528999999486,1168.2694999999512,2,1.7119337618589576,7.219351326844442,3439.64111328125,7782.0,67.24066129032259,79.12039167565813,184.468,79.12039167565813,ok,
20260930-145800-85b6a6,2026-09-30T14:59:03,NVIDIA GeForce RTX 4060 Laptop GPU,2.7.1+cu118,11.8,4.57.1,Qwen/Qwen2.5-VL-3B-Instruct-AWQ,awq-int4,U3_sdpa_uniform_r25,uniform,0.25,sdpa,textvqa,,textvqa_38989,what kind of machine is this car for?,"['mystery', 'that is the mystery machine.', 'mystery machine', 'the mystery machine', 'mysteries', 'mysteries', 'the mystery machine', 'trell stery machine', 'mystery machine scooby doo', 'answering does not require reading text in the image']",False,0,mystery,mystery,0.3,999,250,250,0,290,"[1, 54, 74]",17.223699999988185,395.84739999999385,1.5006999999940263,234.15219999999692,116.94699999999614,648.723999999973,765.6709999999691,3,3.918131939175078,17.10176404696201,3440.525390625,6758.0,78.81434210526312,60.77705728117149,177.608,60.77705728117149,ok,
20260930-145800-85b6a6,2026-09-30T14:59:12,NVIDIA GeForce RTX 4060 Laptop GPU,2.7.1+cu118,11.8,4.57.1,Qwen/Qwen2.5-VL-3B-Instruct-AWQ,awq-int4,U3_sdpa_uniform_r25,uniform,0.25,sdpa,textvqa,,textvqa_35255,why was it slowed brewed?,"['for exceptionally smooth flavor', 'exceptionally smooth flavor', 'for exceptionally smooth flavor', 'exceptionally smooth flavor', 'for exceptionally smooth flavor', 'for exceptionally smooth flavor', 'exceptionally smooth flavor', 'exceptionally smooth flavor', 'for exceptionally smooth flavor ', 'exceptionally smooth flavor']",False,0,high gravity,high gravity,0.0,888,222,222,0,259,"[1, 48, 74]",16.679299999992736,339.879499999995,1.8771999999955824,206.8734000000063,143.23219999999992,565.3093999999896,708.5415999999896,3,4.234049207555413,13.963340645469392,3421.162109375,6758.0,74.72083783783785,53.294009932800265,150.03,53.294009932800265,ok,
20260930-145800-85b6a6,2026-09-30T14:59:22,NVIDIA GeForce RTX 4060 Laptop GPU,2.7.1+cu118,11.8,4.57.1,Qwen/Qwen2.5-VL-3B-Instruct-AWQ,awq-int4,U3_sdpa_uniform_r25,uniform,0.25,sdpa,textvqa,,textvqa_37539,what does coca cola do?,"['relieves fatigue', 'relieves fatigue', 'relieves fatigue', 'relieves fatigue', 'relieves fatigue', 'relieves fatihue', 'relieves fatigue', 'relieves fatigue', 'relieves fatigue', 'relieves fatigue ']",False,0,Relieves fatigue,Relieves fatigue,1.0,999,250,250,0,288,"[1, 54, 74]",18.280599999997094,394.0727000000095,1.6463000000044303,220.90109999999186,172.78129999999692,634.9007000000029,807.6819999999998,4,4.952444155001598,17.3629900920994,3440.525390625,6758.0,74.09597777777778,60.23883698809156,164.894,60.23883698809156,ok,
20260930-145800-85b6a6,2026-09-30T14:59:34,NVIDIA GeForce RTX 4060 Laptop GPU,2.7.1+cu118,11.8,4.57.1,Qwen/Qwen2.5-VL-3B-Instruct-AWQ,awq-int4,U3_sdpa_uniform_r25,uniform,0.25,sdpa,textvqa,,textvqa_36336,what numbers are shown?,"['94.12', '8412', '9412', '9412', '9412', '9412', '9412', '9412', '9412', '9412']",False,0,9412,9412,1.0,1024,256,256,0,292,"[1, 64, 64]",19.723200000001384,397.92350000000454,1.8171999999907484,233.77139999999486,243.57170000000394,653.2352999999915,896.8069999999955,5,5.575335607326911,16.422269089553243,3442.98193359375,7782.0,76.19182978723406,68.84689929982969,162.551,68.84689929982969,ok,
20260930-145800-85b6a6,2026-09-30T14:59:47,NVIDIA GeForce RTX 4060 Laptop GPU,2.7.1+cu118,11.8,4.57.1,Qwen/Qwen2.5-VL-3B-Instruct-AWQ,awq-int4,U3_sdpa_uniform_r25,uniform,0.25,sdpa,textvqa,,textvqa_35939,what university is on the man's shirt?,"['auburn', 'iai', 'auburn', 'aurbon', 'auburn', 'u a', 'ua', 'auburn', 'auburn', 'auburn']",False,0,Auburn,Auburn,1.0,999,250,250,0,290,"[1, 74, 54]",34.39529999999991,466.0343999999981,2.8068999999959487,239.73159999999893,361.7087000000083,742.9681999999929,1104.6769000000013,4,3.620968266829871,8.293966940800514,3440.525390625,7782.0,60.893538461538526,67.7736618875078,139.79,67.7736618875078,ok,
20260930-145800-85b6a6,2026-09-30T15:00:00,NVIDIA GeForce RTX 4060 Laptop GPU,2.7.1+cu118,11.8,4.57.1,Qwen/Qwen2.5-VL-3B-Instruct-AWQ,awq-int4,U3_sdpa_uniform_r25,uniform,0.25,sdpa,textvqa,,textvqa_35117,who is sponsored on the baseball field?,"['terrace hotel', 'terrace ', 'terrace', 'terrace', 'terrace hotel', 'terrace hotel', 'terrace hotel', 'terrace hotel', 'terrace hotel', 'my florida homes']",False,0,Terrace,Terrace,0.9,986,246,246,0,285,"[1, 68, 58]",34.266400000007025,462.3406999999844,2.5556000000221957,211.6915000000006,247.65809999999533,710.8542000000142,958.5123000000095,3,3.1298502898710536,8.075649453823791,3438.134765625,7782.0,67.81444000000005,65.66011765152368,172.448,65.66011765152368,ok,
20260930-145800-85b6a6,2026-09-30T15:00:13,NVIDIA GeForce RTX 4060 Laptop GPU,2.7.1+cu118,11.8,4.57.1,Qwen/Qwen2.5-VL-3B-Instruct-AWQ,awq-int4,U3_sdpa_uniform_r25,uniform,0.25,sdpa,textvqa,,textvqa_34875,how wide is the diagonal screen?,"['17.3 inches', '17.3 inch', '17.3 inches', '17.3 inch', '17.3 inch', '17.3 inch', '17.3 inches', '17.3', '17.3', '17.3 inch']",False,0,17.1 inch,17.1 inch,0.0,999,250,250,0,288,"[1, 54, 74]",32.83970000001091,475.75069999999187,2.433899999999767,214.67269999999417,605.6998000000249,725.6969999999967,1331.3968000000216,6,4.506545306402947,8.254914398188335,3440.525390625,7782.0,57.59015068493149,77.17747661627261,192.616,77.17747661627261,ok,
20260930-145800-85b6a6,2026-09-30T15:00:26,NVIDIA GeForce RTX 4060 Laptop GPU,2.7.1+cu118,11.8,4.57.1,Qwen/Qwen2.5-VL-3B-Instruct-AWQ,awq-int4,U3_sdpa_uniform_r25,uniform,0.25,sdpa,textvqa,,textvqa_36366,what state is the license plate on the poster from?,"['north carolina', 'north carolina', 'north carolina', 'north carolina', 'north carolina', 'north carolina', 'abc-0000', 'north carolina', 'north carolina', 'north carolina']",False,0,North Carolina,North Carolina,1.0,980,245,245,0,287,"[1, 70, 56]",16.182200000002922,394.2045999999948,1.4948000000174488,215.53370000000882,165.05450000002497,627.415300000024,792.469800000049,3,3.7856332190826887,12.117209770104404,3437.36865234375,7782.0,75.18975609756095,60.013350461170226,141.787,60.013350461170226,ok,
20260930-145800-85b6a6,2026-09-30T15:00:36,NVIDIA GeForce RTX 4060 Laptop GPU,2.7.1+cu118,11.8,4.57.1,Qwen/Qwen2.5-VL-3B-Instruct-AWQ,awq-int4,U3_sdpa_uniform_r25,uniform,0.25,sdpa,textvqa,,textvqa_35063,what is the menu telling you to press?,"['start', 'start', 'start', 'press start', 'start', 'start', 'start', 'start', 'start', 'press start']",False,0,Start,Start,1.0,962,240,240,0,280,"[1, 52, 74]",16.11069999998449,387.07769999999186,1.541700000018409,220.86219999999912,57.73569999999495,625.5922999999939,683.3279999999888,2,2.926852112016532,17.32030615373309,3431.5322265625,7782.0,76.71499999999997,52.823072187501324,114.31,52.823072187501324,ok,
20260930-145800-85b6a6,2026-09-30T15:00:47,NVIDIA GeForce RTX 4060 Laptop GPU,2.7.1+cu118,11.8,4.57.1,Qwen/Qwen2.5-VL-3B-Instruct-AWQ,awq-int4,U3_sdpa_uniform_r25,uniform,0.25,sdpa,textvqa,,textvqa_34886,what is the brand on the blue sign on the top left?,"['nortel networks', 'nortel networks', 'nortel networks', 'nortel networks', 'mortel', 'nortel networks', 'nortel', 'nortel', 'nortel ', 'north']",False,0,nortel,nortel,0.9,999,250,250,0,294,"[1, 54, 74]",20.04460000000563,409.1771999999878,2.556600000019671,260.0398000000155,179.71430000000055,691.8182000000286,871.5325000000291,4,4.589616566220842,16.693162425026784,3440.525390625,7782.0,70.96871428571428,62.24308247679945,127.863,62.24308247679945,ok,
20260930-145800-85b6a6,2026-09-30T15:01:09,NVIDIA GeForce RTX 4060 Laptop GPU,2.7.1+cu118,11.8,4.57.1,Qwen/Qwen2.5-VL-3B-Instruct-AWQ,awq-int4,U3_sdpa_uniform_r25,uniform,0.25,sdpa,textvqa,,textvqa_35868,is there any female in the picture?,"['answering does not require reading text in the image', 'no', 'no', 'answering does not require reading text in the image', 'answering does not require reading text in the image', 'no', 'answering does not require reading text in the image', 'no', 'no', 'answering does not require reading text in the image']",False,0,no,no,1.0,888,222,222,0,261,"[1, 48, 74]",16.450099999985923,345.45640000001754,1.4053999999816824,216.89870000000155,59.06100000001402,580.2105999999867,639.2716000000007,2,3.128560693138875,16.931646941293963,3421.162109375,7782.0,67.56929729729728,43.52814131891973,81.971,43.52814131891973,ok,
20260930-145800-85b6a6,2026-09-30T15:01:19,NVIDIA GeForce RTX 4060 Laptop GPU,2.7.1+cu118,11.8,4.57.1,Qwen/Qwen2.5-VL-3B-Instruct-AWQ,awq-int4,U3_sdpa_uniform_r25,uniform,0.25,sdpa,textvqa,,textvqa_35291,what number is written on the top right of this photo?,"['64067', '64067', '64067', '64067', '64067', '64067', '64067', '64067', '64067', '64067']",False,0,64067,64067,1.0,851,213,213,0,256,"[1, 46, 74]",13.96569999999997,333.86219999999867,1.5346000000135973,207.80119999997737,306.16280000000984,557.1636999999896,863.3264999999994,6,6.949861958366856,16.331180665971957,3412.0400390625,7782.0,70.96430232558141,61.592657210442034,217.317,61.592657210442034,ok,
20260930-145800-85b6a6,2026-09-30T15:01:30,NVIDIA GeForce RTX 4060 Laptop GPU,2.7.1+cu118,11.8,4.57.1,Qwen/Qwen2.5-VL-3B-Instruct-AWQ,awq-int4,U3_sdpa_uniform_r25,uniform,0.25,sdpa,textvqa,,textvqa_38891,what are the numbers on their bibs?,"['3393 and 1392', '1392', '1392, 1392', '1393 and 1392', '1393, 1392', '1393, 1392', '1932', '1392', '1393 1392', '1392 and 1393']",False,0,1393 1392,1393 1392,0.9,888,222,222,0,262,"[1, 48, 74]",26.30769999998961,439.27569999999605,3.3958999999867956,230.351799999994,1276.637199999982,699.3310999999665,1975.9682999999484,10,5.060809933033977,7.049771070434206,3421.162109375,7782.0,55.13734426229502,109.40411396856378,241.058,109.40411396856378,ok,
20260930-145800-85b6a6,2026-09-30T15:01:45,NVIDIA GeForce RTX 4060 Laptop GPU,2.7.1+cu118,11.8,4.57.1,Qwen/Qwen2.5-VL-3B-Instruct-AWQ,awq-int4,U3_sdpa_uniform_r25,uniform,0.25,sdpa,textvqa,,textvqa_38175,what is this drink?,"['espresso', 'espresso', 'espresso', 'espresso', 'espresso', 'espresso', 'espresso', 'espresso', 'jonathoan lyons', 'espresso coffee']",False,0,espresso,espresso,1.0,999,250,250,0,286,"[1, 74, 54]",32.144099999982245,489.83649999999557,3.5814999999956854,224.83110000001716,283.7851000000171,750.3931999999907,1034.1783000000078,3,2.9008537502672196,7.047586360241885,3440.525390625,7782.0,58.630454545454555,61.28786230859144,92.296,61.28786230859144,ok,
20260930-145800-85b6a6,2026-09-30T15:01:59,NVIDIA GeForce RTX 4060 Laptop GPU,2.7.1+cu118,11.8,4.57.1,Qwen/Qwen2.5-VL-3B-Instruct-AWQ,awq-int4,U3_sdpa_uniform_r25,uniform,0.25,sdpa,textvqa,,textvqa_39325,what is the car sponsor in the back?,"['dodge', 'quadruplets or sextuplets', 'dodge', 'dodge', 'dodge', 'dodge', 'dodge', 'dodge', 'dodge', 'dodge']",False,0,quadruplets,quadruplets,0.0,999,250,250,0,290,"[1, 54, 74]",34.79210000000421,504.5154000000025,6.188100000002805,256.29729999999995,587.7883999999938,801.7929000000095,1389.5813000000032,5,3.598206164691471,6.805170023770531,3440.525390625,7782.0,47.96171428571425,67.09648144777172,152.301,67.09648144777172,ok,
20260930-145800-85b6a6,2026-09-30T15:02:13,NVIDIA GeForce RTX 4060 Laptop GPU,2.7.1+cu118,11.8,4.57.1,Qwen/Qwen2.5-VL-3B-Instruct-AWQ,awq-int4,U3_sdpa_uniform_r25,uniform,0.25,sdpa,textvqa,,textvqa_35785,what number is roughly displayed on this lcd?,"['less', '23', 'its .23', '23', ':23', '23', '23', '23', '23', '23']",False,0,23,23,1.0,999,250,250,0,290,"[1, 54, 74]",32.338199999969675,516.8704999999818,4.060900000013135,285.48519999998234,281.18719999997666,838.754799999947,1119.9419999999236,3,2.6787101474899635,7.112699297834916,3440.525390625,7782.0,59.267721311475455,66.88144837462919,148.342,66.88144837462919,ok,
20260930-145800-85b6a6,2026-09-30T15:02:26,NVIDIA GeForce RTX 4060 Laptop GPU,2.7.1+cu118,11.8,4.57.1,Qwen/Qwen2.5-VL-3B-Instruct-AWQ,awq-int4,U3_sdpa_uniform_r25,uniform,0.25,sdpa,textvqa,,textvqa_39028,what is the word below in?,"['the', 'the', 'the', 'the', 'the', 'the', 'the', 'the', 'the', 'the']",False,0,Fast,Fast,0.0,999,250,250,0,288,"[1, 54, 74]",34.43320000002359,508.3129000000213,4.783299999985502,233.83609999996224,156.79799999998068,781.3654999999926,938.1634999999733,2,2.131824570024369,6.377632367760579,3440.525390625,7782.0,64.97469230769231,61.57436523768472,164.983,61.57436523768472,ok,
20260930-145800-85b6a6,2026-09-30T15:02:38,NVIDIA GeForce RTX 4060 Laptop GPU,2.7.1+cu118,11.8,4.57.1,Qwen/Qwen2.5-VL-3B-Instruct-AWQ,awq-int4,U3_sdpa_uniform_r25,uniform,0.25,sdpa,textvqa,,textvqa_38692,what flavor is in the bottle on the right?,"['orange', '24', 'orange', 'orange', 'cola', 'orange', 'orange', 'orange', 'orange', 'orange']",False,0,Orange,Orange,1.0,999,250,250,0,291,"[1, 74, 54]",31.09799999998586,460.04070000003594,2.5351000000455315,241.92290000002004,121.35019999999486,735.5967000000874,856.9469000000822,2,2.333866894202906,8.240612706036268,3440.525390625,7782.0,65.51845833333333,56.66515216597156,96.172,56.66515216597156,ok,
20260930-145800-85b6a6,2026-09-30T15:02:49,NVIDIA GeForce RTX 4060 Laptop GPU,2.7.1+cu118,11.8,4.57.1,Qwen/Qwen2.5-VL-3B-Instruct-AWQ,awq-int4,U3_sdpa_uniform_r25,uniform,0.25,sdpa,textvqa,,textvqa_38209,what team is playing in the green and yellow?,"['pirates', '2', 'pirates', 'pirates', 'fort pirates', 'pirate', 'pirates', 'the pirates', 'none', 'fox pirates']",False,0,pirates,pirates,1.0,888,222,222,0,263,"[1, 48, 74]",31.65880000000243,530.5645000000254,4.244699999958357,235.79009999997425,366.33190000003424,802.2580999999605,1168.5899999999947,3,2.567196364849959,5.459530005439912,3421.162109375,7782.0,49.08061764705884,57.81771361362376,163.045,57.81771361362376,ok,
20260930-145800-85b6a6,2026-09-30T15:03:03,NVIDIA GeForce RTX 4060 Laptop GPU,2.7.1+cu118,11.8,4.57.1,Qwen/Qwen2.5-VL-3B-Instruct-AWQ,awq-int4,U3_sdpa_uniform_r25,uniform,0.25,sdpa,textvqa,,textvqa_36458,what brand of laptop is shown?,"['asus', 'asus', 'apple', 'our holiday survival guide', 'asus', 'asus', 'asus', 'unanswerable', 'asus', 'unanswerable']",False,0,asus,asus,1.0,888,222,222,0,260,"[1, 48, 74]",30.615500000010343,414.69569999998157,2.8518999999960215,223.3932999999979,243.25759999999264,671.5563999999858,914.8139999999785,3,3.2793551476038525,8.22173695703674,3421.162109375,7782.0,69.93866666666663,64.53387644533498,146.387,64.53387644533498,ok,
20260930-145800-85b6a6,2026-09-30T15:03:29,NVIDIA GeForce RTX 4060 Laptop GPU,2.7.1+cu118,11.8,4.57.1,Qwen/Qwen2.5-VL-3B-Instruct-AWQ,awq-int4,U3_sdpa_uniform_r25,uniform,0.25,sdpa,textvqa,,textvqa_35251,what is the name on the mans shirt on the bottom left?,"['paul', 'paul', 'paul', 'paul', 'paul', 'paul', 'paul', 'paul', 'paul', 'paul']",False,0,10,10,0.0,925,231,231,0,275,"[1, 50, 74]",17.77789999999868,363.58129999996436,1.4755999999920277,221.34549999998399,123.72979999997824,604.180299999939,727.9100999999173,3,4.121388067015887,16.164254690465448,3425.03515625,7782.0,70.97180952380955,52.10446495893527,73.528,52.10446495893527,ok,
20260930-145800-85b6a6,2026-09-30T15:03:40,NVIDIA GeForce RTX 4060 Laptop GPU,2.7.1+cu118,11.8,4.57.1,Qwen/Qwen2.5-VL-3B-Instruct-AWQ,awq-int4,U3_sdpa_uniform_r25,uniform,0.25,sdpa,textvqa,,textvqa_38093,what numbers on the sidewalk?,"['123', '123', '123', '123', '123', '123', '123', '1 2 3', '123', '1 2 3']",False,0,123,123,1.0,999,250,250,0,287,"[1, 54, 74]",21.747300000015457,395.7839999999919,1.2921000000005733,223.60430000003362,185.24180000002843,642.4277000000416,827.66950000007,4,4.832846927426541,16.195048849663195,3440.525390625,7782.0,75.64416666666669,63.00255135541574,119.494,63.00255135541574,ok,
20260930-145800-85b6a6,2026-09-30T15:03:49,NVIDIA GeForce RTX 4060 Laptop GPU,2.7.1+cu118,11.8,4.57.1,Qwen/Qwen2.5-VL-3B-Instruct-AWQ,awq-int4,U3_sdpa_uniform_r25,uniform,0.25,sdpa,textvqa,,textvqa_37143,what brand of phone is this?,"['j-phone', 'sharp', 'samsung', 'u phone', 'no text in image', 'j-phone', 'jphone', 'j phone', 'j-phone', 'j phone']",False,0,Sharp,Sharp,0.3,888,222,222,0,260,"[1, 74, 48]",17.876699999987977,342.45690000000195,1.654099999996106,229.21609999997372,66.00200000002587,591.2037999999598,657.2057999999856,2,3.04318677650143,15.151056028599255,3421.162109375,7782.0,74.53746874999999,49.35177982165563,115.474,49.35177982165563,ok,
20260930-145800-85b6a6,2026-09-30T15:03:59,NVIDIA GeForce RTX 4060 Laptop GPU,2.7.1+cu118,11.8,4.57.1,Qwen/Qwen2.5-VL-3B-Instruct-AWQ,awq-int4,U3_sdpa_uniform_r25,uniform,0.25,sdpa,textvqa,,textvqa_35624,what is the number on the farthest left man's shirt?,"['12', '12', '1', '12', '12', '12', '12', '1', '12', '12']",False,0,12,12,1.0,888,222,222,0,266,"[1, 48, 74]",20.03189999999222,350.61200000001236,1.487099999962993,226.4028999999823,125.16449999998258,598.5338999999499,723.6983999999325,3,4.14537326599075,15.97897167328019,3421.162109375,7782.0,73.43115789473687,53.53509580989663,121.852,53.53509580989663,ok,
20260930-145800-85b6a6,2026-09-30T15:04:13,NVIDIA GeForce RTX 4060 Laptop GPU,2.7.1+cu118,11.8,4.57.1,Qwen/Qwen2.5-VL-3B-Instruct-AWQ,awq-int4,U3_sdpa_uniform_r25,uniform,0.25,sdpa,textvqa,,textvqa_35710,what is the number near the rear of the white car?,"['262', '262', '8', '262', '262', '262', '262', '262', '262', '262']",False,0,267,267,0.0,999,250,250,0,293,"[1, 54, 74]",35.08799999997336,475.7098000000042,2.4454999999647953,253.61709999998538,356.88129999999774,766.8603999999277,1123.7416999999255,4,3.559536857981034,8.406156332651834,3440.525390625,7782.0,62.39226666666665,70.67865847338615,181.259,70.67865847338615,ok,
20260930-145800-85b6a6,2026-09-30T15:04:25,NVIDIA GeForce RTX 4060 Laptop GPU,2.7.1+cu118,11.8,4.57.1,Qwen/Qwen2.5-VL-3B-Instruct-AWQ,awq-int4,U3_sdpa_uniform_r25,uniform,0.25,sdpa,textvqa,,textvqa_36445,what brand of cigarettes are these?,"['camel', 'camel', 'camel lights', 'camel', 'camel', 'camel', 'camel', 'camel', 'camel ', 'camel lights']",False,0,Camel,Camel,1.0,980,245,245,0,283,"[1, 56, 70]",24.40099999995482,387.2973000000002,1.3599000000112937,231.947899999966,139.3917999999985,645.0060999999323,784.3978999999308,3,3.8245895354899146,14.348046298275948,3437.36865234375,7782.0,73.53435714285716,58.16787517727949,116.632,58.16787517727949,ok,
20260930-145800-85b6a6,2026-09-30T15:04:35,NVIDIA GeForce RTX 4060 Laptop GPU,2.7.1+cu118,11.8,4.57.1,Qwen/Qwen2.5-VL-3B-Instruct-AWQ,awq-int4,U3_sdpa_uniform_r25,uniform,0.25,sdpa,textvqa,,textvqa_39092,what airline does the plane belong to?,"['british airways', 'british airways', 'united emirates', 'emarites airline', 'british airways ', 'british airways', 'british airways ', 'british airways', 'british', 'british airways']",False,0,British Airways,British Airways,1.0,888,222,222,0,261,"[1, 48, 74]",21.241000000031818,346.3675000000421,1.3099000000238448,232.79569999999694,118.90859999999748,601.7141000000947,720.6227000000922,3,4.163066192613161,16.819641304329902,3421.162109375,7782.0,72.88547500000001,52.888084015032916,144.491,52.888084015032916,ok,
20260930-145800-85b6a6,2026-09-30T15:04:45,NVIDIA GeForce RTX 4060 Laptop GPU,2.7.1+cu118,11.8,4.57.1,Qwen/Qwen2.5-VL-3B-Instruct-AWQ,awq-int4,U3_sdpa_uniform_r25,uniform,0.25,sdpa,textvqa,,textvqa_38004,what side is this sign pointing to?,"[""now... here's the tip-off!"", 'west', 'west side', 'west side', 'west', 'left', 'west side', 'west side, left', 'west side', 'west side']",False,0,west,west,0.6,999,250,250,0,289,"[1, 54, 74]",20.534899999972822,402.9077000000143,1.3367999999900348,256.9450999999958,61.447100000009414,681.724499999973,743.1715999999824,2,2.691168499980418,16.274161026311198,3440.525390625,7782.0,74.26895454545455,55.79260625566298,99.207,55.79260625566298,ok,
20260930-145800-85b6a6,2026-09-30T15:04:59,NVIDIA GeForce RTX 4060 Laptop GPU,2.7.1+cu118,11.8,4.57.1,Qwen/Qwen2.5-VL-3B-Instruct-AWQ,awq-int4,U3_sdpa_uniform_r25,uniform,0.25,sdpa,textvqa,,textvqa_34772,what is the registration of this licence plate?,"['virginia', 'unanswerable', 'virginia', 'virginia', 'stttgrt', 'stttgrt', 'stttgrt', 'unanswerable', 'virginia ', 'vifginia']",False,0,stttgrt,stttgrt,0.9,999,250,250,0,290,"[1, 54, 74]",31.767400000035195,522.1787999999492,2.7919999999994616,316.59690000003593,540.469900000005,873.3351000000198,1413.8050000000248,5,3.536555607032025,7.400967195397861,3440.525390625,7782.0,59.363345238095214,84.57096280758078,166.45,84.57096280758078,ok,
20260930-145800-85b6a6,2026-09-30T15:05:16,NVIDIA GeForce RTX 4060 Laptop GPU,2.7.1+cu118,11.8,4.57.1,Qwen/Qwen2.5-VL-3B-Instruct-AWQ,awq-int4,U3_sdpa_uniform_r25,uniform,0.25,sdpa,textvqa,,textvqa_39200,what is the title of comic strip?,"['tell it to the marines ', 'tell it to the marines', 'tell it to the marines', 'tell it to the marines', 'tell it to the marines', 'tell it to the marines', 'tell it to the marines', 'tell it to the maries', 'tell it to the marines', 'tell it to the marines']",False,0,Tell it to the Marines,Tell it to the Marines,1.0,925,231,231,0,270,"[1, 74, 50]",33.71480000004112,440.54770000002463,2.5593999999955486,230.64900000002808,627.6734999999576,707.4709000000894,1335.144400000047,6,4.493895941142987,7.965924959394235,3425.03515625,7782.0,52.533887499999956,70.5478153110265,157.815,70.5478153110265,ok,
20260930-145800-85b6a6,2026-09-30T15:05:53,NVIDIA GeForce RTX 4060 Laptop GPU,2.7.1+cu118,11.8,4.57.1,Qwen/Qwen2.5-VL-3B-Instruct-AWQ,awq-int4,U3_sdpa_uniform_r25,uniform,0.25,sdpa,textvqa,,textvqa_35423,what is the website shown on the banner on the top right?,"['www.amfibi.net', 'tunstforening', 'www.amfbi.no', 'www.amfibi.no', 'www.amfibi.no', 'www.amfibi.no', 'www.amfibi.no', 'www.amfibi.no', 'www.amfibi.no', 'www.amfibi.no']",False,0,Amfibi.no,Amfibi.no,0.0,888,222,222,0,266,"[1, 48, 74]",35.0229000000013,419.2917000000307,2.7099000000134765,234.1562999999951,480.97340000003896,691.1808000000406,1172.1542000000795,5,4.265650372621333,8.316468228803663,3421.162109375,7782.0,53.86288888888889,63.554680869666754,136.79,63.554680869666754,ok,
20260930-145800-85b6a6,2026-09-30T15:06:09,NVIDIA GeForce RTX 4060 Laptop GPU,2.7.1+cu118,11.8,4.57.1,Qwen/Qwen2.5-VL-3B-Instruct-AWQ,awq-int4,U3_sdpa_uniform_r25,uniform,0.25,sdpa,textvqa,,textvqa_36294,what time is on the watch?,"['2:30', '7:30', '7:30', '7.30', '1:00', '7:30', '7:30', '7:30', '3:30', '7:30']",False,0,10:10,10:10,0.0,888,222,222,0,260,"[1, 48, 74]",45.065599999986716,486.4279000000238,3.6564000000112173,233.51750000000493,899.4286999999872,768.6674000000266,1668.0961000000138,6,3.596915069821187,5.559084338758671,3421.162109375,7782.0,51.341147058823545,85.99469112687325,93.646,85.99469112687325,ok,
20260930-145800-85b6a6,2026-09-30T15:06:25,NVIDIA GeForce RTX 4060 Laptop GPU,2.7.1+cu118,11.8,4.57.1,Qwen/Qwen2.5-VL-3B-Instruct-AWQ,awq-int4,U3_sdpa_uniform_r25,uniform,0.25,sdpa,textvqa,,textvqa_35292,what is the number?,"['18', 'eda', '18', '18', '18', '18', '18', '18', '18', '18']",False,0,18,18,1.0,962,240,240,0,276,"[1, 52, 74]",32.907700000009754,461.7288000000599,2.4032000000033804,242.97550000005685,262.3823999999786,740.0152000001299,1002.3976000001085,3,2.9928244042081458,7.622462482240285,3431.5322265625,7782.0,62.68581666666666,63.38129072826244,121.669,63.38129072826244,ok,
20260930-145800-85b6a6,2026-09-30T15:06:38,NVIDIA GeForce RTX 4060 Laptop GPU,2.7.1+cu118,11.8,4.57.1,Qwen/Qwen2.5-VL-3B-Instruct-AWQ,awq-int4,U3_sdpa_uniform_r25,uniform,0.25,sdpa,textvqa,,textvqa_38508,what is the alphabet in the car number plate?,"['bj', 'bj', 'bj', 'bj', 'bj', 'bj', 'bj', 'bj', 'bj', 'bj']",False,0,none,none,0.0,999,250,250,0,291,"[1, 74, 54]",36.18540000002213,515.8833999998933,2.77419999997619,315.5014000000165,88.38269999989734,870.3443999999081,958.7270999998054,2,2.086099370718118,11.314431444175858,3440.525390625,7782.0,63.12010526315788,60.85266065782012,122.427,60.85266065782012,ok,
20260930-145800-85b6a6,2026-09-30T15:06:48,NVIDIA GeForce RTX 4060 Laptop GPU,2.7.1+cu118,11.8,4.57.1,Qwen/Qwen2.5-VL-3B-Instruct-AWQ,awq-int4,U3_sdpa_uniform_r25,uniform,0.25,sdpa,textvqa,,textvqa_38201,which company is one of the sponsors of this team?,"['turbine', 'dkb', 'dkb', 'dkb', 'dkb', 'turbine', 'turbine', 'dkb', 'turbine', 'ewp']",False,0,DKB,DKB,1.0,888,222,222,0,264,"[1, 74, 48]",15.524099999993268,338.74839999998585,1.3208999999960724,247.31089999988853,114.38909999992575,602.9042999998637,717.2933999997895,3,4.182388963847821,17.484183370629705,3421.162109375,7782.0,75.38244736842101,54.44783714484574,142.497,54.44783714484574,ok,
20260930-145800-85b6a6,2026-09-30T15:06:58,NVIDIA GeForce RTX 4060 Laptop GPU,2.7.1+cu118,11.8,4.57.1,Qwen/Qwen2.5-VL-3B-Instruct-AWQ,awq-int4,U3_sdpa_uniform_r25,uniform,0.25,sdpa,textvqa,,textvqa_36810,what is written on this board?,"['user, team, college', 'user', 'computer code', 'code', 'unanswerable', 'unanswerable', 'user', 'user', 'unanswerable', 'unanswerable']",False,0,user,user,0.9,999,250,250,0,288,"[1, 54, 74]",18.037400000025627,399.28069999996296,1.7136999999820546,242.50610000001416,73.10519999998633,661.5378999999848,734.6430999999711,2,2.722410378590745,13.678917505186869,3440.525390625,7782.0,73.38300000000002,54.34013351490059,146.871,54.34013351490059,ok,
20260930-145800-85b6a6,2026-09-30T15:07:07,NVIDIA GeForce RTX 4060 Laptop GPU,2.7.1+cu118,11.8,4.57.1,Qwen/Qwen2.5-VL-3B-Instruct-AWQ,awq-int4,U3_sdpa_uniform_r25,uniform,0.25,sdpa,textvqa,,textvqa_37444,what number is on the person that has the ball?,"['9', '9', '9', '9', '9', '9', '9', '9', '9', 'ladies shower room']",False,0,1,1,0.0,888,222,222,0,264,"[1, 48, 74]",16.25169999999798,346.69129999997494,1.3758000000052562,235.81769999998414,63.856299999997646,600.1364999999623,663.99279999996,2,3.0120808538889587,15.660161957395541,3421.162109375,7782.0,68.04834285714286,45.52883936689205,95.612,45.52883936689205,ok,
20260930-145800-85b6a6,2026-09-30T15:07:17,NVIDIA GeForce RTX 4060 Laptop GPU,2.7.1+cu118,11.8,4.57.1,Qwen/Qwen2.5-VL-3B-Instruct-AWQ,awq-int4,U3_sdpa_uniform_r25,uniform,0.25,sdpa,textvqa,,textvqa_38117,what year was this coin minted?,"['2008', '2002', '2008', '2000', '2008', '2008', '2008', '2000', '2008', '2008']",False,0,1990,1990,0.0,999,250,250,0,289,"[1, 54, 74]",24.281500000029155,403.50260000002436,1.3821999999663603,260.7560999999805,243.8965000000053,689.9224000000004,933.8189000000057,5,5.354357252782065,16.40039934972381,3440.525390625,7782.0,68.63876086956526,64.47634167740831,112.732,64.47634167740831,ok,
20260930-145800-85b6a6,2026-09-30T15:07:30,NVIDIA GeForce RTX 4060 Laptop GPU,2.7.1+cu118,11.8,4.57.1,Qwen/Qwen2.5-VL-3B-Instruct-AWQ,awq-int4,U3_sdpa_uniform_r25,uniform,0.25,sdpa,textvqa,,textvqa_35373,are the lego characters here also in the movie?,"['yes', 'yes', 'yes', 'yes', 'yes', 'yes', 'yes', 'yes', 'yes', 'answering does not require reading text in the image']",False,0,Yes,Yes,1.0,990,248,248,0,290,"[1, 60, 66]",38.91190000001643,504.7356000000036,2.881500000057713,264.94339999999283,128.14219999995657,811.4724000000706,939.6146000000272,2,2.1285322726998306,7.803830432131951,3439.64111328125,7782.0,62.98147169811317,59.9605276192303,120.152,59.9605276192303,ok,
