run_id,timestamp,tag,role,category,sample_id,query_image,label,binary_label,anomaly_type,reference_count,reference_images,reference_seed,token_method,token_retention,compress_query,attention_backend,awq_dequant_threshold,max_pixels,model_name,status,error_message,raw_output,prediction,prediction_label,parse_failed,anomaly_score,logp_normal,logp_anomalous,preprocess_ms,vision_ms,compress_ms,prefill_ms,decode_ms,score_ms,ttft_ms,total_latency_ms,generated_tokens,tokens_per_second,peak_allocated_mb,peak_reserved_mb,visual_tokens_before,visual_tokens_after,per_image_tokens_before,per_image_tokens_after,prefill_seq_len,average_power_w,energy_j,correct
20260930-210411-0c0ed5,2026-09-30T21:05:39,final,test,breakfast_box,breakfast_box/test/good/097,hf_assets/mvtec_loco/mvtec_loco_anomaly_detection/breakfast_box/test/good/097.png,normal,0,none,1,['breakfast_box/train/good/271'],0,none,1.0,True,sdpa,64,401408,Qwen/Qwen2.5-VL-3B-Instruct-AWQ,ok,,ANOMALOUS,1,ANOMALOUS,False,0.7458780575171415,-1.4490784406661987,-0.37233055592514575,41.90820000000883,381.5987999999919,2.666399999995406,456.86460000000295,253.21299999998814,56.26120000000867,883.0379999999991,1136.2509999999872,5,4.400436171233342,3557.0205078125,7854.0,1000,1000,"[500, 500]","[500, 500]",1148,73.55400000000002,88.18903938000022,0
20260930-210411-0c0ed5,2026-09-30T21:05:40,final,test,breakfast_box,breakfast_box/test/good/097,hf_assets/mvtec_loco/mvtec_loco_anomaly_detection/breakfast_box/test/good/097.png,normal,0,none,1,['breakfast_box/train/good/271'],0,visionzip,0.75,True,sdpa,64,401408,Qwen/Qwen2.5-VL-3B-Instruct-AWQ,ok,,ANOMALOUS,1,ANOMALOUS,False,0.7458760083469266,-1.4500696659088135,-0.37333259219303727,34.96859999999913,384.014300000004,16.792500000008204,367.53240000000176,261.8843999999996,76.63900000000012,803.3078000000131,1065.1922000000127,5,4.6939885590599895,3468.9521484375,7854.0,1000,750,"[500, 500]","[375, 375]",898,66.87634426229509,76.7587887189882,0
20260930-210411-0c0ed5,2026-09-30T21:05:41,final,test,breakfast_box,breakfast_box/test/good/097,hf_assets/mvtec_loco/mvtec_loco_anomaly_detection/breakfast_box/test/good/097.png,normal,0,none,1,['breakfast_box/train/good/271'],0,visionzip,0.5,True,sdpa,64,401408,Qwen/Qwen2.5-VL-3B-Instruct-AWQ,ok,,ANOMALOUS,1,ANOMALOUS,False,0.7517693375907823,-1.4714069366455078,-0.3633357959333807,34.64030000000662,379.2966999999976,15.483600000010256,249.48320000000024,274.9486000000019,57.300499999996646,678.9038000000147,953.8524000000166,5,5.241901157872972,3442.1181640625,7854.0,1000,500,"[500, 500]","[250, 250]",648,63.98348214285719,65.24789172522335,0
20260930-210411-0c0ed5,2026-09-30T21:05:43,final,test,breakfast_box,breakfast_box/test/good/097,hf_assets/mvtec_loco/mvtec_loco_anomaly_detection/breakfast_box/test/good/097.png,normal,0,none,1,['breakfast_box/train/good/271'],0,visionzip,0.25,True,sdpa,64,401408,Qwen/Qwen2.5-VL-3B-Instruct-AWQ,ok,,ANOMALOUS,1,ANOMALOUS,False,0.7770857788070775,-1.5923826694488525,-0.34361896687187254,37.02509999999393,384.78620000000774,15.29159999999763,161.7257000000052,240.03159999999468,57.584699999992495,598.8286000000045,838.8601999999992,5,5.960468740798532,3442.1181640625,7854.0,1000,250,"[500, 500]","[125, 125]",398,61.59812500000004,55.577117714874554,0
20260930-210411-0c0ed5,2026-09-30T21:05:43,final,test,breakfast_box,breakfast_box/test/good/097,hf_assets/mvtec_loco/mvtec_loco_anomaly_detection/breakfast_box/test/good/097.png,normal,0,none,2,"['breakfast_box/train/good/271', 'breakfast_box/train/good/248']",0,none,1.0,True,sdpa,64,401408,Qwen/Qwen2.5-VL-3B-Instruct-AWQ,ok,,ANOMALOUS,1,ANOMALOUS,False,0.5733576387650853,-0.9300811290740967,-0.6345175564056262,51.08500000000049,593.1573999999955,2.2625999999945634,822.3559999999992,229.59130000000982,54.23469999999497,1468.8609999999899,1698.4522999999997,5,2.9438565922634394,3811.6455078125,7854.0,1500,1500,"[500, 500, 500]","[500, 500, 500]",1657,82.09522680412363,144.77927530657058,0
20260930-210411-0c0ed5,2026-09-30T21:05:45,final,test,breakfast_box,breakfast_box/test/good/097,hf_assets/mvtec_loco/mvtec_loco_anomaly_detection/breakfast_box/test/good/097.png,normal,0,none,2,"['breakfast_box/train/good/271', 'breakfast_box/train/good/248']",0,visionzip,0.75,True,sdpa,64,401408,Qwen/Qwen2.5-VL-3B-Instruct-AWQ,ok,,ANOMALOUS,1,ANOMALOUS,False,0.6073326087169195,-1.0115185976028442,-0.575404922477901,51.6317000000015,583.140499999999,23.680699999999888,561.997699999992,244.155400000011,66.49389999999755,1220.4505999999924,1464.6060000000034,5,3.41388742091729,3629.35791015625,7854.0,1500,1125,"[500, 500, 500]","[375, 375, 375]",1282,77.46559756097554,119.45996138181224,0
20260930-210411-0c0ed5,2026-09-30T21:05:47,final,test,breakfast_box,breakfast_box/test/good/097,hf_assets/mvtec_loco/mvtec_loco_anomaly_detection/breakfast_box/test/good/097.png,normal,0,none,2,"['breakfast_box/train/good/271', 'breakfast_box/train/good/248']",0,visionzip,0.5,True,sdpa,64,401408,Qwen/Qwen2.5-VL-3B-Instruct-AWQ,ok,,ANOMALOUS,1,ANOMALOUS,False,0.6403223224699429,-1.0986788272857666,-0.5219154390506446,50.394599999989964,602.2278999999884,23.53580000000477,370.2775999999943,231.20089999999038,57.79060000000413,1046.4358999999774,1277.636799999968,5,3.913475253687218,3531.3291015625,7854.0,1500,750,"[500, 500, 500]","[250, 250, 250]",907,74.59774324324316,100.21219130609235,0
20260930-210411-0c0ed5,2026-09-30T21:05:48,final,test,breakfast_box,breakfast_box/test/good/097,hf_assets/mvtec_loco/mvtec_loco_anomaly_detection/breakfast_box/test/good/097.png,normal,0,none,2,"['breakfast_box/train/good/271', 'breakfast_box/train/good/248']",0,visionzip,0.25,True,sdpa,64,401408,Qwen/Qwen2.5-VL-3B-Instruct-AWQ,ok,,ANOMALOUS,1,ANOMALOUS,False,0.6616500881653474,-1.171377182006836,-0.5007209356408566,52.09670000000699,584.378700000002,22.84169999998653,201.8155999999891,234.6057999999971,64.75350000000901,861.1326999999847,1095.7384999999817,5,4.563132535728263,3531.3291015625,7854.0,1500,375,"[500, 500, 500]","[125, 125, 125]",532,74.27404687499997,86.98992710290281,0
20260930-210411-0c0ed5,2026-09-30T21:05:49,final,test,breakfast_box,breakfast_box/test/good/097,hf_assets/mvtec_loco/mvtec_loco_anomaly_detection/breakfast_box/test/good/097.png,normal,0,none,4,"['breakfast_box/train/good/271', 'breakfast_box/train/good/248', 'breakfast_box/train/good/267', 'breakfast_box/train/good/219']",0,none,1.0,True,sdpa,64,401408,Qwen/Qwen2.5-VL-3B-Instruct-AWQ,ok,,ANOMALOUS,1,ANOMALOUS,False,0.5309146997612385,-0.8174624443054199,-0.6936457054689527,81.79570000000069,998.4065999999956,16.32850000000019,1630.5475999999999,247.32360000000142,64.83269999999663,2727.0783999999962,2974.4019999999978,5,1.6810101660770815,4561.287109375,7854.0,2500,2500,"[500, 500, 500, 500, 500]","[500, 500, 500, 500, 500]",2675,79.56772500000005,241.93084772139724,0
20260930-210411-0c0ed5,2026-09-30T21:05:52,final,test,breakfast_box,breakfast_box/test/good/097,hf_assets/mvtec_loco/mvtec_loco_anomaly_detection/breakfast_box/test/good/097.png,normal,0,none,4,"['breakfast_box/train/good/271', 'breakfast_box/train/good/248', 'breakfast_box/train/good/267', 'breakfast_box/train/good/219']",0,visionzip,0.75,True,sdpa,64,401408,Qwen/Qwen2.5-VL-3B-Instruct-AWQ,ok,,ANOMALOUS,1,ANOMALOUS,False,0.542561942249429,-0.8414571285247803,-0.6707963530207053,84.26799999999446,1017.1969000000018,55.25880000000427,1142.9428000000003,238.25610000000097,60.98499999998808,2299.6665000000007,2537.9226000000017,5,1.9701152430732114,4086.39990234375,7854.0,2500,1875,"[500, 500, 500, 500, 500]","[375, 375, 375, 375, 375]",2050,79.10363698630144,205.66966183384073,0
20260930-210411-0c0ed5,2026-09-30T21:05:55,final,test,breakfast_box,breakfast_box/test/good/097,hf_assets/mvtec_loco/mvtec_loco_anomaly_detection/breakfast_box/test/good/097.png,normal,0,none,4,"['breakfast_box/train/good/271', 'breakfast_box/train/good/248', 'breakfast_box/train/good/267', 'breakfast_box/train/good/219']",0,visionzip,0.5,True,sdpa,64,401408,Qwen/Qwen2.5-VL-3B-Instruct-AWQ,ok,,ANOMALOUS,1,ANOMALOUS,False,0.6510893102127414,-1.1176917552947998,-0.49386091949418187,77.58910000001151,1012.1614999999906,48.04149999999652,632.5647999999973,251.43560000000775,70.50339999999267,1770.3568999999961,2021.7925000000039,5,2.473052996289179,3711.10546875,7854.0,2500,1250,"[500, 500, 500, 500, 500]","[250, 250, 250, 250, 250]",1425,76.74853982300888,160.67139500130148,0
20260930-210411-0c0ed5,2026-09-30T21:05:57,final,test,breakfast_box,breakfast_box/test/good/097,hf_assets/mvtec_loco/mvtec_loco_anomaly_detection/breakfast_box/test/good/097.png,normal,0,none,4,"['breakfast_box/train/good/271', 'breakfast_box/train/good/248', 'breakfast_box/train/good/267', 'breakfast_box/train/good/219']",0,visionzip,0.25,True,sdpa,64,401408,Qwen/Qwen2.5-VL-3B-Instruct-AWQ,ok,,ANOMALOUS,1,ANOMALOUS,False,0.7399910131760611,-1.4149945974349976,-0.36907275079283863,79.81089999999824,1030.7286999999974,46.83140000000208,319.01969999999835,270.31609999998807,72.00880000000609,1476.3906999999958,1746.706799999984,5,2.8625296472195827,3711.10546875,7854.0,2500,625,"[500, 500, 500, 500, 500]","[125, 125, 125, 125, 125]",800,74.14480198019805,134.93215096237546,0
20260930-210411-0c0ed5,2026-09-30T21:05:59,final,test,breakfast_box,breakfast_box/test/good/097,hf_assets/mvtec_loco/mvtec_loco_anomaly_detection/breakfast_box/test/good/097.png,normal,0,none,8,"['breakfast_box/train/good/271', 'breakfast_box/train/good/248', 'breakfast_box/train/good/267', 'breakfast_box/train/good/219', 'breakfast_box/train/good/145', 'breakfast_box/train/good/149', 'breakfast_box/train/good/056', 'breakfast_box/train/good/028']",0,none,1.0,True,sdpa,64,401408,Qwen/Qwen2.5-VL-3B-Instruct-AWQ,ok,,ANOMALOUS,1,ANOMALOUS,False,0.5772224355861946,-0.9199427962303162,-0.6085612886818126,147.96889999999507,1884.200100000001,4.307800000006523,9809.72840000001,271.6160999999886,53.36320000000683,11846.205200000013,12117.821300000001,5,0.4126154261740103,6854.44287109375,7854.0,4500,4500,"[500, 500, 500, 500, 500, 500, 500, 500, 500]","[500, 500, 500, 500, 500, 500, 500, 500, 500]",4711,55.598517138599135,677.9255293692875,0
20260930-210411-0c0ed5,2026-09-30T21:06:11,final,test,breakfast_box,breakfast_box/test/good/097,hf_assets/mvtec_loco/mvtec_loco_anomaly_detection/breakfast_box/test/good/097.png,normal,0,none,8,"['breakfast_box/train/good/271', 'breakfast_box/train/good/248', 'breakfast_box/train/good/267', 'breakfast_box/train/good/219', 'breakfast_box/train/good/145', 'breakfast_box/train/good/149', 'breakfast_box/train/good/056', 'breakfast_box/train/good/028']",0,visionzip,0.75,True,sdpa,64,401408,Qwen/Qwen2.5-VL-3B-Instruct-AWQ,ok,,ANOMALOUS,1,ANOMALOUS,False,0.5541900556513316,-0.8659360408782959,-0.6483210796723142,145.8880999999792,1814.4930999999929,86.58220000000938,2669.294000000008,242.51709999998639,62.975699999981316,4716.2573999999895,4958.774499999976,5,1.008313646849645,5478.0888671875,7854.0,4500,3375,"[500, 500, 500, 500, 500, 500, 500, 500, 500]","[375, 375, 375, 375, 375, 375, 375, 375, 375]",3586,80.18103728813563,402.75455404762596,0
20260930-210411-0c0ed5,2026-09-30T21:06:16,final,test,breakfast_box,breakfast_box/test/good/097,hf_assets/mvtec_loco/mvtec_loco_anomaly_detection/breakfast_box/test/good/097.png,normal,0,none,8,"['breakfast_box/train/good/271', 'breakfast_box/train/good/248', 'breakfast_box/train/good/267', 'breakfast_box/train/good/219', 'breakfast_box/train/good/145', 'breakfast_box/train/good/149', 'breakfast_box/train/good/056', 'breakfast_box/train/good/028']",0,visionzip,0.5,True,sdpa,64,401408,Qwen/Qwen2.5-VL-3B-Instruct-AWQ,ok,,ANOMALOUS,1,ANOMALOUS,False,0.6111071386909203,-1.0024032592773438,-0.5504348506219685,144.9547999999936,1814.922800000005,91.92259999997532,1470.7493000000227,250.27829999999085,59.140600000006316,3522.549499999997,3772.8277999999877,5,1.3252658920717282,4403.93701171875,7854.0,4500,2250,"[500, 500, 500, 500, 500, 500, 500, 500, 500]","[250, 250, 250, 250, 250, 250, 250, 250, 250]",2461,79.7194114832535,305.56801984135666,0
20260930-210411-0c0ed5,2026-09-30T21:06:20,final,test,breakfast_box,breakfast_box/test/good/097,hf_assets/mvtec_loco/mvtec_loco_anomaly_detection/breakfast_box/test/good/097.png,normal,0,none,8,"['breakfast_box/train/good/271', 'breakfast_box/train/good/248', 'breakfast_box/train/good/267', 'breakfast_box/train/good/219', 'breakfast_box/train/good/145', 'breakfast_box/train/good/149', 'breakfast_box/train/good/056', 'breakfast_box/train/good/028']",0,visionzip,0.25,True,sdpa,64,401408,Qwen/Qwen2.5-VL-3B-Instruct-AWQ,ok,,ANOMALOUS,1,ANOMALOUS,False,0.7339200069072312,-1.3857183456420898,-0.3711152948671952,144.03249999998025,1814.2538000000172,88.51009999997927,579.12970000001,264.7786999999937,55.87419999997678,2625.926099999987,2890.7047999999804,5,1.7296819792875544,4069.875,7854.0,4500,1125,"[500, 500, 500, 500, 500, 500, 500, 500, 500]","[125, 125, 125, 125, 125, 125, 125, 125, 125]",1336,76.43621686746991,225.3169526234271,0
20260930-210411-0c0ed5,2026-09-30T21:06:23,final,test,breakfast_box,breakfast_box/test/good/047,hf_assets/mvtec_loco/mvtec_loco_anomaly_detection/breakfast_box/test/good/047.png,normal,0,none,1,['breakfast_box/train/good/271'],0,visionzip,0.75,True,sdpa,64,401408,Qwen/Qwen2.5-VL-3B-Instruct-AWQ,ok,,ANOMALOUS,1,ANOMALOUS,False,0.6856328016203855,-1.2434886693954468,-0.4637081838445738,33.79420000001687,374.13410000002045,15.70240000000922,367.66320000000974,239.45390000000089,65.27500000001396,791.2939000000563,1030.7478000000572,5,4.85084712283618,3468.9521484375,7854.0,1000,750,"[500, 500]","[375, 375]",898,71.63863492063496,79.29063690718357,0
20260930-210411-0c0ed5,2026-09-30T21:06:24,final,test,breakfast_box,breakfast_box/test/good/047,hf_assets/mvtec_loco/mvtec_loco_anomaly_detection/breakfast_box/test/good/047.png,normal,0,none,1,['breakfast_box/train/good/271'],0,visionzip,0.5,True,sdpa,64,401408,Qwen/Qwen2.5-VL-3B-Instruct-AWQ,ok,,ANOMALOUS,1,ANOMALOUS,False,0.7087221538712928,-1.3237996101379395,-0.43461365427356213,33.34049999998001,375.4141000000004,15.834400000017013,249.12779999999657,258.43160000002285,66.29940000001966,673.716799999994,932.1484000000169,5,5.3639527783343395,3442.1181640625,7854.0,1000,500,"[500, 500]","[250, 250]",648,72.27999999999997,72.59255317600095,0
20260930-210411-0c0ed5,2026-09-30T21:06:25,final,test,breakfast_box,breakfast_box/test/good/047,hf_assets/mvtec_loco/mvtec_loco_anomaly_detection/breakfast_box/test/good/047.png,normal,0,none,1,['breakfast_box/train/good/271'],0,visionzip,0.25,True,sdpa,64,401408,Qwen/Qwen2.5-VL-3B-Instruct-AWQ,ok,,ANOMALOUS,1,ANOMALOUS,False,0.7715901378353829,-1.5878770351409912,-0.3705651918426156,34.51129999999125,383.90060000000403,15.703100000024506,161.8280999999797,248.97789999999986,58.025700000001734,595.9430999999995,844.9209999999994,5,5.917713016956619,3442.1181640625,7854.0,1000,250,"[500, 500]","[125, 125]",398,58.57219642857141,53.226962211916906,0
20260930-210411-0c0ed5,2026-09-30T21:06:26,final,test,breakfast_box,breakfast_box/test/good/047,hf_assets/mvtec_loco/mvtec_loco_anomaly_detection/breakfast_box/test/good/047.png,normal,0,none,2,"['breakfast_box/train/good/271', 'breakfast_box/train/good/248']",0,none,1.0,True,sdpa,64,401408,Qwen/Qwen2.5-VL-3B-Instruct-AWQ,ok,,ANOMALOUS,1,ANOMALOUS,False,0.5998709944900323,-0.9887133836746216,-0.583785769646056,51.92130000000361,588.4038000000089,2.9916999999954896,822.5702000000013,265.5080999999768,61.607100000003356,1465.8870000000093,1731.395099999986,5,2.8878446057748692,3811.6455078125,7854.0,1500,1500,"[500, 500, 500]","[500, 500, 500]",1657,79.21302150537635,142.68404716829224,0
20260930-210411-0c0ed5,2026-09-30T21:06:28,final,test,breakfast_box,breakfast_box/test/good/047,hf_assets/mvtec_loco/mvtec_loco_anomaly_detection/breakfast_box/test/good/047.png,normal,0,none,2,"['breakfast_box/train/good/271', 'breakfast_box/train/good/248']",0,visionzip,0.75,True,sdpa,64,401408,Qwen/Qwen2.5-VL-3B-Instruct-AWQ,ok,,ANOMALOUS,1,ANOMALOUS,False,0.6221416175635686,-1.0497915744781494,-0.551143302465789,49.827500000020564,613.9935999999864,22.410600000000613,561.9751999999778,271.4649000000122,64.0030000000138,1248.2068999999854,1519.6717999999976,5,3.2901841042256676,3629.35791015625,7854.0,1500,1125,"[500, 500, 500]","[375, 375, 375]",1282,74.35348809523806,118.32307759105194,0
20260930-210411-0c0ed5,2026-09-30T21:06:30,final,test,breakfast_box,breakfast_box/test/good/047,hf_assets/mvtec_loco/mvtec_loco_anomaly_detection/breakfast_box/test/good/047.png,normal,0,none,2,"['breakfast_box/train/good/271', 'breakfast_box/train/good/248']",0,visionzip,0.5,True,sdpa,64,401408,Qwen/Qwen2.5-VL-3B-Instruct-AWQ,ok,,ANOMALOUS,1,ANOMALOUS,False,0.6581117342687455,-1.1490426063537598,-0.4941518558189273,52.332500000005666,595.1306000000045,22.93459999998504,369.84129999999027,262.9177000000027,67.33000000002676,1040.2389999999855,1303.1566999999882,5,3.8368371202020795,3531.3291015625,7854.0,1500,750,"[500, 500, 500]","[250, 250, 250]",907,70.85829166666662,97.86461157119066,0
20260930-210411-0c0ed5,2026-09-30T21:06:31,final,test,breakfast_box,breakfast_box/test/good/047,hf_assets/mvtec_loco/mvtec_loco_anomaly_detection/breakfast_box/test/good/047.png,normal,0,none,2,"['breakfast_box/train/good/271', 'breakfast_box/train/good/248']",0,visionzip,0.25,True,sdpa,64,401408,Qwen/Qwen2.5-VL-3B-Instruct-AWQ,ok,,ANOMALOUS,1,ANOMALOUS,False,0.6651149623189204,-1.1906747817993164,-0.5045021822443232,49.75910000001704,599.1904999999917,23.10860000000048,201.97689999997692,261.1917000000119,68.08540000000107,874.0350999999862,1135.226799999998,5,4.404406238471474,3531.3291015625,7854.0,1500,375,"[500, 500, 500]","[125, 125, 125]",532,73.39269117647065,89.05251904987082,0
20260930-210411-0c0ed5,2026-09-30T21:06:32,final,test,breakfast_box,breakfast_box/test/good/047,hf_assets/mvtec_loco/mvtec_loco_anomaly_detection/breakfast_box/test/good/047.png,normal,0,none,4,"['breakfast_box/train/good/271', 'breakfast_box/train/good/248', 'breakfast_box/train/good/267', 'breakfast_box/train/good/219']",0,none,1.0,True,sdpa,64,401408,Qwen/Qwen2.5-VL-3B-Instruct-AWQ,ok,,NORMAL,0,NORMAL,False,0.48407905827171194,-0.7154399156570435,-0.7791452187811956,81.84900000000539,1026.7311000000063,14.532200000019202,1630.3363000000104,53.633200000007264,57.516599999985374,2753.4486000000416,2807.081800000049,2,0.7124836903577106,4561.287109375,7854.0,2500,2500,"[500, 500, 500, 500, 500]","[500, 500, 500, 500, 500]",2675,83.05271698113202,238.00914591057725,1
20260930-210411-0c0ed5,2026-09-30T21:06:35,final,test,breakfast_box,breakfast_box/test/good/047,hf_assets/mvtec_loco/mvtec_loco_anomaly_detection/breakfast_box/test/good/047.png,normal,0,none,4,"['breakfast_box/train/good/271', 'breakfast_box/train/good/248', 'breakfast_box/train/good/267', 'breakfast_box/train/good/219']",0,visionzip,0.75,True,sdpa,64,401408,Qwen/Qwen2.5-VL-3B-Instruct-AWQ,ok,,NORMAL,0,NORMAL,False,0.4801675948829059,-0.7097333073616028,-0.7891045701690018,82.72270000000503,1026.495099999977,50.86850000000709,1142.715399999986,60.21739999999909,60.879800000009254,2302.801699999975,2363.019099999974,2,0.8463748769529718,4086.39990234375,7854.0,2500,1875,"[500, 500, 500, 500, 500]","[375, 375, 375, 375, 375]",2050,78.89870676691729,191.33391636515458,1
20260930-210411-0c0ed5,2026-09-30T21:06:38,final,test,breakfast_box,breakfast_box/test/good/047,hf_assets/mvtec_loco/mvtec_loco_anomaly_detection/breakfast_box/test/good/047.png,normal,0,none,4,"['breakfast_box/train/good/271', 'breakfast_box/train/good/248', 'breakfast_box/train/good/267', 'breakfast_box/train/good/219']",0,visionzip,0.5,True,sdpa,64,401408,Qwen/Qwen2.5-VL-3B-Instruct-AWQ,ok,,ANOMALOUS,1,ANOMALOUS,False,0.577198867791969,-0.9233729243278503,-0.6120879908557981,79.46300000000406,1028.6216000000081,51.06949999998278,632.3893999999939,235.923200000002,57.05589999999461,1791.5434999999889,2027.4666999999909,5,2.4661317495375004,3711.10546875,7854.0,2500,1250,"[500, 500, 500, 500, 500]","[250, 250, 250, 250, 250]",1425,77.69022131147541,162.03863443174336,0
20260930-210411-0c0ed5,2026-09-30T21:06:40,final,test,breakfast_box,breakfast_box/test/good/047,hf_assets/mvtec_loco/mvtec_loco_anomaly_detection/breakfast_box/test/good/047.png,normal,0,none,4,"['breakfast_box/train/good/271', 'breakfast_box/train/good/248', 'breakfast_box/train/good/267', 'breakfast_box/train/good/219']",0,visionzip,0.25,True,sdpa,64,401408,Qwen/Qwen2.5-VL-3B-Instruct-AWQ,ok,,ANOMALOUS,1,ANOMALOUS,False,0.64755058168816,-1.1149771213531494,-0.5066873301984742,82.05390000000534,1011.4806999999928,49.8388000000034,318.96389999999997,241.9189000000017,56.750399999998535,1462.3373000000015,1704.2562000000032,5,2.933831192751413,3711.10546875,7854.0,2500,625,"[500, 500, 500, 500, 500]","[125, 125, 125, 125, 125]",800,73.75143689320396,129.97234899062911,0
20260930-210411-0c0ed5,2026-09-30T21:06:41,final,test,breakfast_box,breakfast_box/test/good/047,hf_assets/mvtec_loco/mvtec_loco_anomaly_detection/breakfast_box/test/good/047.png,normal,0,none,8,"['breakfast_box/train/good/271', 'breakfast_box/train/good/248', 'breakfast_box/train/good/267', 'breakfast_box/train/good/219', 'breakfast_box/train/good/145', 'breakfast_box/train/good/149', 'breakfast_box/train/good/056', 'breakfast_box/train/good/028']",0,none,1.0,True,sdpa,64,401408,Qwen/Qwen2.5-VL-3B-Instruct-AWQ,ok,,ANOMALOUS,1,ANOMALOUS,False,0.5036081607661079,-0.752292811870575,-0.7378599182702601,149.715499999985,1803.330399999993,4.3032000000096104,9812.144099999983,278.00600000000486,67.10540000000265,11769.493199999972,12047.499199999977,5,0.41502389143134455,6854.44287109375,7854.0,4500,4500,"[500, 500, 500, 500, 500, 500, 500, 500, 500]","[500, 500, 500, 500, 500, 500, 500, 500, 500]",4711,55.890066971080635,678.4110035277913,0
20260930-210411-0c0ed5,2026-09-30T21:06:54,final,test,breakfast_box,breakfast_box/test/good/047,hf_assets/mvtec_loco/mvtec_loco_anomaly_detection/breakfast_box/test/good/047.png,normal,0,none,8,"['breakfast_box/train/good/271', 'breakfast_box/train/good/248', 'breakfast_box/train/good/267', 'breakfast_box/train/good/219', 'breakfast_box/train/good/145', 'breakfast_box/train/good/149', 'breakfast_box/train/good/056', 'breakfast_box/train/good/028']",0,visionzip,0.75,True,sdpa,64,401408,Qwen/Qwen2.5-VL-3B-Instruct-AWQ,ok,,ANOMALOUS,1,ANOMALOUS,False,0.5153287785219411,-0.7781195640563965,-0.716785229393281,142.73810000000253,1824.7789000000125,85.65360000000055,2669.5050999999808,239.7057000000018,62.58319999997752,4722.675699999996,4962.381399999998,5,1.0075807554816327,5478.0888671875,7854.0,4500,3375,"[500, 500, 500, 500, 500, 500, 500, 500, 500]","[375, 375, 375, 375, 375, 375, 375, 375, 375]",3586,81.03306802721083,407.2934467751999,0
20260930-210411-0c0ed5,2026-09-30T21:06:59,final,test,breakfast_box,breakfast_box/test/good/047,hf_assets/mvtec_loco/mvtec_loco_anomaly_detection/breakfast_box/test/good/047.png,normal,0,none,8,"['breakfast_box/train/good/271', 'breakfast_box/train/good/248', 'breakfast_box/train/good/267', 'breakfast_box/train/good/219', 'breakfast_box/train/good/145', 'breakfast_box/train/good/149', 'breakfast_box/train/good/056', 'breakfast_box/train/good/028']",0,visionzip,0.5,True,sdpa,64,401408,Qwen/Qwen2.5-VL-3B-Instruct-AWQ,ok,,ANOMALOUS,1,ANOMALOUS,False,0.5541744530922759,-0.8613885045051575,-0.6438366951188073,140.930400000002,1803.0741000000035,83.09230000000412,1470.9159999999883,224.45540000001074,58.557199999995646,3498.0127999999977,3722.4682000000084,5,1.343194818964468,4403.93701171875,7854.0,4500,2250,"[500, 500, 500, 500, 500, 500, 500, 500, 500]","[250, 250, 250, 250, 250, 250, 250, 250, 250]",2461,78.451,296.7193805456003,0
20260930-210411-0c0ed5,2026-09-30T21:07:02,final,test,breakfast_box,breakfast_box/test/good/047,hf_assets/mvtec_loco/mvtec_loco_anomaly_detection/breakfast_box/test/good/047.png,normal,0,none,8,"['breakfast_box/train/good/271', 'breakfast_box/train/good/248', 'breakfast_box/train/good/267', 'breakfast_box/train/good/219', 'breakfast_box/train/good/145', 'breakfast_box/train/good/149', 'breakfast_box/train/good/056', 'breakfast_box/train/good/028']",0,visionzip,0.25,True,sdpa,64,401408,Qwen/Qwen2.5-VL-3B-Instruct-AWQ,ok,,ANOMALOUS,1,ANOMALOUS,False,0.5886031726845905,-0.9485039710998535,-0.5903100103605539,150.7177000000013,1814.7832999999878,88.04520000001048,578.9891999999952,251.8699999999967,57.33599999999228,2632.535399999995,2884.405399999992,5,1.7334595199412726,4069.875,7854.0,4500,1125,"[500, 500, 500, 500, 500, 500, 500, 500, 500]","[125, 125, 125, 125, 125, 125, 125, 125, 125]",1336,77.07019879518069,226.82217302402594,0
20260930-210411-0c0ed5,2026-09-30T21:07:05,final,test,breakfast_box,breakfast_box/test/good/047,hf_assets/mvtec_loco/mvtec_loco_anomaly_detection/breakfast_box/test/good/047.png,normal,0,none,1,['breakfast_box/train/good/271'],0,none,1.0,True,sdpa,64,401408,Qwen/Qwen2.5-VL-3B-Instruct-AWQ,ok,,ANOMALOUS,1,ANOMALOUS,False,0.6580831599889602,-1.1521151065826416,-0.49735134991351515,34.40860000000612,385.555399999987,1.812000000001035,456.28899999999817,249.77220000002376,61.9322000000011,878.0649999999923,1127.837200000016,5,4.433263949796946,3557.0205078125,7854.0,1000,1000,"[500, 500]","[500, 500]",1148,74.67445070422536,89.58668461672539,0
20260930-210411-0c0ed5,2026-09-30T21:07:07,final,test,breakfast_box,breakfast_box/test/good/018,hf_assets/mvtec_loco/mvtec_loco_anomaly_detection/breakfast_box/test/good/018.png,normal,0,none,1,['breakfast_box/train/good/271'],0,visionzip,0.5,True,sdpa,64,401408,Qwen/Qwen2.5-VL-3B-Instruct-AWQ,ok,,ANOMALOUS,1,ANOMALOUS,False,0.6956389109852228,-1.2829389572143555,-0.4563230269122869,35.896600000000944,373.34690000000137,15.927400000009584,250.0087000000235,263.5606999999993,58.9644000000078,675.1796000000354,938.7403000000347,5,5.326286727010458,3442.1181640625,7854.0,1000,500,"[500, 500]","[250, 250]",648,73.04412500000001,73.48178348376322,0
20260930-210411-0c0ed5,2026-09-30T21:07:08,final,test,breakfast_box,breakfast_box/test/good/018,hf_assets/mvtec_loco/mvtec_loco_anomaly_detection/breakfast_box/test/good/018.png,normal,0,none,1,['breakfast_box/train/good/271'],0,visionzip,0.25,True,sdpa,64,401408,Qwen/Qwen2.5-VL-3B-Instruct-AWQ,ok,,ANOMALOUS,1,ANOMALOUS,False,0.7276871704904717,-1.4043998718261719,-0.4214801407651976,36.8665999999962,381.7339000000004,18.983600000012757,163.0138999999815,251.24569999999835,59.80439999999021,600.5979999999909,851.8436999999892,5,5.869621387116044,3442.1181640625,7854.0,1000,250,"[500, 500]","[125, 125]",398,68.6257547169811,62.95003422281263,0
20260930-210411-0c0ed5,2026-09-30T21:07:09,final,test,breakfast_box,breakfast_box/test/good/018,hf_assets/mvtec_loco/mvtec_loco_anomaly_detection/breakfast_box/test/good/018.png,normal,0,none,2,"['breakfast_box/train/good/271', 'breakfast_box/train/good/248']",0,none,1.0,True,sdpa,64,401408,Qwen/Qwen2.5-VL-3B-Instruct-AWQ,ok,,ANOMALOUS,1,ANOMALOUS,False,0.5695088473603875,-0.9238527417182922,-0.6440051959361881,51.48259999998572,598.4077999999897,9.884200000016108,822.454300000004,257.7512000000013,68.46529999998552,1482.2288999999955,1739.9800999999968,5,2.873596083081645,3811.6455078125,7854.0,1500,1500,"[500, 500, 500]","[500, 500, 500]",1657,81.34053535353533,147.1915145705003,0
20260930-210411-0c0ed5,2026-09-30T21:07:10,final,test,breakfast_box,breakfast_box/test/good/018,hf_assets/mvtec_loco/mvtec_loco_anomaly_detection/breakfast_box/test/good/018.png,normal,0,none,2,"['breakfast_box/train/good/271', 'breakfast_box/train/good/248']",0,visionzip,0.75,True,sdpa,64,401408,Qwen/Qwen2.5-VL-3B-Instruct-AWQ,ok,,ANOMALOUS,1,ANOMALOUS,False,0.629442059999585,-1.0719612836837769,-0.542137291515246,48.673699999994824,589.2940999999894,24.546500000013793,561.9123999999829,239.382599999999,61.49890000000369,1224.4266999999809,1463.8092999999799,5,3.415745479961132,3629.35791015625,7854.0,1500,1125,"[500, 500, 500]","[375, 375, 375]",1282,75.29440909090911,115.43464916856978,0
20260930-210411-0c0ed5,2026-09-30T21:07:12,final,test,breakfast_box,breakfast_box/test/good/018,hf_assets/mvtec_loco/mvtec_loco_anomaly_detection/breakfast_box/test/good/018.png,normal,0,none,2,"['breakfast_box/train/good/271', 'breakfast_box/train/good/248']",0,visionzip,0.5,True,sdpa,64,401408,Qwen/Qwen2.5-VL-3B-Instruct-AWQ,ok,,ANOMALOUS,1,ANOMALOUS,False,0.6294580584243267,-1.0747467279434204,-0.5448541444493458,52.23540000000071,593.547099999995,23.03319999998621,369.91569999997864,241.44079999999235,56.531699999993634,1038.7313999999606,1280.172199999953,5,3.905724557993201,3531.3291015625,7854.0,1500,750,"[500, 500, 500]","[250, 250, 250]",907,77.97243037974685,105.06937819634419,0
20260930-210411-0c0ed5,2026-09-30T21:07:13,final,test,breakfast_box,breakfast_box/test/good/018,hf_assets/mvtec_loco/mvtec_loco_anomaly_detection/breakfast_box/test/good/018.png,normal,0,none,2,"['breakfast_box/train/good/271', 'breakfast_box/train/good/248']",0,visionzip,0.25,True,sdpa,64,401408,Qwen/Qwen2.5-VL-3B-Instruct-AWQ,ok,,ANOMALOUS,1,ANOMALOUS,False,0.6367272734923137,-1.1051955223083496,-0.5440079653635621,52.762500000000045,586.9211000000121,25.10670000000914,201.95999999998548,236.79350000000454,54.479999999983875,866.7503000000067,1103.5438000000113,5,4.530857769306437,3531.3291015625,7854.0,1500,375,"[500, 500, 500]","[125, 125, 125]",532,72.57192307692308,84.60712742773212,0
20260930-210411-0c0ed5,2026-09-30T21:07:15,final,test,breakfast_box,breakfast_box/test/good/018,hf_assets/mvtec_loco/mvtec_loco_anomaly_detection/breakfast_box/test/good/018.png,normal,0,none,4,"['breakfast_box/train/good/271', 'breakfast_box/train/good/248', 'breakfast_box/train/good/267', 'breakfast_box/train/good/219']",0,none,1.0,True,sdpa,64,401408,Qwen/Qwen2.5-VL-3B-Instruct-AWQ,ok,,ANOMALOUS,1,ANOMALOUS,False,0.542573966946975,-0.8467170596122742,-0.6760078341467306,81.8719000000101,1009.4555999999955,16.225200000008044,1630.2841000000114,244.55199999999877,58.959500000014486,2737.836800000025,2982.388800000024,5,1.6765084418235343,4561.287109375,7854.0,2500,2500,"[500, 500, 500, 500, 500]","[500, 500, 500, 500, 500]",2675,81.7093496932516,248.60751917241788,0
20260930-210411-0c0ed5,2026-09-30T21:07:18,final,test,breakfast_box,breakfast_box/test/good/018,hf_assets/mvtec_loco/mvtec_loco_anomaly_detection/breakfast_box/test/good/018.png,normal,0,none,4,"['breakfast_box/train/good/271', 'breakfast_box/train/good/248', 'breakfast_box/train/good/267', 'breakfast_box/train/good/219']",0,visionzip,0.75,True,sdpa,64,401408,Qwen/Qwen2.5-VL-3B-Instruct-AWQ,ok,,ANOMALOUS,1,ANOMALOUS,False,0.561877230759274,-0.8858075737953186,-0.6370233645429835,83.0459000000019,1003.3372000000043,49.19490000000337,1142.8004999999928,256.3942000000168,64.16350000000648,2278.3785000000025,2534.7727000000195,5,1.9725634570705142,4086.39990234375,7854.0,2500,1875,"[500, 500, 500, 500, 500]","[375, 375, 375, 375, 375]",2050,79.62575862068965,207.0453659640351,0
20260930-210411-0c0ed5,2026-09-30T21:07:20,final,test,breakfast_box,breakfast_box/test/good/018,hf_assets/mvtec_loco/mvtec_loco_anomaly_detection/breakfast_box/test/good/018.png,normal,0,none,4,"['breakfast_box/train/good/271', 'breakfast_box/train/good/248', 'breakfast_box/train/good/267', 'breakfast_box/train/good/219']",0,visionzip,0.5,True,sdpa,64,401408,Qwen/Qwen2.5-VL-3B-Instruct-AWQ,ok,,ANOMALOUS,1,ANOMALOUS,False,0.5961408409490332,-0.9733796119689941,-0.5839688634732738,80.56289999998967,1010.5214999999816,51.191099999982725,632.4889000000269,272.1496000000059,62.009100000011586,1774.764399999981,2046.9139999999868,5,2.442701549747587,3711.10546875,7854.0,2500,1250,"[500, 500, 500, 500, 500]","[250, 250, 250, 250, 250]",1425,77.69496694214875,163.94343495093182,0
20260930-210411-0c0ed5,2026-09-30T21:07:22,final,test,breakfast_box,breakfast_box/test/good/018,hf_assets/mvtec_loco/mvtec_loco_anomaly_detection/breakfast_box/test/good/018.png,normal,0,none,4,"['breakfast_box/train/good/271', 'breakfast_box/train/good/248', 'breakfast_box/train/good/267', 'breakfast_box/train/good/219']",0,visionzip,0.25,True,sdpa,64,401408,Qwen/Qwen2.5-VL-3B-Instruct-AWQ,ok,,ANOMALOUS,1,ANOMALOUS,False,0.6789359466793317,-1.2078640460968018,-0.45897790405433625,80.46230000002197,1025.742799999989,49.97030000001246,318.60190000000443,273.04000000000883,66.34090000000015,1474.777300000028,1747.8173000000368,5,2.86071089924553,3711.10546875,7854.0,2500,625,"[500, 500, 500, 500, 500]","[125, 125, 125, 125, 125]",800,75.22692156862747,136.5578885716375,0
20260930-210411-0c0ed5,2026-09-30T21:07:24,final,test,breakfast_box,breakfast_box/test/good/018,hf_assets/mvtec_loco/mvtec_loco_anomaly_detection/breakfast_box/test/good/018.png,normal,0,none,8,"['breakfast_box/train/good/271', 'breakfast_box/train/good/248', 'breakfast_box/train/good/267', 'breakfast_box/train/good/219', 'breakfast_box/train/good/145', 'breakfast_box/train/good/149', 'breakfast_box/train/good/056', 'breakfast_box/train/good/028']",0,none,1.0,True,sdpa,64,401408,Qwen/Qwen2.5-VL-3B-Instruct-AWQ,ok,,ANOMALOUS,1,ANOMALOUS,False,0.5733924492684654,-0.9122790098190308,-0.6165731304790825,152.59139999997728,1843.8403000000108,4.323199999987537,9818.951800000008,275.40500000000634,65.75800000001664,11819.706699999984,12095.11169999999,5,0.4133901466986869,6854.44287109375,7854.0,4500,4500,"[500, 500, 500, 500, 500, 500, 500, 500, 500]","[500, 500, 500, 500, 500, 500, 500, 500, 500]",4711,55.932665260196856,681.6701345621485,0
20260930-210411-0c0ed5,2026-09-30T21:07:36,final,test,breakfast_box,breakfast_box/test/good/018,hf_assets/mvtec_loco/mvtec_loco_anomaly_detection/breakfast_box/test/good/018.png,normal,0,none,8,"['breakfast_box/train/good/271', 'breakfast_box/train/good/248', 'breakfast_box/train/good/267', 'breakfast_box/train/good/219', 'breakfast_box/train/good/145', 'breakfast_box/train/good/149', 'breakfast_box/train/good/056', 'breakfast_box/train/good/028']",0,visionzip,0.75,True,sdpa,64,401408,Qwen/Qwen2.5-VL-3B-Instruct-AWQ,ok,,ANOMALOUS,1,ANOMALOUS,False,0.5657367425787808,-0.8895689845085144,-0.6250910677481443,153.32850000001486,1803.4979999999905,99.63530000001697,2669.2597999999916,250.96099999998955,61.36950000001207,4725.7216000000135,4976.682600000003,5,1.0046853299424796,5478.0888671875,7854.0,4500,3375,"[500, 500, 500, 500, 500, 500, 500, 500, 500]","[375, 375, 375, 375, 375, 375, 375, 375, 375]",3586,80.63563013698639,406.34328462975924,0
20260930-210411-0c0ed5,2026-09-30T21:07:41,final,test,breakfast_box,breakfast_box/test/good/018,hf_assets/mvtec_loco/mvtec_loco_anomaly_detection/breakfast_box/test/good/018.png,normal,0,none,8,"['breakfast_box/train/good/271', 'breakfast_box/train/good/248', 'breakfast_box/train/good/267', 'breakfast_box/train/good/219', 'breakfast_box/train/good/145', 'breakfast_box/train/good/149', 'breakfast_box/train/good/056', 'breakfast_box/train/good/028']",0,visionzip,0.5,True,sdpa,64,401408,Qwen/Qwen2.5-VL-3B-Instruct-AWQ,ok,,ANOMALOUS,1,ANOMALOUS,False,0.5657215531096063,-0.888443112373352,-0.624027021927759,148.29539999999497,1815.903700000007,84.62109999999257,1470.5180999999925,246.88390000000027,55.602499999992006,3519.338299999987,3766.2221999999874,5,1.3275902839720972,4403.93701171875,7854.0,4500,2250,"[500, 500, 500, 500, 500, 500, 500, 500, 500]","[250, 250, 250, 250, 250, 250, 250, 250, 250]",2461,79.38478199052129,303.4886725049755,0
20260930-210411-0c0ed5,2026-09-30T21:07:45,final,test,breakfast_box,breakfast_box/test/good/018,hf_assets/mvtec_loco/mvtec_loco_anomaly_detection/breakfast_box/test/good/018.png,normal,0,none,8,"['breakfast_box/train/good/271', 'breakfast_box/train/good/248', 'breakfast_box/train/good/267', 'breakfast_box/train/good/219', 'breakfast_box/train/good/145', 'breakfast_box/train/good/149', 'breakfast_box/train/good/056', 'breakfast_box/train/good/028']",0,visionzip,0.25,True,sdpa,64,401408,Qwen/Qwen2.5-VL-3B-Instruct-AWQ,ok,,ANOMALOUS,1,ANOMALOUS,False,0.6475205306582641,-1.1061416864395142,-0.4979835633421317,152.7187000000083,1810.1717999999778,83.80429999999706,579.0894000000151,236.07880000000137,58.55300000001762,2625.7841999999982,2861.8629999999994,5,1.747113680843563,4069.875,7854.0,4500,1125,"[500, 500, 500, 500, 500, 500, 500, 500, 500]","[125, 125, 125, 125, 125, 125, 125, 125, 125]",1336,76.09473099415202,222.31150232777853,0
20260930-210411-0c0ed5,2026-09-30T21:07:48,final,test,breakfast_box,breakfast_box/test/good/018,hf_assets/mvtec_loco/mvtec_loco_anomaly_detection/breakfast_box/test/good/018.png,normal,0,none,1,['breakfast_box/train/good/271'],0,none,1.0,True,sdpa,64,401408,Qwen/Qwen2.5-VL-3B-Instruct-AWQ,ok,,ANOMALOUS,1,ANOMALOUS,False,0.6580756238736529,-1.1538989543914795,-0.49916868994478136,34.45669999999268,376.3854999999978,1.4772000000107255,456.23860000000604,228.3463999999924,54.484200000018745,868.5580000000073,1096.9043999999997,5,4.558282380852882,3557.0205078125,7854.0,1000,1000,"[500, 500]","[500, 500]",1148,78.53728125000006,91.32516119190159,0
20260930-210411-0c0ed5,2026-09-30T21:07:49,final,test,breakfast_box,breakfast_box/test/good/018,hf_assets/mvtec_loco/mvtec_loco_anomaly_detection/breakfast_box/test/good/018.png,normal,0,none,1,['breakfast_box/train/good/271'],0,visionzip,0.75,True,sdpa,64,401408,Qwen/Qwen2.5-VL-3B-Instruct-AWQ,ok,,ANOMALOUS,1,ANOMALOUS,False,0.6989335339289311,-1.2827240228652954,-0.44049943040590733,34.03779999999301,374.9965999999745,16.016699999994444,367.64599999997927,231.092799999999,59.55069999998841,792.6970999999412,1023.7898999999402,5,4.883814540464105,3468.9521484375,7854.0,1000,750,"[500, 500]","[375, 375]",898,73.90717241379313,80.61137332133744,0
20260930-210411-0c0ed5,2026-09-30T21:07:50,final,test,breakfast_box,breakfast_box/test/good/056,hf_assets/mvtec_loco/mvtec_loco_anomaly_detection/breakfast_box/test/good/056.png,normal,0,none,1,['breakfast_box/train/good/271'],0,visionzip,0.25,True,sdpa,64,401408,Qwen/Qwen2.5-VL-3B-Instruct-AWQ,ok,,ANOMALOUS,1,ANOMALOUS,False,0.7688381861715498,-1.5652132034301758,-0.36345063522458076,36.1308999999892,374.2700000000241,15.350899999987178,161.80460000001062,224.65479999999616,57.20569999999725,587.5564000000111,812.2112000000072,5,6.156034292558334,3442.1181640625,7854.0,1000,250,"[500, 500]","[125, 125]",398,74.26549090909093,65.00231909525469,0
20260930-210411-0c0ed5,2026-09-30T21:07:51,final,test,breakfast_box,breakfast_box/test/good/056,hf_assets/mvtec_loco/mvtec_loco_anomaly_detection/breakfast_box/test/good/056.png,normal,0,none,2,"['breakfast_box/train/good/271', 'breakfast_box/train/good/248']",0,none,1.0,True,sdpa,64,401408,Qwen/Qwen2.5-VL-3B-Instruct-AWQ,ok,,ANOMALOUS,1,ANOMALOUS,False,0.6367537475713498,-1.0909087657928467,-0.5296067520976067,49.67739999997889,599.0182000000175,1.971199999985629,822.3837000000174,237.70540000001006,59.08980000000952,1473.0504999999994,1710.7559000000094,5,2.9226846448403143,3811.6455078125,7854.0,1500,1500,"[500, 500, 500]","[500, 500, 500]",1657,81.05111827956988,144.30763374820785,0
20260930-210411-0c0ed5,2026-09-30T21:07:53,final,test,breakfast_box,breakfast_box/test/good/056,hf_assets/mvtec_loco/mvtec_loco_anomaly_detection/breakfast_box/test/good/056.png,normal,0,none,2,"['breakfast_box/train/good/271', 'breakfast_box/train/good/248']",0,visionzip,0.75,True,sdpa,64,401408,Qwen/Qwen2.5-VL-3B-Instruct-AWQ,ok,,ANOMALOUS,1,ANOMALOUS,False,0.6110732997256174,-1.0216562747955322,-0.5698302506934851,50.98979999999642,588.9811000000122,23.036900000022342,562.1060999999941,237.22620000000916,55.079199999994444,1225.113900000025,1462.3401000000342,5,3.419177248849213,3629.35791015625,7854.0,1500,1125,"[500, 500, 500]","[375, 375, 375]",1282,76.42871590909088,116.55477004892607,0
20260930-210411-0c0ed5,2026-09-30T21:07:55,final,test,breakfast_box,breakfast_box/test/good/056,hf_assets/mvtec_loco/mvtec_loco_anomaly_detection/breakfast_box/test/good/056.png,normal,0,none,2,"['breakfast_box/train/good/271', 'breakfast_box/train/good/248']",0,visionzip,0.5,True,sdpa,64,401408,Qwen/Qwen2.5-VL-3B-Instruct-AWQ,ok,,ANOMALOUS,1,ANOMALOUS,False,0.6581232295455106,-1.1510510444641113,-0.4961092035518959,51.29629999998997,597.4792000000093,23.54230000000257,369.8473999999976,274.8482000000081,58.586300000001756,1042.1651999999995,1317.0134000000076,5,3.7964685856650897,3531.3291015625,7854.0,1500,750,"[500, 500, 500]","[250, 250, 250]",907,75.36921250000002,104.36902439362312,0
20260930-210411-0c0ed5,2026-09-30T21:07:56,final,test,breakfast_box,breakfast_box/test/good/056,hf_assets/mvtec_loco/mvtec_loco_anomaly_detection/breakfast_box/test/good/056.png,normal,0,none,2,"['breakfast_box/train/good/271', 'breakfast_box/train/good/248']",0,visionzip,0.25,True,sdpa,64,401408,Qwen/Qwen2.5-VL-3B-Instruct-AWQ,ok,,ANOMALOUS,1,ANOMALOUS,False,0.5618301864696897,-0.9167529344558716,-0.6681598268914968,51.98839999999905,589.8645999999985,23.858600000011165,202.85939999999414,259.65069999998036,68.96860000000515,868.5710000000029,1128.2216999999832,5,4.431753085408722,3531.3291015625,7854.0,1500,375,"[500, 500, 500]","[125, 125, 125]",532,69.63123076923077,83.87975114844588,0
20260930-210411-0c0ed5,2026-09-30T21:07:57,final,test,breakfast_box,breakfast_box/test/good/056,hf_assets/mvtec_loco/mvtec_loco_anomaly_detection/breakfast_box/test/good/056.png,normal,0,none,4,"['breakfast_box/train/good/271', 'breakfast_box/train/good/248', 'breakfast_box/train/good/267', 'breakfast_box/train/good/219']",0,none,1.0,True,sdpa,64,401408,Qwen/Qwen2.5-VL-3B-Instruct-AWQ,ok,,ANOMALOUS,1,ANOMALOUS,False,0.5886266853474237,-0.9523820877075195,-0.5940910263452679,85.00739999999496,1022.1406999999942,16.48670000000152,1630.180600000017,257.5737000000231,68.52309999999306,2753.8154000000077,3011.389100000031,5,1.660363318708947,4561.287109375,7854.0,2500,2500,"[500, 500, 500, 500, 500]","[500, 500, 500, 500, 500]",2675,80.15619411764712,246.96007982727704,0
20260930-210411-0c0ed5,2026-09-30T21:08:00,final,test,breakfast_box,breakfast_box/test/good/056,hf_assets/mvtec_loco/mvtec_loco_anomaly_detection/breakfast_box/test/good/056.png,normal,0,none,4,"['breakfast_box/train/good/271', 'breakfast_box/train/good/248', 'breakfast_box/train/good/267', 'breakfast_box/train/good/219']",0,visionzip,0.75,True,sdpa,64,401408,Qwen/Qwen2.5-VL-3B-Instruct-AWQ,ok,,ANOMALOUS,1,ANOMALOUS,False,0.5153250346049316,-0.7841370105743408,-0.7228176656644791,79.88279999997872,1016.8667000000084,47.51969999998096,1142.6800000000128,267.6723999999808,59.12070000002245,2286.949199999981,2554.6215999999617,5,1.957237032678372,4086.39990234375,7854.0,2500,1875,"[500, 500, 500, 500, 500]","[375, 375, 375, 375, 375]",2050,78.91466911764714,206.3573931723742,0
20260930-210411-0c0ed5,2026-09-30T21:08:03,final,test,breakfast_box,breakfast_box/test/good/056,hf_assets/mvtec_loco/mvtec_loco_anomaly_detection/breakfast_box/test/good/056.png,normal,0,none,4,"['breakfast_box/train/good/271', 'breakfast_box/train/good/248', 'breakfast_box/train/good/267', 'breakfast_box/train/good/219']",0,visionzip,0.5,True,sdpa,64,401408,Qwen/Qwen2.5-VL-3B-Instruct-AWQ,ok,,ANOMALOUS,1,ANOMALOUS,False,0.5998950667829819,-0.9789735674858093,-0.5739456620067358,84.20520000001375,1025.2571999999986,49.70769999999902,632.423799999998,239.48010000000863,53.85989999999197,1791.5939000000094,2031.074000000018,5,2.4617517628604157,3711.10546875,7854.0,2500,1250,"[500, 500, 500, 500, 500]","[250, 250, 250, 250, 250]",1425,75.77009243697478,158.06086810496603,0
20260930-210411-0c0ed5,2026-09-30T21:08:05,final,test,breakfast_box,breakfast_box/test/good/056,hf_assets/mvtec_loco/mvtec_loco_anomaly_detection/breakfast_box/test/good/056.png,normal,0,none,4,"['breakfast_box/train/good/271', 'breakfast_box/train/good/248', 'breakfast_box/train/good/267', 'breakfast_box/train/good/219']",0,visionzip,0.25,True,sdpa,64,401408,Qwen/Qwen2.5-VL-3B-Instruct-AWQ,ok,,ANOMALOUS,1,ANOMALOUS,False,0.5772101643766439,-0.9270374178886414,-0.6157061944250017,86.89169999999535,1000.7888000000094,48.36130000001049,318.9504999999997,246.58619999999587,56.354800000008254,1454.992300000015,1701.5785000000108,5,2.938448035162626,3711.10546875,7854.0,2500,625,"[500, 500, 500, 500, 500]","[125, 125, 125, 125, 125]",800,74.73154368932035,131.45869661462092,0
20260930-210411-0c0ed5,2026-09-30T21:08:07,final,test,breakfast_box,breakfast_box/test/good/056,hf_assets/mvtec_loco/mvtec_loco_anomaly_detection/breakfast_box/test/good/056.png,normal,0,none,8,"['breakfast_box/train/good/271', 'breakfast_box/train/good/248', 'breakfast_box/train/good/267', 'breakfast_box/train/good/219', 'breakfast_box/train/good/145', 'breakfast_box/train/good/149', 'breakfast_box/train/good/056', 'breakfast_box/train/good/028']",0,none,1.0,True,sdpa,64,401408,Qwen/Qwen2.5-VL-3B-Instruct-AWQ,ok,,ANOMALOUS,1,ANOMALOUS,False,0.6258685243139879,-1.0474120378494263,-0.5328789887716994,154.99559999997814,1793.8623000000007,5.5266999999901145,9807.955899999968,273.28399999998965,64.84510000001364,11762.340499999937,12035.624499999925,5,0.41543336617057397,6854.44287109375,7854.0,4500,4500,"[500, 500, 500, 500, 500, 500, 500, 500, 500]","[500, 500, 500, 500, 500, 500, 500, 500, 500]",4711,56.3288272859215,682.9481357865578,0
20260930-210411-0c0ed5,2026-09-30T21:08:19,final,test,breakfast_box,breakfast_box/test/good/056,hf_assets/mvtec_loco/mvtec_loco_anomaly_detection/breakfast_box/test/good/056.png,normal,0,none,8,"['breakfast_box/train/good/271', 'breakfast_box/train/good/248', 'breakfast_box/train/good/267', 'breakfast_box/train/good/219', 'breakfast_box/train/good/145', 'breakfast_box/train/good/149', 'breakfast_box/train/good/056', 'breakfast_box/train/good/028']",0,visionzip,0.75,True,sdpa,64,401408,Qwen/Qwen2.5-VL-3B-Instruct-AWQ,ok,,ANOMALOUS,1,ANOMALOUS,False,0.5657535663296701,-0.8949670791625977,-0.6304206834174693,149.43230000000085,1815.3072000000066,88.09089999999742,2673.2435000000123,228.4874000000059,54.1213000000198,4726.073900000018,4954.561300000023,5,1.0091710844308206,5478.0888671875,7854.0,4500,3375,"[500, 500, 500, 500, 500, 500, 500, 500, 500]","[375, 375, 375, 375, 375, 375, 375, 375, 375]",3586,80.58945774647898,403.7507978619093,0
20260930-210411-0c0ed5,2026-09-30T21:08:24,final,test,breakfast_box,breakfast_box/test/good/056,hf_assets/mvtec_loco/mvtec_loco_anomaly_detection/breakfast_box/test/good/056.png,normal,0,none,8,"['breakfast_box/train/good/271', 'breakfast_box/train/good/248', 'breakfast_box/train/good/267', 'breakfast_box/train/good/219', 'breakfast_box/train/good/145', 'breakfast_box/train/good/149', 'breakfast_box/train/good/056', 'breakfast_box/train/good/028']",0,visionzip,0.5,True,sdpa,64,401408,Qwen/Qwen2.5-VL-3B-Instruct-AWQ,ok,,ANOMALOUS,1,ANOMALOUS,False,0.5810147433555943,-0.9234699010848999,-0.5965295010246336,148.12460000001693,1809.3776999999704,89.30780000002869,1471.0084000000165,248.17589999997836,58.43090000001894,3517.8185000000326,3765.994400000011,5,1.327670588145321,4403.93701171875,7854.0,4500,2250,"[500, 500, 500, 500, 500, 500, 500, 500, 500]","[250, 250, 250, 250, 250, 250, 250, 250, 250]",2461,78.46639320388351,300.18465114150126,0
20260930-210411-0c0ed5,2026-09-30T21:08:28,final,test,breakfast_box,breakfast_box/test/good/056,hf_assets/mvtec_loco/mvtec_loco_anomaly_detection/breakfast_box/test/good/056.png,normal,0,none,8,"['breakfast_box/train/good/271', 'breakfast_box/train/good/248', 'breakfast_box/train/good/267', 'breakfast_box/train/good/219', 'breakfast_box/train/good/145', 'breakfast_box/train/good/149', 'breakfast_box/train/good/056', 'breakfast_box/train/good/028']",0,visionzip,0.25,True,sdpa,64,401408,Qwen/Qwen2.5-VL-3B-Instruct-AWQ,ok,,ANOMALOUS,1,ANOMALOUS,False,0.5961437308077121,-0.9625582695007324,-0.5731355177704245,146.62210000000186,1812.4611000000073,84.78500000001077,578.9513000000284,233.8139999999953,58.19960000002311,2622.8195000000483,2856.6335000000436,5,1.7503120368783478,4069.875,7854.0,4500,1125,"[500, 500, 500, 500, 500, 500, 500, 500, 500]","[125, 125, 125, 125, 125, 125, 125, 125, 125]",1336,77.19841875,225.11687302628593,0
20260930-210411-0c0ed5,2026-09-30T21:08:31,final,test,breakfast_box,breakfast_box/test/good/056,hf_assets/mvtec_loco/mvtec_loco_anomaly_detection/breakfast_box/test/good/056.png,normal,0,none,1,['breakfast_box/train/good/271'],0,none,1.0,True,sdpa,64,401408,Qwen/Qwen2.5-VL-3B-Instruct-AWQ,ok,,ANOMALOUS,1,ANOMALOUS,False,0.7399314574843421,-1.4255292415618896,-0.37991690600756556,32.84880000001067,392.76630000000523,1.9406000000117274,456.2434000000053,247.3739000000137,58.45259999995278,883.7991000000329,1131.1730000000466,5,4.42019036875862,3557.0205078125,7854.0,1000,1000,"[500, 500]","[500, 500]",1148,74.64118309859158,89.60179159941694,0
20260930-210411-0c0ed5,2026-09-30T21:08:32,final,test,breakfast_box,breakfast_box/test/good/056,hf_assets/mvtec_loco/mvtec_loco_anomaly_detection/breakfast_box/test/good/056.png,normal,0,none,1,['breakfast_box/train/good/271'],0,visionzip,0.75,True,sdpa,64,401408,Qwen/Qwen2.5-VL-3B-Instruct-AWQ,ok,,ANOMALOUS,1,ANOMALOUS,False,0.6890066750966929,-1.2505216598510742,-0.45504214940592647,36.90660000000889,389.7116999999639,15.740499999992608,367.6194000000237,256.67989999999463,60.41060000001153,809.9781999999891,1066.6580999999837,5,4.687537646786797,3468.9521484375,7854.0,1000,750,"[500, 500]","[375, 375]",898,74.63254545454545,84.58782547225337,0
20260930-210411-0c0ed5,2026-09-30T21:08:33,final,test,breakfast_box,breakfast_box/test/good/056,hf_assets/mvtec_loco/mvtec_loco_anomaly_detection/breakfast_box/test/good/056.png,normal,0,none,1,['breakfast_box/train/good/271'],0,visionzip,0.5,True,sdpa,64,401408,Qwen/Qwen2.5-VL-3B-Instruct-AWQ,ok,,ANOMALOUS,1,ANOMALOUS,False,0.7399039065909532,-1.4327703714370728,-0.38730120239779353,35.714100000006965,370.2167000000145,15.560499999992317,250.10450000002038,254.5653000000243,71.21130000001585,671.5958000000342,926.1611000000585,5,5.398628813064686,3442.1181640625,7854.0,1000,500,"[500, 500]","[250, 250]",648,62.67622950819673,62.880547748769814,0
20260930-210411-0c0ed5,2026-09-30T21:08:34,final,test,breakfast_box,breakfast_box/test/good/031,hf_assets/mvtec_loco/mvtec_loco_anomaly_detection/breakfast_box/test/good/031.png,normal,0,none,2,"['breakfast_box/train/good/271', 'breakfast_box/train/good/248']",0,none,1.0,True,sdpa,64,401408,Qwen/Qwen2.5-VL-3B-Instruct-AWQ,ok,,ANOMALOUS,1,ANOMALOUS,False,0.5847914381942233,-0.9579668045043945,-0.6154924893053249,52.59030000001985,593.9085999999634,2.9543999999646076,822.7206999999908,259.2984999999999,57.12099999999509,1472.1739999999386,1731.4724999999385,5,2.8877155138185433,3811.6455078125,7854.0,1500,1500,"[500, 500, 500]","[500, 500, 500]",1657,78.76360439560439,141.52944646245265,0
20260930-210411-0c0ed5,2026-09-30T21:08:36,final,test,breakfast_box,breakfast_box/test/good/031,hf_assets/mvtec_loco/mvtec_loco_anomaly_detection/breakfast_box/test/good/031.png,normal,0,none,2,"['breakfast_box/train/good/271', 'breakfast_box/train/good/248']",0,visionzip,0.75,True,sdpa,64,401408,Qwen/Qwen2.5-VL-3B-Instruct-AWQ,ok,,ANOMALOUS,1,ANOMALOUS,False,0.6110702626231324,-1.0226033926010132,-0.5707901475252584,54.69340000001921,599.4908000000123,22.746200000028693,562.0712000000481,242.14899999998352,64.21710000000758,1239.0016000001083,1481.1506000000918,5,3.3757539577674884,3629.35791015625,7854.0,1500,1125,"[500, 500, 500]","[375, 375, 375]",1282,79.21361627906977,123.09567042416495,0
20260930-210411-0c0ed5,2026-09-30T21:08:38,final,test,breakfast_box,breakfast_box/test/good/031,hf_assets/mvtec_loco/mvtec_loco_anomaly_detection/breakfast_box/test/good/031.png,normal,0,none,2,"['breakfast_box/train/good/271', 'breakfast_box/train/good/248']",0,visionzip,0.5,True,sdpa,64,401408,Qwen/Qwen2.5-VL-3B-Instruct-AWQ,ok,,ANOMALOUS,1,ANOMALOUS,False,0.6110655873869273,-1.0229945182800293,-0.5712009448325261,53.857899999968595,596.7767999999865,23.357399999952122,370.34199999999373,246.88349999996717,56.409999999971205,1044.334099999901,1291.217599999868,5,3.8723140081118093,3531.3291015625,7854.0,1500,750,"[500, 500, 500]","[250, 250, 250]",907,75.4028,102.22755722784036,0
20260930-210411-0c0ed5,2026-09-30T21:08:39,final,test,breakfast_box,breakfast_box/test/good/031,hf_assets/mvtec_loco/mvtec_loco_anomaly_detection/breakfast_box/test/good/031.png,normal,0,none,2,"['breakfast_box/train/good/271', 'breakfast_box/train/good/248']",0,visionzip,0.25,True,sdpa,64,401408,Qwen/Qwen2.5-VL-3B-Instruct-AWQ,ok,,ANOMALOUS,1,ANOMALOUS,False,0.622145482225346,-1.066842794418335,-0.5681780826998875,53.067399999974896,592.2621000000277,22.499800000048253,201.849100000004,248.39309999998704,61.34240000000091,869.6784000000548,1118.0715000000419,5,4.471985915032994,3531.3291015625,7854.0,1500,375,"[500, 500, 500]","[125, 125, 125]",532,70.68700000000005,83.92309833779898,0
20260930-210411-0c0ed5,2026-09-30T21:08:40,final,test,breakfast_box,breakfast_box/test/good/031,hf_assets/mvtec_loco/mvtec_loco_anomaly_detection/breakfast_box/test/good/031.png,normal,0,none,4,"['breakfast_box/train/good/271', 'breakfast_box/train/good/248', 'breakfast_box/train/good/267', 'breakfast_box/train/good/219']",0,none,1.0,True,sdpa,64,401408,Qwen/Qwen2.5-VL-3B-Instruct-AWQ,ok,,ANOMALOUS,1,ANOMALOUS,False,0.5153316435138647,-0.7845318913459778,-0.7231860859319568,89.34970000001385,1022.0533000000387,16.394199999979264,1630.4067000000373,228.16560000001118,61.455000000023574,2758.203900000069,2986.3695000000803,5,1.6742737293559506,4561.287109375,7854.0,2500,2500,"[500, 500, 500, 500, 500]","[500, 500, 500, 500, 500]",2675,80.2513522727272,244.6894306560683,0
20260930-210411-0c0ed5,2026-09-30T21:08:43,final,test,breakfast_box,breakfast_box/test/good/031,hf_assets/mvtec_loco/mvtec_loco_anomaly_detection/breakfast_box/test/good/031.png,normal,0,none,4,"['breakfast_box/train/good/271', 'breakfast_box/train/good/248', 'breakfast_box/train/good/267', 'breakfast_box/train/good/219']",0,visionzip,0.75,True,sdpa,64,401408,Qwen/Qwen2.5-VL-3B-Instruct-AWQ,ok,,NORMAL,0,NORMAL,False,0.4607158260170461,-0.6724726557731628,-0.8299338887445629,87.11629999999104,1013.1276999999841,51.19200000001456,1142.7951000000007,55.543999999997595,63.161299999990206,2294.2310999999904,2349.775099999988,2,0.8511452862020753,4086.39990234375,7854.0,2500,1875,"[500, 500, 500, 500, 500]","[375, 375, 375, 375, 375]",2050,80.55965648854965,194.48103238462534,1
20260930-210411-0c0ed5,2026-09-30T21:08:46,final,test,breakfast_box,breakfast_box/test/good/031,hf_assets/mvtec_loco/mvtec_loco_anomaly_detection/breakfast_box/test/good/031.png,normal,0,none,4,"['breakfast_box/train/good/271', 'breakfast_box/train/good/248', 'breakfast_box/train/good/267', 'breakfast_box/train/good/219']",0,visionzip,0.5,True,sdpa,64,401408,Qwen/Qwen2.5-VL-3B-Instruct-AWQ,ok,,ANOMALOUS,1,ANOMALOUS,False,0.5386812273297791,-0.8355332612991333,-0.6804985651979223,86.72020000000202,1009.1777999999749,54.296899999997095,632.3593999999844,254.84910000000127,63.654099999951086,1782.5542999999584,2037.4033999999597,5,2.4541040816954065,3711.10546875,7854.0,2500,1250,"[500, 500, 500, 500, 500]","[250, 250, 250, 250, 250]",1425,79.94978991596638,168.07217527680274,0
20260930-210411-0c0ed5,2026-09-30T21:08:48,final,test,breakfast_box,breakfast_box/test/good/031,hf_assets/mvtec_loco/mvtec_loco_anomaly_detection/breakfast_box/test/good/031.png,normal,0,none,4,"['breakfast_box/train/good/271', 'breakfast_box/train/good/248', 'breakfast_box/train/good/267', 'breakfast_box/train/good/219']",0,visionzip,0.25,True,sdpa,64,401408,Qwen/Qwen2.5-VL-3B-Instruct-AWQ,ok,,ANOMALOUS,1,ANOMALOUS,False,0.6221861858459504,-1.0401458740234375,-0.5413080110447481,84.08670000000029,1026.8661000000066,56.936800000016774,319.0807000000291,263.8259000000289,57.471999999961554,1486.9703000000527,1750.7962000000816,5,2.8558435299321343,3711.10546875,7854.0,2500,625,"[500, 500, 500, 500, 500]","[125, 125, 125, 125, 125]",800,74.59028712871287,134.96564217329993,0
20260930-210411-0c0ed5,2026-09-30T21:08:50,final,test,breakfast_box,breakfast_box/test/good/031,hf_assets/mvtec_loco/mvtec_loco_anomaly_detection/breakfast_box/test/good/031.png,normal,0,none,8,"['breakfast_box/train/good/271', 'breakfast_box/train/good/248', 'breakfast_box/train/good/267', 'breakfast_box/train/good/219', 'breakfast_box/train/good/145', 'breakfast_box/train/good/149', 'breakfast_box/train/good/056', 'breakfast_box/train/good/028']",0,none,1.0,True,sdpa,64,401408,Qwen/Qwen2.5-VL-3B-Instruct-AWQ,ok,,ANOMALOUS,1,ANOMALOUS,False,0.5580452842552676,-0.875135064125061,-0.6419023742200807,145.1315000000477,1842.2737999999867,4.243200000018987,9820.24720000004,271.81949999999233,53.69949999999335,11811.895700000094,12083.715200000086,5,0.41378002685796206,6854.44287109375,7854.0,4500,4500,"[500, 500, 500, 500, 500, 500, 500, 500, 500]","[500, 500, 500, 500, 500, 500, 500, 500, 500]",4711,55.826529141104324,679.4008262096964,0
20260930-210411-0c0ed5,2026-09-30T21:09:02,final,test,breakfast_box,breakfast_box/test/good/031,hf_assets/mvtec_loco/mvtec_loco_anomaly_detection/breakfast_box/test/good/031.png,normal,0,none,8,"['breakfast_box/train/good/271', 'breakfast_box/train/good/248', 'breakfast_box/train/good/267', 'breakfast_box/train/good/219', 'breakfast_box/train/good/145', 'breakfast_box/train/good/149', 'breakfast_box/train/good/056', 'breakfast_box/train/good/028']",0,visionzip,0.75,True,sdpa,64,401408,Qwen/Qwen2.5-VL-3B-Instruct-AWQ,ok,,ANOMALOUS,1,ANOMALOUS,False,0.534829274030271,-0.8188526630401611,-0.6793095718603581,148.75650000004725,1811.0712000000149,86.20989999997164,2669.3180000000325,235.18389999998135,66.37179999995624,4715.355600000066,4950.539500000048,5,1.0099909312914181,5478.0888671875,7854.0,4500,3375,"[500, 500, 500, 500, 500, 500, 500, 500, 500]","[375, 375, 375, 375, 375, 375, 375, 375, 375]",3586,81.75840287769783,410.29414517288126,0
20260930-210411-0c0ed5,2026-09-30T21:09:07,final,test,breakfast_box,breakfast_box/test/good/031,hf_assets/mvtec_loco/mvtec_loco_anomaly_detection/breakfast_box/test/good/031.png,normal,0,none,8,"['breakfast_box/train/good/271', 'breakfast_box/train/good/248', 'breakfast_box/train/good/267', 'breakfast_box/train/good/219', 'breakfast_box/train/good/145', 'breakfast_box/train/good/149', 'breakfast_box/train/good/056', 'breakfast_box/train/good/028']",0,visionzip,0.5,True,sdpa,64,401408,Qwen/Qwen2.5-VL-3B-Instruct-AWQ,ok,,ANOMALOUS,1,ANOMALOUS,False,0.5425803809443116,-0.8354904055595398,-0.6647553367074579,157.61770000000297,1814.1039999999862,89.33589999998048,1470.9665000000314,229.02030000000195,57.26580000003878,3532.024100000001,3761.044400000003,5,1.3294179669881048,4403.93701171875,7854.0,4500,2250,"[500, 500, 500, 500, 500, 500, 500, 500, 500]","[250, 250, 250, 250, 250, 250, 250, 250, 250]",2461,79.93140990990983,305.30009037441516,0
20260930-210411-0c0ed5,2026-09-30T21:09:11,final,test,breakfast_box,breakfast_box/test/good/031,hf_assets/mvtec_loco/mvtec_loco_anomaly_detection/breakfast_box/test/good/031.png,normal,0,none,8,"['breakfast_box/train/good/271', 'breakfast_box/train/good/248', 'breakfast_box/train/good/267', 'breakfast_box/train/good/219', 'breakfast_box/train/good/145', 'breakfast_box/train/good/149', 'breakfast_box/train/good/056', 'breakfast_box/train/good/028']",0,visionzip,0.25,True,sdpa,64,401408,Qwen/Qwen2.5-VL-3B-Instruct-AWQ,ok,,ANOMALOUS,1,ANOMALOUS,False,0.581005899116609,-0.9250058531761169,-0.5981017837766558,150.94030000000203,1817.4654999999689,87.42109999997183,578.9018000000397,270.6418999999869,59.72199999996519,2634.7286999999824,2905.3705999999693,5,1.7209508487488836,4069.875,7854.0,4500,1125,"[500, 500, 500, 500, 500, 500, 500, 500, 500]","[125, 125, 125, 125, 125, 125, 125, 125, 125]",1336,76.49188636363647,226.89066168637956,0
20260930-210411-0c0ed5,2026-09-30T21:09:14,final,test,breakfast_box,breakfast_box/test/good/031,hf_assets/mvtec_loco/mvtec_loco_anomaly_detection/breakfast_box/test/good/031.png,normal,0,none,1,['breakfast_box/train/good/271'],0,none,1.0,True,sdpa,64,401408,Qwen/Qwen2.5-VL-3B-Instruct-AWQ,ok,,ANOMALOUS,1,ANOMALOUS,False,0.6754642306230947,-1.1986660957336426,-0.46566165145486593,35.31170000002248,393.77789999997503,2.325600000006034,456.58880000002,241.2714999999821,62.80850000001692,888.0040000000236,1129.2755000000056,5,4.427617530000408,3557.0205078125,7854.0,1000,1000,"[500, 500]","[500, 500]",1148,76.30792063492065,91.77566587108241,0
20260930-210411-0c0ed5,2026-09-30T21:09:15,final,test,breakfast_box,breakfast_box/test/good/031,hf_assets/mvtec_loco/mvtec_loco_anomaly_detection/breakfast_box/test/good/031.png,normal,0,none,1,['breakfast_box/train/good/271'],0,visionzip,0.75,True,sdpa,64,401408,Qwen/Qwen2.5-VL-3B-Instruct-AWQ,ok,,ANOMALOUS,1,ANOMALOUS,False,0.7119395915760431,-1.3236877918243408,-0.4188649369170889,35.791200000005574,384.1724000000113,15.268900000023677,368.6460999999781,243.69369999999435,58.83339999996906,803.8786000000187,1047.572300000013,5,4.772940254338472,3468.9521484375,7854.0,1000,750,"[500, 500]","[375, 375]",898,69.24461290322586,77.00865127607773,0
20260930-210411-0c0ed5,2026-09-30T21:09:16,final,test,breakfast_box,breakfast_box/test/good/031,hf_assets/mvtec_loco/mvtec_loco_anomaly_detection/breakfast_box/test/good/031.png,normal,0,none,1,['breakfast_box/train/good/271'],0,visionzip,0.5,True,sdpa,64,401408,Qwen/Qwen2.5-VL-3B-Instruct-AWQ,ok,,ANOMALOUS,1,ANOMALOUS,False,0.6720197483875401,-1.20244300365448,-0.4851086741546169,40.2248000000327,374.4504000000006,15.353599999968992,249.54880000001367,251.15220000003546,54.301699999996345,679.577600000016,930.7298000000515,5,5.372128409340416,3442.1181640625,7854.0,1000,500,"[500, 500]","[250, 250]",648,71.20447999999998,70.55063774195382,0
20260930-210411-0c0ed5,2026-09-30T21:09:17,final,test,breakfast_box,breakfast_box/test/good/031,hf_assets/mvtec_loco/mvtec_loco_anomaly_detection/breakfast_box/test/good/031.png,normal,0,none,1,['breakfast_box/train/good/271'],0,visionzip,0.25,True,sdpa,64,401408,Qwen/Qwen2.5-VL-3B-Instruct-AWQ,ok,,ANOMALOUS,1,ANOMALOUS,False,0.7660576848717916,-1.552490472793579,-0.3663075676886365,36.61130000000412,382.5420000000008,18.042400000013004,163.039700000013,249.2290000000139,62.38159999998061,600.235400000031,849.4644000000449,5,5.886061852621176,3442.1181640625,7854.0,1000,250,"[500, 500]","[125, 125]",398,64.01854385964914,58.74350547157333,0
20260930-210411-0c0ed5,2026-09-30T21:09:18,final,test,breakfast_box,breakfast_box/test/good/041,hf_assets/mvtec_loco/mvtec_loco_anomaly_detection/breakfast_box/test/good/041.png,normal,0,none,2,"['breakfast_box/train/good/271', 'breakfast_box/train/good/248']",0,visionzip,0.75,True,sdpa,64,401408,Qwen/Qwen2.5-VL-3B-Instruct-AWQ,ok,,ANOMALOUS,1,ANOMALOUS,False,0.573333579921375,-0.9264237880706787,-0.6309585671406239,49.60229999994681,595.3047999999512,23.092699999949673,561.9702999999845,234.65909999998757,57.6895000000377,1229.9700999998322,1464.6291999998198,5,3.413833344303538,3629.35791015625,7854.0,1500,1125,"[500, 500, 500]","[375, 375, 375]",1282,67.20454651162788,102.87317139994465,0
20260930-210411-0c0ed5,2026-09-30T21:09:20,final,test,breakfast_box,breakfast_box/test/good/041,hf_assets/mvtec_loco/mvtec_loco_anomaly_detection/breakfast_box/test/good/041.png,normal,0,none,2,"['breakfast_box/train/good/271', 'breakfast_box/train/good/248']",0,visionzip,0.5,True,sdpa,64,401408,Qwen/Qwen2.5-VL-3B-Instruct-AWQ,ok,,ANOMALOUS,1,ANOMALOUS,False,0.5847654158327937,-0.9522573351860046,-0.609890190535225,49.05080000003181,600.0480999999809,24.034000000028755,370.0653999999872,255.15840000002754,58.455199999968954,1043.1983000000287,1298.3567000000562,5,3.8510218339842845,3531.3291015625,7854.0,1500,750,"[500, 500, 500]","[250, 250, 250]",907,74.82154430379744,102.10680665091456,0
20260930-210411-0c0ed5,2026-09-30T21:09:21,final,test,breakfast_box,breakfast_box/test/good/041,hf_assets/mvtec_loco/mvtec_loco_anomaly_detection/breakfast_box/test/good/041.png,normal,0,none,2,"['breakfast_box/train/good/271', 'breakfast_box/train/good/248']",0,visionzip,0.25,True,sdpa,64,401408,Qwen/Qwen2.5-VL-3B-Instruct-AWQ,ok,,ANOMALOUS,1,ANOMALOUS,False,0.6110662952392207,-1.0287868976593018,-0.576990345842205,49.78879999998753,599.2138999999952,23.196300000051906,201.9382999999948,245.0284000000238,61.54449999996814,874.1373000000294,1119.1657000000532,5,4.467613687588677,3531.3291015625,7854.0,1500,375,"[500, 500, 500]","[125, 125, 125]",532,70.18962318840576,83.47021582980801,0
20260930-210411-0c0ed5,2026-09-30T21:09:22,final,test,breakfast_box,breakfast_box/test/good/041,hf_assets/mvtec_loco/mvtec_loco_anomaly_detection/breakfast_box/test/good/041.png,normal,0,none,4,"['breakfast_box/train/good/271', 'breakfast_box/train/good/248', 'breakfast_box/train/good/267', 'breakfast_box/train/good/219']",0,none,1.0,True,sdpa,64,401408,Qwen/Qwen2.5-VL-3B-Instruct-AWQ,ok,,ANOMALOUS,1,ANOMALOUS,False,0.7023117983095206,-1.2785292863845825,-0.42019845952745527,87.77950000001056,1033.0544999999915,18.164599999977327,1630.4457999999613,249.8736000000008,61.71140000003561,2769.4443999999407,3019.3179999999415,5,1.6560031106362751,4561.287109375,7854.0,2500,2500,"[500, 500, 500, 500, 500]","[500, 500, 500, 500, 500]",2675,79.89463190184041,246.24929300830132,0
20260930-210411-0c0ed5,2026-09-30T21:09:25,final,test,breakfast_box,breakfast_box/test/good/041,hf_assets/mvtec_loco/mvtec_loco_anomaly_detection/breakfast_box/test/good/041.png,normal,0,none,4,"['breakfast_box/train/good/271', 'breakfast_box/train/good/248', 'breakfast_box/train/good/267', 'breakfast_box/train/good/219']",0,visionzip,0.75,True,sdpa,64,401408,Qwen/Qwen2.5-VL-3B-Instruct-AWQ,ok,,ANOMALOUS,1,ANOMALOUS,False,0.5192155761080106,-0.7928462624549866,-0.7159460837719962,93.22910000003048,1030.3418999999963,52.448599999991075,1142.5536999999508,253.3947000000012,65.53059999998823,2318.5732999999686,2571.96799999997,5,1.9440366287605673,4086.39990234375,7854.0,2500,1875,"[500, 500, 500, 500, 500]","[375, 375, 375, 375, 375]",2050,78.37198013245043,206.78882706156722,0
20260930-210411-0c0ed5,2026-09-30T21:09:28,final,test,breakfast_box,breakfast_box/test/good/041,hf_assets/mvtec_loco/mvtec_loco_anomaly_detection/breakfast_box/test/good/041.png,normal,0,none,4,"['breakfast_box/train/good/271', 'breakfast_box/train/good/248', 'breakfast_box/train/good/267', 'breakfast_box/train/good/219']",0,visionzip,0.5,True,sdpa,64,401408,Qwen/Qwen2.5-VL-3B-Instruct-AWQ,ok,,ANOMALOUS,1,ANOMALOUS,False,0.5464348696079553,-0.8532225489616394,-0.6669463021680713,86.43879999999626,998.2889999999998,48.44409999998334,632.5482000000306,263.8446999999928,73.64480000001095,1765.72010000001,2029.5648000000028,5,2.4635823404111035,3711.10546875,7854.0,2500,1250,"[500, 500, 500, 500, 500]","[250, 250, 250, 250, 250]",1425,78.30599166666669,164.80463025247107,0
20260930-210411-0c0ed5,2026-09-30T21:09:30,final,test,breakfast_box,breakfast_box/test/good/041,hf_assets/mvtec_loco/mvtec_loco_anomaly_detection/breakfast_box/test/good/041.png,normal,0,none,4,"['breakfast_box/train/good/271', 'breakfast_box/train/good/248', 'breakfast_box/train/good/267', 'breakfast_box/train/good/219']",0,visionzip,0.25,True,sdpa,64,401408,Qwen/Qwen2.5-VL-3B-Instruct-AWQ,ok,,ANOMALOUS,1,ANOMALOUS,False,0.5999156756514648,-0.9829242825508118,-0.5778105135541409,83.61030000003211,1015.670200000045,50.612999999998465,318.44300000000203,246.5556999999876,62.55089999996244,1468.3365000000776,1714.8922000000653,5,2.9156351635396147,3711.10546875,7854.0,2500,625,"[500, 500, 500, 500, 500]","[125, 125, 125, 125, 125]",800,75.8983404255319,135.00263229560312,0
20260930-210411-0c0ed5,2026-09-30T21:09:32,final,test,breakfast_box,breakfast_box/test/good/041,hf_assets/mvtec_loco/mvtec_loco_anomaly_detection/breakfast_box/test/good/041.png,normal,0,none,8,"['breakfast_box/train/good/271', 'breakfast_box/train/good/248', 'breakfast_box/train/good/267', 'breakfast_box/train/good/219', 'breakfast_box/train/good/145', 'breakfast_box/train/good/149', 'breakfast_box/train/good/056', 'breakfast_box/train/good/028']",0,none,1.0,True,sdpa,64,401408,Qwen/Qwen2.5-VL-3B-Instruct-AWQ,ok,,ANOMALOUS,1,ANOMALOUS,False,0.592382227380795,-0.9583253860473633,-0.5845032086363062,155.1572000000192,1791.6156,6.297900000049594,9808.42100000001,276.2022000000002,66.41709999996692,11761.491700000079,12037.693900000078,5,0.41536194901915285,6854.44287109375,7854.0,4500,4500,"[500, 500, 500, 500, 500, 500, 500, 500, 500]","[500, 500, 500, 500, 500, 500, 500, 500, 500]",4711,57.09269373219352,692.3072145616838,0
20260930-210411-0c0ed5,2026-09-30T21:09:44,final,test,breakfast_box,breakfast_box/test/good/041,hf_assets/mvtec_loco/mvtec_loco_anomaly_detection/breakfast_box/test/good/041.png,normal,0,none,8,"['breakfast_box/train/good/271', 'breakfast_box/train/good/248', 'breakfast_box/train/good/267', 'breakfast_box/train/good/219', 'breakfast_box/train/good/145', 'breakfast_box/train/good/149', 'breakfast_box/train/good/056', 'breakfast_box/train/good/028']",0,visionzip,0.75,True,sdpa,64,401408,Qwen/Qwen2.5-VL-3B-Instruct-AWQ,ok,,ANOMALOUS,1,ANOMALOUS,False,0.5309245723571145,-0.8118075132369995,-0.6879511324223131,145.4386999999997,1818.1468000000223,94.428100000016,2672.6778999999965,257.42819999999256,56.07900000001109,4730.6915000000345,4988.119700000027,5,1.0023817191074973,5478.0888671875,7854.0,4500,3375,"[500, 500, 500, 500, 500, 500, 500, 500, 500]","[375, 375, 375, 375, 375, 375, 375, 375, 375]",3586,80.83903472222237,407.8773593070918,0
20260930-210411-0c0ed5,2026-09-30T21:09:49,final,test,breakfast_box,breakfast_box/test/good/041,hf_assets/mvtec_loco/mvtec_loco_anomaly_detection/breakfast_box/test/good/041.png,normal,0,none,8,"['breakfast_box/train/good/271', 'breakfast_box/train/good/248', 'breakfast_box/train/good/267', 'breakfast_box/train/good/219', 'breakfast_box/train/good/145', 'breakfast_box/train/good/149', 'breakfast_box/train/good/056', 'breakfast_box/train/good/028']",0,visionzip,0.5,True,sdpa,64,401408,Qwen/Qwen2.5-VL-3B-Instruct-AWQ,ok,,ANOMALOUS,1,ANOMALOUS,False,0.5231198814718194,-0.794362485408783,-0.7018169641960412,146.32899999998017,1824.6768000000202,83.6648000000082,1470.958899999971,241.52279999998427,55.148400000007314,3525.6294999999795,3767.152299999964,5,1.3272625054208846,4403.93701171875,7854.0,4500,2250,"[500, 500, 500, 500, 500, 500, 500, 500, 500]","[250, 250, 250, 250, 250, 250, 250, 250, 250]",2461,79.20742081447968,302.8440606476749,0
20260930-210411-0c0ed5,2026-09-30T21:09:53,final,test,breakfast_box,breakfast_box/test/good/041,hf_assets/mvtec_loco/mvtec_loco_anomaly_detection/breakfast_box/test/good/041.png,normal,0,none,8,"['breakfast_box/train/good/271', 'breakfast_box/train/good/248', 'breakfast_box/train/good/267', 'breakfast_box/train/good/219', 'breakfast_box/train/good/145', 'breakfast_box/train/good/149', 'breakfast_box/train/good/056', 'breakfast_box/train/good/028']",0,visionzip,0.25,True,sdpa,64,401408,Qwen/Qwen2.5-VL-3B-Instruct-AWQ,ok,,ANOMALOUS,1,ANOMALOUS,False,0.5886057106197758,-0.9497341513633728,-0.5915297097526491,141.61139999998795,1803.4931000000256,89.45509999995238,579.1229999999814,250.6744000000367,62.66590000001315,2613.6825999999473,2864.356999999984,5,1.74559246630222,4069.875,7854.0,4500,1125,"[500, 500, 500, 500, 500, 500, 500, 500, 500]","[125, 125, 125, 125, 125, 125, 125, 125, 125]",1336,76.611975609756,224.34343042906178,0
20260930-210411-0c0ed5,2026-09-30T21:09:56,final,test,breakfast_box,breakfast_box/test/good/041,hf_assets/mvtec_loco/mvtec_loco_anomaly_detection/breakfast_box/test/good/041.png,normal,0,none,1,['breakfast_box/train/good/271'],0,none,1.0,True,sdpa,64,401408,Qwen/Qwen2.5-VL-3B-Instruct-AWQ,ok,,ANOMALOUS,1,ANOMALOUS,False,0.6856416029482617,-1.2373369932174683,-0.4575156735954806,34.38099999999622,375.98909999996977,1.6235999999594242,456.5065999999547,270.3918999999928,57.94159999999238,868.5002999998801,1138.892199999873,5,4.39023113864557,3557.0205078125,7854.0,1000,1000,"[500, 500]","[500, 500]",1148,71.24259090909094,86.33710060943466,0
20260930-210411-0c0ed5,2026-09-30T21:09:57,final,test,breakfast_box,breakfast_box/test/good/041,hf_assets/mvtec_loco/mvtec_loco_anomaly_detection/breakfast_box/test/good/041.png,normal,0,none,1,['breakfast_box/train/good/271'],0,visionzip,0.75,True,sdpa,64,401408,Qwen/Qwen2.5-VL-3B-Instruct-AWQ,ok,,ANOMALOUS,1,ANOMALOUS,False,0.6545487301252407,-1.1439337730407715,-0.5048393274191767,34.26910000001726,376.90059999999903,15.764900000021953,367.2541000000251,233.47660000001724,55.22159999998166,794.1887000000634,1027.6653000000806,5,4.865397323427781,3468.9521484375,7854.0,1000,750,"[500, 500]","[375, 375]",898,75.42096666666662,82.10910943825122,0
20260930-210411-0c0ed5,2026-09-30T21:09:58,final,test,breakfast_box,breakfast_box/test/good/041,hf_assets/mvtec_loco/mvtec_loco_anomaly_detection/breakfast_box/test/good/041.png,normal,0,none,1,['breakfast_box/train/good/271'],0,visionzip,0.5,True,sdpa,64,401408,Qwen/Qwen2.5-VL-3B-Instruct-AWQ,ok,,ANOMALOUS,1,ANOMALOUS,False,0.7054758913812141,-1.3151991367340088,-0.44168740103486925,35.54529999996703,378.46170000000257,16.608399999995527,249.45969999998852,242.6136999999926,63.984000000004926,680.0750999999536,922.6887999999462,5,5.418945152472092,3442.1181640625,7854.0,1000,500,"[500, 500]","[250, 250]",648,70.61917999999999,70.10058098975108,0
20260930-210411-0c0ed5,2026-09-30T21:09:59,final,test,breakfast_box,breakfast_box/test/good/041,hf_assets/mvtec_loco/mvtec_loco_anomaly_detection/breakfast_box/test/good/041.png,normal,0,none,1,['breakfast_box/train/good/271'],0,visionzip,0.25,True,sdpa,64,401408,Qwen/Qwen2.5-VL-3B-Instruct-AWQ,ok,,ANOMALOUS,1,ANOMALOUS,False,0.7428958459897043,-1.4627805948257446,-0.4017060116166249,34.035700000004,376.3475000000085,15.474500000038915,161.3442999999961,267.7661000000171,77.07209999995257,587.2020000000475,854.9681000000646,5,5.8481714113071845,3442.1181640625,7854.0,1000,250,"[500, 500]","[125, 125]",398,72.52584905660379,68.02841962041387,0
20260930-210411-0c0ed5,2026-09-30T21:10:00,final,test,breakfast_box,breakfast_box/test/good/041,hf_assets/mvtec_loco/mvtec_loco_anomaly_detection/breakfast_box/test/good/041.png,normal,0,none,2,"['breakfast_box/train/good/271', 'breakfast_box/train/good/248']",0,none,1.0,True,sdpa,64,401408,Qwen/Qwen2.5-VL-3B-Instruct-AWQ,ok,,ANOMALOUS,1,ANOMALOUS,False,0.6221454303102028,-1.0504517555236816,-0.5517872646450996,50.17839999999296,590.2704000000085,2.440399999954934,822.5026000000071,257.67270000000053,57.39789999995537,1465.3917999999635,1723.064499999964,5,2.9018066357934393,3811.6455078125,7854.0,1500,1500,"[500, 500, 500]","[500, 500, 500]",1657,82.41742452830185,147.6012172363729,0
20260930-210411-0c0ed5,2026-09-30T21:10:02,final,test,breakfast_box,breakfast_box/test/good/024,hf_assets/mvtec_loco/mvtec_loco_anomaly_detection/breakfast_box/test/good/024.png,normal,0,none,2,"['breakfast_box/train/good/271', 'breakfast_box/train/good/248']",0,visionzip,0.5,True,sdpa,64,401408,Qwen/Qwen2.5-VL-3B-Instruct-AWQ,ok,,ANOMALOUS,1,ANOMALOUS,False,0.5923119806136602,-0.9734827280044556,-0.5999514611903578,53.35959999996476,591.0117000000241,22.812700000031327,369.8982000000228,263.92770000001065,62.888900000018566,1037.082200000043,1301.0099000000537,5,3.8431682956446322,3531.3291015625,7854.0,1500,750,"[500, 500, 500]","[250, 250, 250]",907,71.78675000000003,98.51088238792343,0
20260930-210411-0c0ed5,2026-09-30T21:10:04,final,test,breakfast_box,breakfast_box/test/good/024,hf_assets/mvtec_loco/mvtec_loco_anomaly_detection/breakfast_box/test/good/024.png,normal,0,none,2,"['breakfast_box/train/good/271', 'breakfast_box/train/good/248']",0,visionzip,0.25,True,sdpa,64,401408,Qwen/Qwen2.5-VL-3B-Instruct-AWQ,ok,,ANOMALOUS,1,ANOMALOUS,False,0.5960928286935615,-0.9968172311782837,-0.6076059009646997,50.8286000000453,585.4621999999949,22.870800000021063,201.6707000000224,270.03550000000587,72.94000000001688,860.8323000000837,1130.8678000000896,5,4.421383295200026,3531.3291015625,7854.0,1500,375,"[500, 500, 500]","[125, 125, 125]",532,70.36660294117647,85.30285732792342,0
20260930-210411-0c0ed5,2026-09-30T21:10:05,final,test,breakfast_box,breakfast_box/test/good/024,hf_assets/mvtec_loco/mvtec_loco_anomaly_detection/breakfast_box/test/good/024.png,normal,0,none,4,"['breakfast_box/train/good/271', 'breakfast_box/train/good/248', 'breakfast_box/train/good/267', 'breakfast_box/train/good/219']",0,none,1.0,True,sdpa,64,401408,Qwen/Qwen2.5-VL-3B-Instruct-AWQ,ok,,NORMAL,0,NORMAL,False,0.4375278516024813,-0.6309739351272583,-0.8821751894429326,84.88569999997253,1015.6178999999952,15.637200000014673,1630.6112000000326,57.39970000001904,62.297800000010284,2746.752000000015,2804.151700000034,2,0.7132281752089146,4561.287109375,7854.0,2500,2500,"[500, 500, 500, 500, 500]","[500, 500, 500, 500, 500]",2675,83.25557594936701,238.75001701617845,1
20260930-210411-0c0ed5,2026-09-30T21:10:08,final,test,breakfast_box,breakfast_box/test/good/024,hf_assets/mvtec_loco/mvtec_loco_anomaly_detection/breakfast_box/test/good/024.png,normal,0,none,4,"['breakfast_box/train/good/271', 'breakfast_box/train/good/248', 'breakfast_box/train/good/267', 'breakfast_box/train/good/219']",0,visionzip,0.75,True,sdpa,64,401408,Qwen/Qwen2.5-VL-3B-Instruct-AWQ,ok,,NORMAL,0,NORMAL,False,0.44522489333015475,-0.6444728374481201,-0.8644561230903491,83.05879999994659,1004.8218999999676,47.371899999973266,1142.6634999999692,58.008200000017496,58.29050000005509,2277.9160999998567,2335.924299999874,2,0.8561921291713553,4086.39990234375,7854.0,2500,1875,"[500, 500, 500, 500, 500]","[375, 375, 375, 375, 375]",2050,82.58303597122311,197.82155152440197,1
20260930-210411-0c0ed5,2026-09-30T21:10:10,final,test,breakfast_box,breakfast_box/test/good/024,hf_assets/mvtec_loco/mvtec_loco_anomaly_detection/breakfast_box/test/good/024.png,normal,0,none,4,"['breakfast_box/train/good/271', 'breakfast_box/train/good/248', 'breakfast_box/train/good/267', 'breakfast_box/train/good/219']",0,visionzip,0.5,True,sdpa,64,401408,Qwen/Qwen2.5-VL-3B-Instruct-AWQ,ok,,ANOMALOUS,1,ANOMALOUS,False,0.5695439574937642,-0.908458948135376,-0.6284681927645579,81.83250000001863,1007.8051000000414,49.94719999996278,632.5730000000362,247.9960999999662,54.520300000035604,1772.157800000059,2020.1539000000253,5,2.4750589546667396,3711.10546875,7854.0,2500,1250,"[500, 500, 500, 500, 500]","[250, 250, 250, 250, 250]",1425,76.47014049586781,158.7630463106959,0
20260930-210411-0c0ed5,2026-09-30T21:10:12,final,test,breakfast_box,breakfast_box/test/good/024,hf_assets/mvtec_loco/mvtec_loco_anomaly_detection/breakfast_box/test/good/024.png,normal,0,none,4,"['breakfast_box/train/good/271', 'breakfast_box/train/good/248', 'breakfast_box/train/good/267', 'breakfast_box/train/good/219']",0,visionzip,0.25,True,sdpa,64,401408,Qwen/Qwen2.5-VL-3B-Instruct-AWQ,ok,,ANOMALOUS,1,ANOMALOUS,False,0.6475268757149926,-1.1089837551116943,-0.5007978316862136,82.89550000000645,1022.4848999999949,47.404900000003636,319.1912000000343,260.32449999996743,66.0665999999992,1471.9765000000393,1732.3010000000068,5,2.8863344187874858,3711.10546875,7854.0,2500,625,"[500, 500, 500, 500, 500]","[125, 125, 125, 125, 125]",800,74.27473999999991,133.66425761597543,0
20260930-210411-0c0ed5,2026-09-30T21:10:14,final,test,breakfast_box,breakfast_box/test/good/024,hf_assets/mvtec_loco/mvtec_loco_anomaly_detection/breakfast_box/test/good/024.png,normal,0,none,8,"['breakfast_box/train/good/271', 'breakfast_box/train/good/248', 'breakfast_box/train/good/267', 'breakfast_box/train/good/219', 'breakfast_box/train/good/145', 'breakfast_box/train/good/149', 'breakfast_box/train/good/056', 'breakfast_box/train/good/028']",0,none,1.0,True,sdpa,64,401408,Qwen/Qwen2.5-VL-3B-Instruct-AWQ,ok,,ANOMALOUS,1,ANOMALOUS,False,0.4997018521888583,-0.7481382489204407,-0.7493308403063565,148.29639999999245,1798.210700000027,5.0979999999754,9834.376299999974,275.9231,51.032599999984996,11785.98139999997,12061.90449999997,5,0.4145282363991534,6854.44287109375,7854.0,4500,4500,"[500, 500, 500, 500, 500, 500, 500, 500, 500]","[500, 500, 500, 500, 500, 500, 500, 500, 500]",4711,56.58782852564096,686.7255598796952,0
20260930-210411-0c0ed5,2026-09-30T21:10:26,final,test,breakfast_box,breakfast_box/test/good/024,hf_assets/mvtec_loco/mvtec_loco_anomaly_detection/breakfast_box/test/good/024.png,normal,0,none,8,"['breakfast_box/train/good/271', 'breakfast_box/train/good/248', 'breakfast_box/train/good/267', 'breakfast_box/train/good/219', 'breakfast_box/train/good/145', 'breakfast_box/train/good/149', 'breakfast_box/train/good/056', 'breakfast_box/train/good/028']",0,visionzip,0.75,True,sdpa,64,401408,Qwen/Qwen2.5-VL-3B-Instruct-AWQ,ok,,NORMAL,0,NORMAL,False,0.4723961176096727,-0.6928210854530334,-0.803348999004811,152.89319999999407,1789.6200000000135,86.57310000000962,2669.7646000000077,57.63889999997218,51.277299999981096,4698.850900000025,4756.489799999998,2,0.4204781433568933,5478.0888671875,7854.0,4500,3375,"[500, 500, 500, 500, 500, 500, 500, 500, 500]","[375, 375, 375, 375, 375, 375, 375, 375, 375]",3586,81.46612544802865,391.79307378358,1
20260930-210411-0c0ed5,2026-09-30T21:10:31,final,test,breakfast_box,breakfast_box/test/good/024,hf_assets/mvtec_loco/mvtec_loco_anomaly_detection/breakfast_box/test/good/024.png,normal,0,none,8,"['breakfast_box/train/good/271', 'breakfast_box/train/good/248', 'breakfast_box/train/good/267', 'breakfast_box/train/good/219', 'breakfast_box/train/good/145', 'breakfast_box/train/good/149', 'breakfast_box/train/good/056', 'breakfast_box/train/good/028']",0,visionzip,0.5,True,sdpa,64,401408,Qwen/Qwen2.5-VL-3B-Instruct-AWQ,ok,,ANOMALOUS,1,ANOMALOUS,False,0.534791637616028,-0.8186826109886169,-0.6792907987255603,148.98730000004434,1783.813699999996,83.0143000000021,1470.9556999999904,214.2534999999839,67.18120000005001,3486.771000000033,3701.024500000017,5,1.3509772766972976,4403.93701171875,7854.0,4500,2250,"[500, 500, 500, 500, 500, 500, 500, 500, 500]","[250, 250, 250, 250, 250, 250, 250, 250, 250]",2461,81.26962325581393,306.3330692780151,0
20260930-210411-0c0ed5,2026-09-30T21:10:35,final,test,breakfast_box,breakfast_box/test/good/024,hf_assets/mvtec_loco/mvtec_loco_anomaly_detection/breakfast_box/test/good/024.png,normal,0,none,8,"['breakfast_box/train/good/271', 'breakfast_box/train/good/248', 'breakfast_box/train/good/267', 'breakfast_box/train/good/219', 'breakfast_box/train/good/145', 'breakfast_box/train/good/149', 'breakfast_box/train/good/056', 'breakfast_box/train/good/028']",0,visionzip,0.25,True,sdpa,64,401408,Qwen/Qwen2.5-VL-3B-Instruct-AWQ,ok,,ANOMALOUS,1,ANOMALOUS,False,0.611088672553905,-1.0030860900878906,-0.5511953821405768,143.62030000000914,1831.0301999999865,91.26090000000886,579.3773000000328,265.9946999999647,58.046600000011495,2645.2887000000374,2911.283400000002,5,1.7174556073792049,4069.875,7854.0,4500,1125,"[500, 500, 500, 500, 500, 500, 500, 500, 500]","[125, 125, 125, 125, 125, 125, 125, 125, 125]",1336,76.92681481481478,228.50631855952685,0
20260930-210411-0c0ed5,2026-09-30T21:10:38,final,test,breakfast_box,breakfast_box/test/good/024,hf_assets/mvtec_loco/mvtec_loco_anomaly_detection/breakfast_box/test/good/024.png,normal,0,none,1,['breakfast_box/train/good/271'],0,none,1.0,True,sdpa,64,401408,Qwen/Qwen2.5-VL-3B-Instruct-AWQ,ok,,ANOMALOUS,1,ANOMALOUS,False,0.6685509320315417,-1.1811847686767578,-0.47954634320922196,35.79469999999674,377.25329999994983,1.6247000000362277,456.51329999998325,267.15760000001865,64.4952000000103,871.185999999966,1138.3435999999847,5,4.392346915289959,3557.0205078125,7854.0,1000,1000,"[500, 500]","[500, 500]",1148,79.65046969696978,96.90445798834136,0
20260930-210411-0c0ed5,2026-09-30T21:10:39,final,test,breakfast_box,breakfast_box/test/good/024,hf_assets/mvtec_loco/mvtec_loco_anomaly_detection/breakfast_box/test/good/024.png,normal,0,none,1,['breakfast_box/train/good/271'],0,visionzip,0.75,True,sdpa,64,401408,Qwen/Qwen2.5-VL-3B-Instruct-AWQ,ok,,ANOMALOUS,1,ANOMALOUS,False,0.6788574393620302,-1.2179560661315918,-0.46943005605135113,37.61059999999361,378.00270000002456,16.057100000011815,367.4986000000331,249.25490000003947,63.867899999991096,799.1690000000631,1048.4239000001025,5,4.7690633530955475,3468.9521484375,7854.0,1000,750,"[500, 500]","[375, 375]",898,76.762515625,85.83902294002097,0
20260930-210411-0c0ed5,2026-09-30T21:10:40,final,test,breakfast_box,breakfast_box/test/good/024,hf_assets/mvtec_loco/mvtec_loco_anomaly_detection/breakfast_box/test/good/024.png,normal,0,none,1,['breakfast_box/train/good/271'],0,visionzip,0.5,True,sdpa,64,401408,Qwen/Qwen2.5-VL-3B-Instruct-AWQ,ok,,ANOMALOUS,1,ANOMALOUS,False,0.6719976730232344,-1.2009233236312866,-0.483689148677513,36.781200000007175,379.24219999996467,18.13350000003311,250.28420000001006,277.2506000000021,71.37699999998404,684.441100000015,961.6917000000171,5,5.199171418449292,3442.1181640625,7854.0,1000,500,"[500, 500]","[250, 250]",648,62.40779999999997,64.85432305715854,0
20260930-210411-0c0ed5,2026-09-30T21:10:41,final,test,breakfast_box,breakfast_box/test/good/024,hf_assets/mvtec_loco/mvtec_loco_anomaly_detection/breakfast_box/test/good/024.png,normal,0,none,1,['breakfast_box/train/good/271'],0,visionzip,0.25,True,sdpa,64,401408,Qwen/Qwen2.5-VL-3B-Instruct-AWQ,ok,,ANOMALOUS,1,ANOMALOUS,False,0.733834260308196,-1.4241083860397339,-0.40994438261259347,35.8033999999634,379.4889999999782,18.266700000026503,162.7285999999799,249.96340000001283,59.694600000000264,596.287699999948,846.2510999999608,5,5.908411817721987,3442.1181640625,7854.0,1000,250,"[500, 500]","[125, 125]",398,70.18626415094336,64.05181621711482,0
20260930-210411-0c0ed5,2026-09-30T21:10:42,final,test,breakfast_box,breakfast_box/test/good/024,hf_assets/mvtec_loco/mvtec_loco_anomaly_detection/breakfast_box/test/good/024.png,normal,0,none,2,"['breakfast_box/train/good/271', 'breakfast_box/train/good/248']",0,none,1.0,True,sdpa,64,401408,Qwen/Qwen2.5-VL-3B-Instruct-AWQ,ok,,NORMAL,0,NORMAL,False,0.48402346624301507,-0.7292646169662476,-0.7931925146840513,52.82909999999674,592.1068000000105,1.759199999980865,822.322100000008,59.438699999986966,57.69729999997253,1469.0171999999961,1528.455899999983,2,1.308510111413762,3811.6455078125,7854.0,1500,1500,"[500, 500, 500]","[500, 500, 500]",1657,82.98304347826083,132.55704726574245,1
20260930-210411-0c0ed5,2026-09-30T21:10:44,final,test,breakfast_box,breakfast_box/test/good/024,hf_assets/mvtec_loco/mvtec_loco_anomaly_detection/breakfast_box/test/good/024.png,normal,0,none,2,"['breakfast_box/train/good/271', 'breakfast_box/train/good/248']",0,visionzip,0.75,True,sdpa,64,401408,Qwen/Qwen2.5-VL-3B-Instruct-AWQ,ok,,ANOMALOUS,1,ANOMALOUS,False,0.5269610780382846,-0.8231226205825806,-0.7151736030355096,53.317699999979595,602.1834000000013,23.4346999999957,562.1985000000222,241.107999999997,58.79000000004453,1241.1342999999988,1482.2422999999958,5,3.373267649965201,3629.35791015625,7854.0,1500,1125,"[500, 500, 500]","[375, 375, 375]",1282,76.07118823529412,118.11400715697033,0
20260930-210411-0c0ed5,2026-09-30T21:10:45,final,test,breakfast_box,breakfast_box/test/good/073,hf_assets/mvtec_loco/mvtec_loco_anomaly_detection/breakfast_box/test/good/073.png,normal,0,none,2,"['breakfast_box/train/good/271', 'breakfast_box/train/good/248']",0,visionzip,0.25,True,sdpa,64,401408,Qwen/Qwen2.5-VL-3B-Instruct-AWQ,ok,,ANOMALOUS,1,ANOMALOUS,False,0.6036034235271398,-1.0146291255950928,-0.5941268927417696,53.839200000027176,589.1704000000004,22.71590000003698,202.11990000001379,249.3622000000073,61.71940000001541,867.8454000000784,1117.2076000000857,5,4.475443955089114,3531.3291015625,7854.0,1500,375,"[500, 500, 500]","[125, 125, 125]",532,71.74274603174597,85.23492360153467,0
20260930-210411-0c0ed5,2026-09-30T21:10:47,final,test,breakfast_box,breakfast_box/test/good/073,hf_assets/mvtec_loco/mvtec_loco_anomaly_detection/breakfast_box/test/good/073.png,normal,0,none,4,"['breakfast_box/train/good/271', 'breakfast_box/train/good/248', 'breakfast_box/train/good/267', 'breakfast_box/train/good/219']",0,none,1.0,True,sdpa,64,401408,Qwen/Qwen2.5-VL-3B-Instruct-AWQ,ok,,NORMAL,0,NORMAL,False,0.4763011013019553,-0.7043877840042114,-0.7992544623557478,86.78580000002967,1015.8032999999591,11.644600000010996,1630.5115000000114,60.799299999985124,61.28370000004679,2744.745200000011,2805.5444999999963,2,0.7128740962761427,4561.287109375,7854.0,2500,2500,"[500, 500, 500, 500, 500]","[500, 500, 500, 500, 500]",2675,82.55970779220783,236.77896330011578,1
20260930-210411-0c0ed5,2026-09-30T21:10:49,final,test,breakfast_box,breakfast_box/test/good/073,hf_assets/mvtec_loco/mvtec_loco_anomaly_detection/breakfast_box/test/good/073.png,normal,0,none,4,"['breakfast_box/train/good/271', 'breakfast_box/train/good/248', 'breakfast_box/train/good/267', 'breakfast_box/train/good/219']",0,visionzip,0.75,True,sdpa,64,401408,Qwen/Qwen2.5-VL-3B-Instruct-AWQ,ok,,NORMAL,0,NORMAL,False,0.468491619462912,-0.6887431144714355,-0.8149438663385808,82.2842000000037,1007.891299999983,55.41979999998148,1142.8829999999834,66.54659999998103,75.4368999999997,2288.4782999999516,2355.0248999999326,2,0.8492479209031112,4086.39990234375,7854.0,2500,1875,"[500, 500, 500, 500, 500]","[375, 375, 375, 375, 375]",2050,80.6484809160306,196.11391914952335,1
20260930-210411-0c0ed5,2026-09-30T21:10:52,final,test,breakfast_box,breakfast_box/test/good/073,hf_assets/mvtec_loco/mvtec_loco_anomaly_detection/breakfast_box/test/good/073.png,normal,0,none,4,"['breakfast_box/train/good/271', 'breakfast_box/train/good/248', 'breakfast_box/train/good/267', 'breakfast_box/train/good/219']",0,visionzip,0.5,True,sdpa,64,401408,Qwen/Qwen2.5-VL-3B-Instruct-AWQ,ok,,NORMAL,0,NORMAL,False,0.4568196223115393,-0.6675029397010803,-0.8406557783018798,89.30249999997386,1022.4322000000257,48.14750000002732,632.5147000000015,70.01550000001089,76.83930000001737,1792.3969000000284,1862.4124000000393,2,1.0738760115643333,3711.10546875,7854.0,2500,1250,"[500, 500, 500, 500, 500]","[250, 250, 250, 250, 250]",1425,77.81624074074081,151.0138074550513,1
20260930-210411-0c0ed5,2026-09-30T21:10:54,final,test,breakfast_box,breakfast_box/test/good/073,hf_assets/mvtec_loco/mvtec_loco_anomaly_detection/breakfast_box/test/good/073.png,normal,0,none,4,"['breakfast_box/train/good/271', 'breakfast_box/train/good/248', 'breakfast_box/train/good/267', 'breakfast_box/train/good/219']",0,visionzip,0.25,True,sdpa,64,401408,Qwen/Qwen2.5-VL-3B-Instruct-AWQ,ok,,ANOMALOUS,1,ANOMALOUS,False,0.5999143013131862,-0.9817048907279968,-0.5765968477353454,86.13339999999425,1023.007199999995,50.85900000000265,319.7382000000175,248.13050000000203,58.15339999998059,1479.7378000000094,1727.8683000000115,5,2.893739065645204,3711.10546875,7854.0,2500,625,"[500, 500, 500, 500, 500]","[125, 125, 125, 125, 125]",800,78.18004761904758,139.72400654513999,0
20260930-210411-0c0ed5,2026-09-30T21:10:56,final,test,breakfast_box,breakfast_box/test/good/073,hf_assets/mvtec_loco/mvtec_loco_anomaly_detection/breakfast_box/test/good/073.png,normal,0,none,8,"['breakfast_box/train/good/271', 'breakfast_box/train/good/248', 'breakfast_box/train/good/267', 'breakfast_box/train/good/219', 'breakfast_box/train/good/145', 'breakfast_box/train/good/149', 'breakfast_box/train/good/056', 'breakfast_box/train/good/028']",0,none,1.0,True,sdpa,64,401408,Qwen/Qwen2.5-VL-3B-Instruct-AWQ,ok,,ANOMALOUS,1,ANOMALOUS,False,0.5309285164077814,-0.8122363090515137,-0.6883640914456919,151.4953999999875,1797.3101000000042,4.335799999978462,9799.08789999996,272.34509999999545,60.08040000000392,11752.22919999993,12024.574299999926,5,0.4158151361749273,6854.44287109375,7854.0,4500,4500,"[500, 500, 500, 500, 500, 500, 500, 500, 500]","[500, 500, 500, 500, 500, 500, 500, 500, 500]",4711,57.11158308605343,691.5356095086371,0
20260930-210411-0c0ed5,2026-09-30T21:11:08,final,test,breakfast_box,breakfast_box/test/good/073,hf_assets/mvtec_loco/mvtec_loco_anomaly_detection/breakfast_box/test/good/073.png,normal,0,none,8,"['breakfast_box/train/good/271', 'breakfast_box/train/good/248', 'breakfast_box/train/good/267', 'breakfast_box/train/good/219', 'breakfast_box/train/good/145', 'breakfast_box/train/good/149', 'breakfast_box/train/good/056', 'breakfast_box/train/good/028']",0,visionzip,0.75,True,sdpa,64,401408,Qwen/Qwen2.5-VL-3B-Instruct-AWQ,ok,,NORMAL,0,NORMAL,False,0.48801729438789576,-0.722965657711029,-0.7709056595340371,160.58639999999968,1791.1840000000439,85.03510000002734,2672.154799999987,60.06860000002234,62.237400000014986,4708.960300000058,4769.02890000008,2,0.4193725896691392,5478.0888671875,7854.0,4500,3375,"[500, 500, 500, 500, 500, 500, 500, 500, 500]","[375, 375, 375, 375, 375, 375, 375, 375, 375]",3586,81.3189379562044,392.96155356887465,1
20260930-210411-0c0ed5,2026-09-30T21:11:13,final,test,breakfast_box,breakfast_box/test/good/073,hf_assets/mvtec_loco/mvtec_loco_anomaly_detection/breakfast_box/test/good/073.png,normal,0,none,8,"['breakfast_box/train/good/271', 'breakfast_box/train/good/248', 'breakfast_box/train/good/267', 'breakfast_box/train/good/219', 'breakfast_box/train/good/145', 'breakfast_box/train/good/149', 'breakfast_box/train/good/056', 'breakfast_box/train/good/028']",0,visionzip,0.5,True,sdpa,64,401408,Qwen/Qwen2.5-VL-3B-Instruct-AWQ,ok,,NORMAL,0,NORMAL,False,0.4607169323379303,-0.6700590252876282,-0.8275158054893836,156.07019999998784,1809.0522000000533,82.91850000000522,1471.477899999968,66.23339999998734,60.6703000000266,3519.5188000000144,3585.7522000000017,2,0.5577630266809845,4403.93701171875,7854.0,4500,2250,"[500, 500, 500, 500, 500, 500, 500, 500, 500]","[250, 250, 250, 250, 250, 250, 250, 250, 250]",2461,81.40337142857139,296.92604218577446,1
20260930-210411-0c0ed5,2026-09-30T21:11:16,final,test,breakfast_box,breakfast_box/test/good/073,hf_assets/mvtec_loco/mvtec_loco_anomaly_detection/breakfast_box/test/good/073.png,normal,0,none,8,"['breakfast_box/train/good/271', 'breakfast_box/train/good/248', 'breakfast_box/train/good/267', 'breakfast_box/train/good/219', 'breakfast_box/train/good/145', 'breakfast_box/train/good/149', 'breakfast_box/train/good/056', 'breakfast_box/train/good/028']",0,visionzip,0.25,True,sdpa,64,401408,Qwen/Qwen2.5-VL-3B-Instruct-AWQ,ok,,ANOMALOUS,1,ANOMALOUS,False,0.550308714079308,-0.8560814261436462,-0.6541633231099695,154.4092000000319,1813.6466999999925,88.2750000000101,579.2529999999942,264.9399999999673,58.05529999997816,2635.5839000000287,2900.523899999996,5,1.7238265128585932,4069.875,7854.0,4500,1125,"[500, 500, 500, 500, 500, 500, 500, 500, 500]","[125, 125, 125, 125, 125, 125, 125, 125, 125]",1336,76.60528323699418,226.7348158613039,0
20260930-210411-0c0ed5,2026-09-30T21:11:19,final,test,breakfast_box,breakfast_box/test/good/073,hf_assets/mvtec_loco/mvtec_loco_anomaly_detection/breakfast_box/test/good/073.png,normal,0,none,1,['breakfast_box/train/good/271'],0,none,1.0,True,sdpa,64,401408,Qwen/Qwen2.5-VL-3B-Instruct-AWQ,ok,,ANOMALOUS,1,ANOMALOUS,False,0.6580912988336594,-1.150437593460083,-0.49563766550272703,40.0061000000278,373.4446999999932,1.7646000000013373,456.21280000000297,241.0024000000135,160.54140000005646,871.4282000000253,1112.4306000000388,5,4.494662408603131,3557.0205078125,7854.0,1000,1000,"[500, 500]","[500, 500]",1148,74.73753225806458,95.99374591388157,0
20260930-210411-0c0ed5,2026-09-30T21:11:21,final,test,breakfast_box,breakfast_box/test/good/073,hf_assets/mvtec_loco/mvtec_loco_anomaly_detection/breakfast_box/test/good/073.png,normal,0,none,1,['breakfast_box/train/good/271'],0,visionzip,0.75,True,sdpa,64,401408,Qwen/Qwen2.5-VL-3B-Instruct-AWQ,ok,,ANOMALOUS,1,ANOMALOUS,False,0.6510250090937506,-1.132066011428833,-0.5085182138718665,35.39490000002843,398.2582999999522,15.327100000035898,367.6844000000301,249.36939999997776,62.339699999995446,816.6647000000467,1066.0341000000244,5,4.6902814834908995,3468.9521484375,7854.0,1000,750,"[500, 500]","[375, 375]",898,71.27315384615382,80.97448492729035,0
20260930-210411-0c0ed5,2026-09-30T21:11:22,final,test,breakfast_box,breakfast_box/test/good/073,hf_assets/mvtec_loco/mvtec_loco_anomaly_detection/breakfast_box/test/good/073.png,normal,0,none,1,['breakfast_box/train/good/271'],0,visionzip,0.5,True,sdpa,64,401408,Qwen/Qwen2.5-VL-3B-Instruct-AWQ,ok,,ANOMALOUS,1,ANOMALOUS,False,0.6294120915581328,-1.0765769481658936,-0.5468814388150349,35.61210000003712,375.1145999999608,16.12620000003062,249.80379999999514,247.1403000000123,55.40679999995746,676.6567000000236,923.797000000036,5,5.412444508912461,3442.1181640625,7854.0,1000,500,"[500, 500]","[250, 250]",648,68.8613090909091,67.83276214767439,0
20260930-210411-0c0ed5,2026-09-30T21:11:23,final,test,breakfast_box,breakfast_box/test/good/073,hf_assets/mvtec_loco/mvtec_loco_anomaly_detection/breakfast_box/test/good/073.png,normal,0,none,1,['breakfast_box/train/good/271'],0,visionzip,0.25,True,sdpa,64,401408,Qwen/Qwen2.5-VL-3B-Instruct-AWQ,ok,,ANOMALOUS,1,ANOMALOUS,False,0.7575457152032674,-1.5181666612625122,-0.3788959519006312,35.9937000000059,375.4453999999896,15.970400000014706,162.11070000002792,234.33299999999235,61.153600000011465,589.5202000000381,823.8532000000305,5,6.069042397358917,3442.1181640625,7854.0,1000,250,"[500, 500]","[125, 125]",398,67.26864150943398,59.91934061860601,0
20260930-210411-0c0ed5,2026-09-30T21:11:24,final,test,breakfast_box,breakfast_box/test/good/073,hf_assets/mvtec_loco/mvtec_loco_anomaly_detection/breakfast_box/test/good/073.png,normal,0,none,2,"['breakfast_box/train/good/271', 'breakfast_box/train/good/248']",0,none,1.0,True,sdpa,64,401408,Qwen/Qwen2.5-VL-3B-Instruct-AWQ,ok,,ANOMALOUS,1,ANOMALOUS,False,0.5464167142002203,-0.865833044052124,-0.6796300504356623,52.736200000026656,588.6011000000053,2.364300000010644,822.9479999999967,238.81130000000894,56.87960000000203,1466.6496000000393,1705.4609000000482,5,2.9317587990436245,3811.6455078125,7854.0,1500,1500,"[500, 500, 500]","[500, 500, 500]",1657,81.15030107526884,143.9614131504172,0
20260930-210411-0c0ed5,2026-09-30T21:11:25,final,test,breakfast_box,breakfast_box/test/good/073,hf_assets/mvtec_loco/mvtec_loco_anomaly_detection/breakfast_box/test/good/073.png,normal,0,none,2,"['breakfast_box/train/good/271', 'breakfast_box/train/good/248']",0,visionzip,0.75,True,sdpa,64,401408,Qwen/Qwen2.5-VL-3B-Instruct-AWQ,ok,,ANOMALOUS,1,ANOMALOUS,False,0.588566472453547,-0.9640264511108398,-0.6059840485686436,57.05309999996189,595.3104999999823,22.762400000033267,562.0278999999755,235.7456999999954,64.19490000001815,1237.153899999953,1472.8995999999484,5,3.3946645107379863,3629.35791015625,7854.0,1500,1125,"[500, 500, 500]","[375, 375, 375]",1282,79.41387341772149,122.70085107135587,0
20260930-210411-0c0ed5,2026-09-30T21:11:27,final,test,breakfast_box,breakfast_box/test/good/073,hf_assets/mvtec_loco/mvtec_loco_anomaly_detection/breakfast_box/test/good/073.png,normal,0,none,2,"['breakfast_box/train/good/271', 'breakfast_box/train/good/248']",0,visionzip,0.5,True,sdpa,64,401408,Qwen/Qwen2.5-VL-3B-Instruct-AWQ,ok,,ANOMALOUS,1,ANOMALOUS,False,0.5152569519532997,-0.7963202595710754,-0.735273500205949,53.15720000004376,594.3808000000104,22.380400000031386,370.12990000005175,269.4774999999936,62.17259999999669,1040.0483000001373,1309.5258000001309,5,3.8181760145538943,3531.3291015625,7854.0,1500,750,"[500, 500, 500]","[250, 250, 250]",907,76.31750000000001,105.25760732724981,0
20260930-210411-0c0ed5,2026-09-30T21:11:28,final,test,breakfast_box,breakfast_box/test/good/009,hf_assets/mvtec_loco/mvtec_loco_anomaly_detection/breakfast_box/test/good/009.png,normal,0,none,4,"['breakfast_box/train/good/271', 'breakfast_box/train/good/248', 'breakfast_box/train/good/267', 'breakfast_box/train/good/219']",0,none,1.0,True,sdpa,64,401408,Qwen/Qwen2.5-VL-3B-Instruct-AWQ,ok,,NORMAL,0,NORMAL,False,0.4222221980499457,-0.6034189462661743,-0.9170766042079777,89.11119999999073,1021.854200000007,14.01740000000018,1630.497900000023,54.29780000002893,67.0886000000337,2755.480700000021,2809.77850000005,2,0.7117998803108375,4561.287109375,7854.0,2500,2500,"[500, 500, 500, 500, 500]","[500, 500, 500, 500, 500]",2675,80.89169642857138,232.82566779355213,1
20260930-210411-0c0ed5,2026-09-30T21:11:31,final,test,breakfast_box,breakfast_box/test/good/009,hf_assets/mvtec_loco/mvtec_loco_anomaly_detection/breakfast_box/test/good/009.png,normal,0,none,4,"['breakfast_box/train/good/271', 'breakfast_box/train/good/248', 'breakfast_box/train/good/267', 'breakfast_box/train/good/219']",0,visionzip,0.75,True,sdpa,64,401408,Qwen/Qwen2.5-VL-3B-Instruct-AWQ,ok,,NORMAL,0,NORMAL,False,0.4685082540606979,-0.688849151134491,-0.8149830994661897,88.10650000003761,1020.196999999996,51.89640000003237,1143.1167000000073,57.7726999999868,65.22129999996196,2303.3166000000733,2361.08930000006,2,0.8470666484321238,4086.39990234375,7854.0,2500,1875,"[500, 500, 500, 500, 500]","[375, 375, 375, 375, 375]",2050,79.18155223880595,192.22965614994325,1
20260930-210411-0c0ed5,2026-09-30T21:11:34,final,test,breakfast_box,breakfast_box/test/good/009,hf_assets/mvtec_loco/mvtec_loco_anomaly_detection/breakfast_box/test/good/009.png,normal,0,none,4,"['breakfast_box/train/good/271', 'breakfast_box/train/good/248', 'breakfast_box/train/good/267', 'breakfast_box/train/good/219']",0,visionzip,0.5,True,sdpa,64,401408,Qwen/Qwen2.5-VL-3B-Instruct-AWQ,ok,,ANOMALOUS,1,ANOMALOUS,False,0.5347939863338526,-0.8261700868606567,-0.6867688340134919,81.1230999999566,1005.7475000000409,50.89590000000044,632.7964999999836,236.91960000002155,54.550000000006094,1770.5629999999815,2007.482600000003,5,2.4906816128817217,3711.10546875,7854.0,2500,1250,"[500, 500, 500, 500, 500]","[250, 250, 250, 250, 250]",1425,79.1079122807017,163.22523026629383,0
20260930-210411-0c0ed5,2026-09-30T21:11:36,final,test,breakfast_box,breakfast_box/test/good/009,hf_assets/mvtec_loco/mvtec_loco_anomaly_detection/breakfast_box/test/good/009.png,normal,0,none,4,"['breakfast_box/train/good/271', 'breakfast_box/train/good/248', 'breakfast_box/train/good/267', 'breakfast_box/train/good/219']",0,visionzip,0.25,True,sdpa,64,401408,Qwen/Qwen2.5-VL-3B-Instruct-AWQ,ok,,ANOMALOUS,1,ANOMALOUS,False,0.7488950588189016,-1.4479749202728271,-0.3552469990681857,86.98599999996759,1016.824999999983,49.475299999983235,318.7344999999482,246.6221000000246,60.328099999992446,1472.020799999882,1718.6428999999066,5,2.90927219377584,3711.10546875,7854.0,2500,625,"[500, 500, 500, 500, 500]","[125, 125, 125, 125, 125]",800,72.89929999999997,129.76586424092915,0
20260930-210411-0c0ed5,2026-09-30T21:11:38,final,test,breakfast_box,breakfast_box/test/good/009,hf_assets/mvtec_loco/mvtec_loco_anomaly_detection/breakfast_box/test/good/009.png,normal,0,none,8,"['breakfast_box/train/good/271', 'breakfast_box/train/good/248', 'breakfast_box/train/good/267', 'breakfast_box/train/good/219', 'breakfast_box/train/good/145', 'breakfast_box/train/good/149', 'breakfast_box/train/good/056', 'breakfast_box/train/good/028']",0,none,1.0,True,sdpa,64,401408,Qwen/Qwen2.5-VL-3B-Instruct-AWQ,ok,,NORMAL,0,NORMAL,False,0.4880049690211011,-0.7251360416412354,-0.7731253732927144,150.67020000003595,1824.9071999999842,4.539200000010624,9792.183799999975,68.27749999996513,57.440600000006725,11772.300400000006,11840.577899999971,2,0.16891067453726266,6854.44287109375,7854.0,4500,4500,"[500, 500, 500, 500, 500, 500, 500, 500, 500]","[500, 500, 500, 500, 500, 500, 500, 500, 500]",4711,57.289509601181756,683.4072417776601,1
20260930-210411-0c0ed5,2026-09-30T21:11:50,final,test,breakfast_box,breakfast_box/test/good/009,hf_assets/mvtec_loco/mvtec_loco_anomaly_detection/breakfast_box/test/good/009.png,normal,0,none,8,"['breakfast_box/train/good/271', 'breakfast_box/train/good/248', 'breakfast_box/train/good/267', 'breakfast_box/train/good/219', 'breakfast_box/train/good/145', 'breakfast_box/train/good/149', 'breakfast_box/train/good/056', 'breakfast_box/train/good/028']",0,visionzip,0.75,True,sdpa,64,401408,Qwen/Qwen2.5-VL-3B-Instruct-AWQ,ok,,ANOMALOUS,1,ANOMALOUS,False,0.5270537597579841,-0.8039364218711853,-0.6956155926454812,156.81310000002213,1844.5500999999922,89.23949999996239,2669.9543999999946,239.33319999997593,61.338699999964774,4760.557099999971,4999.890299999946,5,1.0000219404813848,5478.0888671875,7854.0,4500,3375,"[500, 500, 500, 500, 500, 500, 500, 500, 500]","[375, 375, 375, 375, 375, 375, 375, 375, 375]",3586,81.26422456140352,411.389905676233,0
20260930-210411-0c0ed5,2026-09-30T21:11:55,final,test,breakfast_box,breakfast_box/test/good/009,hf_assets/mvtec_loco/mvtec_loco_anomaly_detection/breakfast_box/test/good/009.png,normal,0,none,8,"['breakfast_box/train/good/271', 'breakfast_box/train/good/248', 'breakfast_box/train/good/267', 'breakfast_box/train/good/219', 'breakfast_box/train/good/145', 'breakfast_box/train/good/149', 'breakfast_box/train/good/056', 'breakfast_box/train/good/028']",0,visionzip,0.5,True,sdpa,64,401408,Qwen/Qwen2.5-VL-3B-Instruct-AWQ,ok,,ANOMALOUS,1,ANOMALOUS,False,0.5036163807430681,-0.7554210424423218,-0.7409552672179416,151.0020000000054,1792.3838000000387,81.93990000000895,1471.0203000000206,231.60070000000132,55.257700000026944,3496.3460000000737,3727.946700000075,5,1.3412208924553293,4403.93701171875,7854.0,4500,2250,"[500, 500, 500, 500, 500, 500, 500, 500, 500]","[250, 250, 250, 250, 250, 250, 250, 250, 250]",2461,81.68862189054728,309.1404683245265,0
20260930-210411-0c0ed5,2026-09-30T21:11:58,final,test,breakfast_box,breakfast_box/test/good/009,hf_assets/mvtec_loco/mvtec_loco_anomaly_detection/breakfast_box/test/good/009.png,normal,0,none,8,"['breakfast_box/train/good/271', 'breakfast_box/train/good/248', 'breakfast_box/train/good/267', 'breakfast_box/train/good/219', 'breakfast_box/train/good/145', 'breakfast_box/train/good/149', 'breakfast_box/train/good/056', 'breakfast_box/train/good/028']",0,visionzip,0.25,True,sdpa,64,401408,Qwen/Qwen2.5-VL-3B-Instruct-AWQ,ok,,ANOMALOUS,1,ANOMALOUS,False,0.682330597202618,-1.2078237533569336,-0.4433206944959238,153.33839999999554,1817.58480000002,87.52390000000787,579.1591000000267,248.7050000000295,71.19590000002063,2637.60620000005,2886.3112000000797,5,1.7323149354095504,4069.875,7854.0,4500,1125,"[500, 500, 500, 500, 500, 500, 500, 500, 500]","[125, 125, 125, 125, 125, 125, 125, 125, 125]",1336,77.72685207100601,229.9851509155833,0
20260930-210411-0c0ed5,2026-09-30T21:12:01,final,test,breakfast_box,breakfast_box/test/good/009,hf_assets/mvtec_loco/mvtec_loco_anomaly_detection/breakfast_box/test/good/009.png,normal,0,none,1,['breakfast_box/train/good/271'],0,none,1.0,True,sdpa,64,401408,Qwen/Qwen2.5-VL-3B-Instruct-AWQ,ok,,ANOMALOUS,1,ANOMALOUS,False,0.6989827394544282,-1.273719072341919,-0.43126063072122633,38.51880000001984,384.3191999999931,1.5420999999946616,456.2032999999701,265.96470000004047,55.17489999999725,880.5833999999777,1146.5481000000182,5,4.360916040068377,3557.0205078125,7854.0,1000,1000,"[500, 500]","[500, 500]",1148,73.18584999999997,88.72868757516396,0
20260930-210411-0c0ed5,2026-09-30T21:12:03,final,test,breakfast_box,breakfast_box/test/good/009,hf_assets/mvtec_loco/mvtec_loco_anomaly_detection/breakfast_box/test/good/009.png,normal,0,none,1,['breakfast_box/train/good/271'],0,visionzip,0.75,True,sdpa,64,401408,Qwen/Qwen2.5-VL-3B-Instruct-AWQ,ok,,ANOMALOUS,1,ANOMALOUS,False,0.7119614195967825,-1.3215162754058838,-0.4165869823191315,35.129299999994146,385.4385999999863,15.586700000028486,367.6653999999644,272.789199999977,63.88440000000628,803.8199999999733,1076.6091999999503,5,4.644210731247913,3468.9521484375,7854.0,1000,750,"[500, 500]","[375, 375]",898,69.13143750000005,79.24762740425743,0
20260930-210411-0c0ed5,2026-09-30T21:12:04,final,test,breakfast_box,breakfast_box/test/good/009,hf_assets/mvtec_loco/mvtec_loco_anomaly_detection/breakfast_box/test/good/009.png,normal,0,none,1,['breakfast_box/train/good/271'],0,visionzip,0.5,True,sdpa,64,401408,Qwen/Qwen2.5-VL-3B-Instruct-AWQ,ok,,ANOMALOUS,1,ANOMALOUS,False,0.739920428334756,-1.4262518882751465,-0.3806968661956489,38.442700000018704,389.177200000006,16.024800000025152,249.45780000001605,265.3545000000008,63.92369999997527,693.1025000000659,958.4570000000667,5,5.216718120896036,3442.1181640625,7854.0,1000,500,"[500, 500]","[250, 250]",648,70.92998245614027,72.95517531522731,0
20260930-210411-0c0ed5,2026-09-30T21:12:05,final,test,breakfast_box,breakfast_box/test/good/009,hf_assets/mvtec_loco/mvtec_loco_anomaly_detection/breakfast_box/test/good/009.png,normal,0,none,1,['breakfast_box/train/good/271'],0,visionzip,0.25,True,sdpa,64,401408,Qwen/Qwen2.5-VL-3B-Instruct-AWQ,ok,,ANOMALOUS,1,ANOMALOUS,False,0.7850752055926578,-1.6272354125976562,-0.3317440695827827,39.736199999993005,385.9805000000165,15.727199999957975,161.59199999998464,246.96500000004562,63.1265999999755,603.0358999999521,850.0008999999977,5,5.882346712809379,3442.1181640625,7854.0,1000,250,"[500, 500]","[125, 125]",398,58.76484615384614,53.995532375390866,0
20260930-210411-0c0ed5,2026-09-30T21:12:06,final,test,breakfast_box,breakfast_box/test/good/009,hf_assets/mvtec_loco/mvtec_loco_anomaly_detection/breakfast_box/test/good/009.png,normal,0,none,2,"['breakfast_box/train/good/271', 'breakfast_box/train/good/248']",0,none,1.0,True,sdpa,64,401408,Qwen/Qwen2.5-VL-3B-Instruct-AWQ,ok,,NORMAL,0,NORMAL,False,0.4723604688394598,-0.7085556983947754,-0.8192266435362399,54.58970000000818,591.674600000033,2.125900000010006,822.7473999999688,62.56239999999025,63.46059999998488,1471.13760000002,1533.7000000000103,2,1.3040359913933537,3811.6455078125,7854.0,1500,1500,"[500, 500, 500]","[500, 500, 500]",1657,83.05660714285713,133.51824682006924,1
20260930-210411-0c0ed5,2026-09-30T21:12:07,final,test,breakfast_box,breakfast_box/test/good/009,hf_assets/mvtec_loco/mvtec_loco_anomaly_detection/breakfast_box/test/good/009.png,normal,0,none,2,"['breakfast_box/train/good/271', 'breakfast_box/train/good/248']",0,visionzip,0.75,True,sdpa,64,401408,Qwen/Qwen2.5-VL-3B-Instruct-AWQ,ok,,ANOMALOUS,1,ANOMALOUS,False,0.5308778317705843,-0.8292562365531921,-0.7055875349324197,52.55320000003394,595.2346999999918,23.94699999996419,562.1145999999726,264.587199999994,63.5627999999997,1233.8494999999625,1498.4366999999565,5,3.336810957713559,3629.35791015625,7854.0,1500,1125,"[500, 500, 500]","[375, 375, 375]",1282,77.74610588235299,122.05580406489126,0
20260930-210411-0c0ed5,2026-09-30T21:12:09,final,test,breakfast_box,breakfast_box/test/good/009,hf_assets/mvtec_loco/mvtec_loco_anomaly_detection/breakfast_box/test/good/009.png,normal,0,none,2,"['breakfast_box/train/good/271', 'breakfast_box/train/good/248']",0,visionzip,0.5,True,sdpa,64,401408,Qwen/Qwen2.5-VL-3B-Instruct-AWQ,ok,,ANOMALOUS,1,ANOMALOUS,False,0.5541099970870204,-0.8842770457267761,-0.6669861193513498,52.714400000013484,599.5402000000354,23.223400000006222,370.30349999997725,236.9743000000426,56.04110000001583,1045.7815000000323,1282.755800000075,5,3.8978580334617923,3531.3291015625,7854.0,1500,750,"[500, 500, 500]","[250, 250, 250]",907,76.92526250000003,103.60028192091609,0
20260930-210411-0c0ed5,2026-09-30T21:12:10,final,test,breakfast_box,breakfast_box/test/good/009,hf_assets/mvtec_loco/mvtec_loco_anomaly_detection/breakfast_box/test/good/009.png,normal,0,none,2,"['breakfast_box/train/good/271', 'breakfast_box/train/good/248']",0,visionzip,0.25,True,sdpa,64,401408,Qwen/Qwen2.5-VL-3B-Instruct-AWQ,ok,,ANOMALOUS,1,ANOMALOUS,False,0.6822882237217329,-1.2292981147766113,-0.4649905386613682,54.74659999998721,596.2084999999888,23.24790000000121,201.87459999999646,253.91619999999193,62.582300000030955,876.0775999999737,1129.9937999999656,5,4.424803038742471,3531.3291015625,7854.0,1500,375,"[500, 500, 500]","[125, 125, 125]",532,74.21292857142855,89.11598297991345,0
20260930-210411-0c0ed5,2026-09-30T21:12:12,final,test,breakfast_box,breakfast_box/test/good/088,hf_assets/mvtec_loco/mvtec_loco_anomaly_detection/breakfast_box/test/good/088.png,normal,0,none,4,"['breakfast_box/train/good/271', 'breakfast_box/train/good/248', 'breakfast_box/train/good/267', 'breakfast_box/train/good/219']",0,visionzip,0.75,True,sdpa,64,401408,Qwen/Qwen2.5-VL-3B-Instruct-AWQ,ok,,ANOMALOUS,1,ANOMALOUS,False,0.5309013512409028,-0.8174329996109009,-0.6936698596691713,86.74619999999322,1021.6581000000247,52.637300000014875,1143.0761999999959,220.2682000000209,55.329200000016954,2304.1178000000286,2524.3860000000495,5,1.9806796583406427,4086.39990234375,7854.0,2500,1875,"[500, 500, 500, 500, 500]","[375, 375, 375, 375, 375]",2050,78.15196598639443,201.74236811449526,0
20260930-210411-0c0ed5,2026-09-30T21:12:14,final,test,breakfast_box,breakfast_box/test/good/088,hf_assets/mvtec_loco/mvtec_loco_anomaly_detection/breakfast_box/test/good/088.png,normal,0,none,4,"['breakfast_box/train/good/271', 'breakfast_box/train/good/248', 'breakfast_box/train/good/267', 'breakfast_box/train/good/219']",0,visionzip,0.5,True,sdpa,64,401408,Qwen/Qwen2.5-VL-3B-Instruct-AWQ,ok,,ANOMALOUS,1,ANOMALOUS,False,0.5886214092072631,-0.9503002762794495,-0.5920310040237382,83.88899999999921,1012.6991000000203,50.822100000004866,632.5216999999839,235.4338000000098,55.38969999997789,1779.9319000000082,2015.365700000018,5,2.4809393153808044,3711.10546875,7854.0,2500,1250,"[500, 500, 500, 500, 500]","[250, 250, 250, 250, 250]",1425,79.14962280701754,163.99565979738145,0
20260930-210411-0c0ed5,2026-09-30T21:12:16,final,test,breakfast_box,breakfast_box/test/good/088,hf_assets/mvtec_loco/mvtec_loco_anomaly_detection/breakfast_box/test/good/088.png,normal,0,none,4,"['breakfast_box/train/good/271', 'breakfast_box/train/good/248', 'breakfast_box/train/good/267', 'breakfast_box/train/good/219']",0,visionzip,0.25,True,sdpa,64,401408,Qwen/Qwen2.5-VL-3B-Instruct-AWQ,ok,,ANOMALOUS,1,ANOMALOUS,False,0.6581554154528219,-1.1393011808395386,-0.48421628633514047,93.3189999999513,1017.7474000000188,49.76390000001629,318.73589999997876,271.5675000000033,67.24270000000843,1479.5661999999652,1751.1336999999685,5,2.8552931166821187,3711.10546875,7854.0,2500,625,"[500, 500, 500, 500, 500]","[125, 125, 125, 125, 125]",800,72.93253535353544,132.70176183799944,0
20260930-210411-0c0ed5,2026-09-30T21:12:18,final,test,breakfast_box,breakfast_box/test/good/088,hf_assets/mvtec_loco/mvtec_loco_anomaly_detection/breakfast_box/test/good/088.png,normal,0,none,8,"['breakfast_box/train/good/271', 'breakfast_box/train/good/248', 'breakfast_box/train/good/267', 'breakfast_box/train/good/219', 'breakfast_box/train/good/145', 'breakfast_box/train/good/149', 'breakfast_box/train/good/056', 'breakfast_box/train/good/028']",0,none,1.0,True,sdpa,64,401408,Qwen/Qwen2.5-VL-3B-Instruct-AWQ,ok,,ANOMALOUS,1,ANOMALOUS,False,0.6331779700834282,-1.0635499954223633,-0.5176752577535808,156.08679999996866,1837.0694999999841,4.569300000014209,9813.926399999957,274.0880000000061,51.73969999998462,11811.651999999924,12085.739999999929,5,0.4137107036888126,6854.44287109375,7854.0,4500,4500,"[500, 500, 500, 500, 500, 500, 500, 500, 500]","[500, 500, 500, 500, 500, 500, 500, 500, 500]",4711,56.04520597014942,681.528647876633,0
20260930-210411-0c0ed5,2026-09-30T21:12:30,final,test,breakfast_box,breakfast_box/test/good/088,hf_assets/mvtec_loco/mvtec_loco_anomaly_detection/breakfast_box/test/good/088.png,normal,0,none,8,"['breakfast_box/train/good/271', 'breakfast_box/train/good/248', 'breakfast_box/train/good/267', 'breakfast_box/train/good/219', 'breakfast_box/train/good/145', 'breakfast_box/train/good/149', 'breakfast_box/train/good/056', 'breakfast_box/train/good/028']",0,visionzip,0.75,True,sdpa,64,401408,Qwen/Qwen2.5-VL-3B-Instruct-AWQ,ok,,ANOMALOUS,1,ANOMALOUS,False,0.558060236599704,-0.8746837377548218,-0.6413904211949557,156.2248999999838,1793.4951000000297,91.49189999999408,2669.04059999996,234.7735000000739,50.13280000002851,4710.252499999968,4945.026000000042,5,1.0111170295161154,5478.0888671875,7854.0,4500,3375,"[500, 500, 500, 500, 500, 500, 500, 500, 500]","[375, 375, 375, 375, 375, 375, 375, 375, 375]",3586,81.93421052631564,409.37614682762927,0
20260930-210411-0c0ed5,2026-09-30T21:12:35,final,test,breakfast_box,breakfast_box/test/good/088,hf_assets/mvtec_loco/mvtec_loco_anomaly_detection/breakfast_box/test/good/088.png,normal,0,none,8,"['breakfast_box/train/good/271', 'breakfast_box/train/good/248', 'breakfast_box/train/good/267', 'breakfast_box/train/good/219', 'breakfast_box/train/good/145', 'breakfast_box/train/good/149', 'breakfast_box/train/good/056', 'breakfast_box/train/good/028']",0,visionzip,0.5,True,sdpa,64,401408,Qwen/Qwen2.5-VL-3B-Instruct-AWQ,ok,,ANOMALOUS,1,ANOMALOUS,False,0.5580528616343091,-0.8734037280082703,-0.6401403144700453,152.76310000001558,1796.2365999999292,86.25339999991866,1471.1554000000433,237.76780000002873,71.41279999996186,3506.408499999907,3744.1762999999355,5,1.3354072029140525,4403.93701171875,7854.0,4500,2250,"[500, 500, 500, 500, 500, 500, 500, 500, 500]","[250, 250, 250, 250, 250, 250, 250, 250, 250]",2461,78.61815165876783,300.0674656011544,0
20260930-210411-0c0ed5,2026-09-30T21:12:39,final,test,breakfast_box,breakfast_box/test/good/088,hf_assets/mvtec_loco/mvtec_loco_anomaly_detection/breakfast_box/test/good/088.png,normal,0,none,8,"['breakfast_box/train/good/271', 'breakfast_box/train/good/248', 'breakfast_box/train/good/267', 'breakfast_box/train/good/219', 'breakfast_box/train/good/145', 'breakfast_box/train/good/149', 'breakfast_box/train/good/056', 'breakfast_box/train/good/028']",0,visionzip,0.25,True,sdpa,64,401408,Qwen/Qwen2.5-VL-3B-Instruct-AWQ,ok,,ANOMALOUS,1,ANOMALOUS,False,0.672072273149914,-1.1752671003341675,-0.45769445539917797,157.96999999997752,1824.0326000000096,85.89699999993172,578.9929999999686,239.6172999999635,62.4904000000015,2646.8925999998874,2886.509899999851,5,1.732195687255484,4069.875,7854.0,4500,1125,"[500, 500, 500, 500, 500, 500, 500, 500, 500]","[125, 125, 125, 125, 125, 125, 125, 125, 125]",1336,76.83368823529412,226.67805856373377,0
20260930-210411-0c0ed5,2026-09-30T21:12:42,final,test,breakfast_box,breakfast_box/test/good/088,hf_assets/mvtec_loco/mvtec_loco_anomaly_detection/breakfast_box/test/good/088.png,normal,0,none,1,['breakfast_box/train/good/271'],0,none,1.0,True,sdpa,64,401408,Qwen/Qwen2.5-VL-3B-Instruct-AWQ,ok,,ANOMALOUS,1,ANOMALOUS,False,0.7214620883298022,-1.3631618022918701,-0.4114361492684111,35.30149999994592,383.00519999995686,2.678400000036163,456.1967999999297,269.5747999999867,62.55959999998595,877.1818999998686,1146.7566999998553,5,4.360122770593476,3557.0205078125,7854.0,1000,1000,"[500, 500]","[500, 500]",1148,74.75543939393933,91.1993335930754,0
20260930-210411-0c0ed5,2026-09-30T21:12:43,final,test,breakfast_box,breakfast_box/test/good/088,hf_assets/mvtec_loco/mvtec_loco_anomaly_detection/breakfast_box/test/good/088.png,normal,0,none,1,['breakfast_box/train/good/271'],0,visionzip,0.75,True,sdpa,64,401408,Qwen/Qwen2.5-VL-3B-Instruct-AWQ,ok,,ANOMALOUS,1,ANOMALOUS,False,0.6956379064270399,-1.2756922245025635,-0.44908103882335126,35.42609999999513,391.7046000000255,15.536399999973582,367.6924000000099,263.3328999999094,62.636300000008305,810.3595000000041,1073.6923999999135,5,4.656827225377029,3468.9521484375,7854.0,1000,750,"[500, 500]","[375, 375]",898,69.17250000000004,79.05794889224967,0
20260930-210411-0c0ed5,2026-09-30T21:12:45,final,test,breakfast_box,breakfast_box/test/good/088,hf_assets/mvtec_loco/mvtec_loco_anomaly_detection/breakfast_box/test/good/088.png,normal,0,none,1,['breakfast_box/train/good/271'],0,visionzip,0.5,True,sdpa,64,401408,Qwen/Qwen2.5-VL-3B-Instruct-AWQ,ok,,ANOMALOUS,1,ANOMALOUS,False,0.705474505993664,-1.3118678331375122,-0.438362765009515,36.49129999996603,380.2236000000221,15.25549999996656,249.7829000000138,256.99199999996836,57.37099999998918,681.7532999999685,938.7452999999368,5,5.326258357831817,3442.1181640625,7854.0,1000,500,"[500, 500]","[250, 250]",648,72.94428333333335,73.09603662038498,0
20260930-210411-0c0ed5,2026-09-30T21:12:46,final,test,breakfast_box,breakfast_box/test/good/088,hf_assets/mvtec_loco/mvtec_loco_anomaly_detection/breakfast_box/test/good/088.png,normal,0,none,1,['breakfast_box/train/good/271'],0,visionzip,0.25,True,sdpa,64,401408,Qwen/Qwen2.5-VL-3B-Instruct-AWQ,ok,,ANOMALOUS,1,ANOMALOUS,False,0.7850765671247664,-1.640815019607544,-0.34531560738105327,37.422200000037265,380.0036000000091,15.501499999913904,161.99730000005275,242.1002999999473,58.71769999998833,594.924600000013,837.0248999999603,5,5.973537943734096,3442.1181640625,7854.0,1000,250,"[500, 500]","[125, 125]",398,69.60509803921569,62.76181018090275,0
20260930-210411-0c0ed5,2026-09-30T21:12:47,final,test,breakfast_box,breakfast_box/test/good/088,hf_assets/mvtec_loco/mvtec_loco_anomaly_detection/breakfast_box/test/good/088.png,normal,0,none,2,"['breakfast_box/train/good/271', 'breakfast_box/train/good/248']",0,none,1.0,True,sdpa,64,401408,Qwen/Qwen2.5-VL-3B-Instruct-AWQ,ok,,ANOMALOUS,1,ANOMALOUS,False,0.6367436245065236,-1.0929627418518066,-0.5317044941475615,60.52010000007613,596.8609000000242,1.8989000000146916,822.3518999999442,249.558400000069,57.98210000000381,1481.6318000000592,1731.1902000001282,5,2.88818640493669,3811.6455078125,7854.0,1500,1500,"[500, 500, 500]","[500, 500, 500]",1657,76.58652000000001,137.637456759341,0
20260930-210411-0c0ed5,2026-09-30T21:12:48,final,test,breakfast_box,breakfast_box/test/good/088,hf_assets/mvtec_loco/mvtec_loco_anomaly_detection/breakfast_box/test/good/088.png,normal,0,none,2,"['breakfast_box/train/good/271', 'breakfast_box/train/good/248']",0,visionzip,0.75,True,sdpa,64,401408,Qwen/Qwen2.5-VL-3B-Instruct-AWQ,ok,,ANOMALOUS,1,ANOMALOUS,False,0.5885465982276158,-0.9631955623626709,-0.6052352312253788,55.82809999998517,590.0910999999951,22.699399999964953,562.0013999999856,236.98170000000118,60.94099999995706,1230.6199999999308,1467.601699999932,5,3.4069189208490505,3629.35791015625,7854.0,1500,1125,"[500, 500, 500]","[375, 375, 375]",1282,79.46790123456793,122.08948492580907,0
20260930-210411-0c0ed5,2026-09-30T21:12:50,final,test,breakfast_box,breakfast_box/test/good/088,hf_assets/mvtec_loco/mvtec_loco_anomaly_detection/breakfast_box/test/good/088.png,normal,0,none,2,"['breakfast_box/train/good/271', 'breakfast_box/train/good/248']",0,visionzip,0.5,True,sdpa,64,401408,Qwen/Qwen2.5-VL-3B-Instruct-AWQ,ok,,ANOMALOUS,1,ANOMALOUS,False,0.5998787702697427,-0.9915444254875183,-0.5865844157524407,60.16069999998308,588.6772999999721,22.397100000034698,370.1608999999735,235.9899000000496,65.6459999999015,1041.3959999999634,1277.385900000013,5,3.9142439258175226,3531.3291015625,7854.0,1500,750,"[500, 500, 500]","[250, 250, 250]",907,72.73702777777777,98.2918295787869,0
20260930-210411-0c0ed5,2026-09-30T21:12:51,final,test,breakfast_box,breakfast_box/test/good/088,hf_assets/mvtec_loco/mvtec_loco_anomaly_detection/breakfast_box/test/good/088.png,normal,0,none,2,"['breakfast_box/train/good/271', 'breakfast_box/train/good/248']",0,visionzip,0.25,True,sdpa,64,401408,Qwen/Qwen2.5-VL-3B-Instruct-AWQ,ok,,ANOMALOUS,1,ANOMALOUS,False,0.6439206057593058,-1.125638723373413,-0.5332170113688335,53.41020000003027,594.1904999999679,23.049399999990783,202.1045999999842,244.42409999994652,59.73030000006929,872.7546999999731,1117.1787999999196,5,4.4755593285518485,3531.3291015625,7854.0,1500,375,"[500, 500, 500]","[125, 125, 125]",532,71.3393333333333,84.62751120319815,0
20260930-210411-0c0ed5,2026-09-30T21:12:53,final,test,breakfast_box,breakfast_box/test/good/088,hf_assets/mvtec_loco/mvtec_loco_anomaly_detection/breakfast_box/test/good/088.png,normal,0,none,4,"['breakfast_box/train/good/271', 'breakfast_box/train/good/248', 'breakfast_box/train/good/267', 'breakfast_box/train/good/219']",0,none,1.0,True,sdpa,64,401408,Qwen/Qwen2.5-VL-3B-Instruct-AWQ,ok,,ANOMALOUS,1,ANOMALOUS,False,0.6148323416204775,-1.0215201377868652,-0.5538492382038385,91.95989999989251,1024.8832999999422,15.714199999933953,1630.1681999999573,252.9403999999431,64.45540000004257,2762.725599999726,3015.665999999669,5,1.6580085460394316,4561.287109375,7854.0,2500,2500,"[500, 500, 500, 500, 500]","[500, 500, 500, 500, 500]",2675,80.47242261904759,247.9623635949827,0
20260930-210411-0c0ed5,2026-09-30T21:12:56,final,test,breakfast_box,breakfast_box/test/good/063,hf_assets/mvtec_loco/mvtec_loco_anomaly_detection/breakfast_box/test/good/063.png,normal,0,none,4,"['breakfast_box/train/good/271', 'breakfast_box/train/good/248', 'breakfast_box/train/good/267', 'breakfast_box/train/good/219']",0,visionzip,0.5,True,sdpa,64,401408,Qwen/Qwen2.5-VL-3B-Instruct-AWQ,ok,,ANOMALOUS,1,ANOMALOUS,False,0.5503002417725311,-0.8613396883010864,-0.6594558210344985,83.39220000004843,1034.9131000000398,48.51079999991725,632.577099999935,247.26029999999355,67.96289999999772,1799.3931999999404,2046.653499999934,5,2.443012459119319,3711.10546875,7854.0,2500,1250,"[500, 500, 500, 500, 500]","[250, 250, 250, 250, 250]",1425,75.8269743589744,160.4813156071665,0
20260930-210411-0c0ed5,2026-09-30T21:12:58,final,test,breakfast_box,breakfast_box/test/good/063,hf_assets/mvtec_loco/mvtec_loco_anomaly_detection/breakfast_box/test/good/063.png,normal,0,none,4,"['breakfast_box/train/good/271', 'breakfast_box/train/good/248', 'breakfast_box/train/good/267', 'breakfast_box/train/good/219']",0,visionzip,0.25,True,sdpa,64,401408,Qwen/Qwen2.5-VL-3B-Instruct-AWQ,ok,,ANOMALOUS,1,ANOMALOUS,False,0.6651545950377843,-1.1608177423477173,-0.4744672025553882,85.63950000007026,1014.1671999999744,54.27789999998822,318.5352000000421,257.869899999946,61.532400000032794,1472.619800000075,1730.489700000021,5,2.889355539070784,3711.10546875,7854.0,2500,625,"[500, 500, 500, 500, 500]","[125, 125, 125, 125, 125]",800,73.61275471698109,132.0246301716872,0
20260930-210411-0c0ed5,2026-09-30T21:13:00,final,test,breakfast_box,breakfast_box/test/good/063,hf_assets/mvtec_loco/mvtec_loco_anomaly_detection/breakfast_box/test/good/063.png,normal,0,none,8,"['breakfast_box/train/good/271', 'breakfast_box/train/good/248', 'breakfast_box/train/good/267', 'breakfast_box/train/good/219', 'breakfast_box/train/good/145', 'breakfast_box/train/good/149', 'breakfast_box/train/good/056', 'breakfast_box/train/good/028']",0,none,1.0,True,sdpa,64,401408,Qwen/Qwen2.5-VL-3B-Instruct-AWQ,ok,,ANOMALOUS,1,ANOMALOUS,False,0.5733932954268446,-0.9131569862365723,-0.6174476477317512,155.47800000001644,1809.5886999999493,3.87039999998251,9816.542099999991,273.97450000000845,58.17889999991621,11785.47919999994,12059.453699999947,5,0.4146124795022864,6854.44287109375,7854.0,4500,4500,"[500, 500, 500, 500, 500, 500, 500, 500, 500]","[500, 500, 500, 500, 500, 500, 500, 500, 500]",4711,56.62640257879654,687.4909383061428,0
20260930-210411-0c0ed5,2026-09-30T21:13:12,final,test,breakfast_box,breakfast_box/test/good/063,hf_assets/mvtec_loco/mvtec_loco_anomaly_detection/breakfast_box/test/good/063.png,normal,0,none,8,"['breakfast_box/train/good/271', 'breakfast_box/train/good/248', 'breakfast_box/train/good/267', 'breakfast_box/train/good/219', 'breakfast_box/train/good/145', 'breakfast_box/train/good/149', 'breakfast_box/train/good/056', 'breakfast_box/train/good/028']",0,visionzip,0.75,True,sdpa,64,401408,Qwen/Qwen2.5-VL-3B-Instruct-AWQ,ok,,ANOMALOUS,1,ANOMALOUS,False,0.5734084176802883,-0.9132993817329407,-0.6175282219192013,159.63190000002214,1800.772199999983,91.30709999999453,2669.5674000000054,244.08449999998538,61.47199999998065,4721.278600000005,4965.3630999999905,5,1.00697570334786,5478.0888671875,7854.0,4500,3375,"[500, 500, 500, 500, 500, 500, 500, 500, 500]","[375, 375, 375, 375, 375, 375, 375, 375, 375]",3586,82.13508771929833,412.9957876786008,0
20260930-210411-0c0ed5,2026-09-30T21:13:17,final,test,breakfast_box,breakfast_box/test/good/063,hf_assets/mvtec_loco/mvtec_loco_anomaly_detection/breakfast_box/test/good/063.png,normal,0,none,8,"['breakfast_box/train/good/271', 'breakfast_box/train/good/248', 'breakfast_box/train/good/267', 'breakfast_box/train/good/219', 'breakfast_box/train/good/145', 'breakfast_box/train/good/149', 'breakfast_box/train/good/056', 'breakfast_box/train/good/028']",0,visionzip,0.5,True,sdpa,64,401408,Qwen/Qwen2.5-VL-3B-Instruct-AWQ,ok,,ANOMALOUS,1,ANOMALOUS,False,0.5386786772383749,-0.8284144401550293,-0.6733900058316067,151.55920000006518,1821.6148000000203,89.15090000004966,1470.9270999999262,256.49540000006255,58.556999999950676,3533.2520000000613,3789.747400000124,5,1.319349147122533,4403.93701171875,7854.0,4500,2250,"[500, 500, 500, 500, 500, 500, 500, 500, 500]","[250, 250, 250, 250, 250, 250, 250, 250, 250]",2461,79.7131999999999,306.86125635647625,0
20260930-210411-0c0ed5,2026-09-30T21:13:21,final,test,breakfast_box,breakfast_box/test/good/063,hf_assets/mvtec_loco/mvtec_loco_anomaly_detection/breakfast_box/test/good/063.png,normal,0,none,8,"['breakfast_box/train/good/271', 'breakfast_box/train/good/248', 'breakfast_box/train/good/267', 'breakfast_box/train/good/219', 'breakfast_box/train/good/145', 'breakfast_box/train/good/149', 'breakfast_box/train/good/056', 'breakfast_box/train/good/028']",0,visionzip,0.25,True,sdpa,64,401408,Qwen/Qwen2.5-VL-3B-Instruct-AWQ,ok,,ANOMALOUS,1,ANOMALOUS,False,0.6367473782299025,-1.0703439712524414,-0.5090694947866723,159.10039999994297,1807.5033999999732,85.75560000008409,578.9041999998972,242.70420000004833,58.887600000048224,2631.2635999998975,2873.967799999946,5,1.739755052231307,4069.875,7854.0,4500,1125,"[500, 500, 500, 500, 500, 500, 500, 500, 500]","[125, 125, 125, 125, 125, 125, 125, 125, 125]",1336,78.84186931818179,231.32052293146805,0
20260930-210411-0c0ed5,2026-09-30T21:13:24,final,test,breakfast_box,breakfast_box/test/good/063,hf_assets/mvtec_loco/mvtec_loco_anomaly_detection/breakfast_box/test/good/063.png,normal,0,none,1,['breakfast_box/train/good/271'],0,none,1.0,True,sdpa,64,401408,Qwen/Qwen2.5-VL-3B-Instruct-AWQ,ok,,ANOMALOUS,1,ANOMALOUS,False,0.6822569061378028,-1.2231345176696777,-0.45897141087334603,35.416699999927914,377.5608999999349,1.6246999999793843,456.1550000000807,238.36319999998068,59.810299999981,870.7572999999229,1109.1204999999036,5,4.508076444354274,3557.0205078125,7854.0,1000,1000,"[500, 500]","[500, 500]",1148,78.8417424242424,93.22230279059006,0
20260930-210411-0c0ed5,2026-09-30T21:13:25,final,test,breakfast_box,breakfast_box/test/good/063,hf_assets/mvtec_loco/mvtec_loco_anomaly_detection/breakfast_box/test/good/063.png,normal,0,none,1,['breakfast_box/train/good/271'],0,visionzip,0.75,True,sdpa,64,401408,Qwen/Qwen2.5-VL-3B-Instruct-AWQ,ok,,ANOMALOUS,1,ANOMALOUS,False,0.7428985497076921,-1.4406182765960693,-0.37952953786589205,35.035899999911635,379.71040000002176,15.490599999907317,367.4856000000091,237.32070000005479,62.443099999995866,797.7224999998498,1035.0431999999046,5,4.830716244501158,3468.9521484375,7854.0,1000,750,"[500, 500]","[375, 375]",898,73.47745901639341,81.09738012171574,0
20260930-210411-0c0ed5,2026-09-30T21:13:26,final,test,breakfast_box,breakfast_box/test/good/063,hf_assets/mvtec_loco/mvtec_loco_anomaly_detection/breakfast_box/test/good/063.png,normal,0,none,1,['breakfast_box/train/good/271'],0,visionzip,0.5,True,sdpa,64,401408,Qwen/Qwen2.5-VL-3B-Instruct-AWQ,ok,,ANOMALOUS,1,ANOMALOUS,False,0.7368858072584474,-1.4251118898391724,-0.3952670831931755,35.55269999992561,383.62019999999575,15.536900000029163,249.50489999991987,252.5107000000162,56.77390000005289,684.2146999998704,936.7253999998866,5,5.337743590598275,3442.1181640625,7854.0,1000,500,"[500, 500]","[250, 250]",648,67.8541016949153,67.97740616851564,0
20260930-210411-0c0ed5,2026-09-30T21:13:27,final,test,breakfast_box,breakfast_box/test/good/063,hf_assets/mvtec_loco/mvtec_loco_anomaly_detection/breakfast_box/test/good/063.png,normal,0,none,1,['breakfast_box/train/good/271'],0,visionzip,0.25,True,sdpa,64,401408,Qwen/Qwen2.5-VL-3B-Instruct-AWQ,ok,,ANOMALOUS,1,ANOMALOUS,False,0.821998371631065,-1.8257267475128174,-0.2957810318330303,36.74420000004375,378.5086999999976,17.15430000001561,161.83279999995648,245.1551000000336,63.42189999998027,594.2400000000134,839.395100000047,5,5.956670464242309,3442.1181640625,7854.0,1000,250,"[500, 500]","[125, 125]",398,65.75126666666674,59.73249434290296,0
20260930-210411-0c0ed5,2026-09-30T21:13:28,final,test,breakfast_box,breakfast_box/test/good/063,hf_assets/mvtec_loco/mvtec_loco_anomaly_detection/breakfast_box/test/good/063.png,normal,0,none,2,"['breakfast_box/train/good/271', 'breakfast_box/train/good/248']",0,none,1.0,True,sdpa,64,401408,Qwen/Qwen2.5-VL-3B-Instruct-AWQ,ok,,ANOMALOUS,1,ANOMALOUS,False,0.5656789053933153,-0.9050233364105225,-0.6407808340154588,53.32829999997557,592.325399999936,2.0961000000170316,822.2785000000385,274.43349999998645,54.260799999951814,1470.0282999999672,1744.4617999999537,5,2.866213522130512,3811.6455078125,7854.0,1500,1500,"[500, 500, 500]","[500, 500, 500]",1657,79.8216039603959,144.2443752998103,0
20260930-210411-0c0ed5,2026-09-30T21:13:30,final,test,breakfast_box,breakfast_box/test/good/063,hf_assets/mvtec_loco/mvtec_loco_anomaly_detection/breakfast_box/test/good/063.png,normal,0,none,2,"['breakfast_box/train/good/271', 'breakfast_box/train/good/248']",0,visionzip,0.75,True,sdpa,64,401408,Qwen/Qwen2.5-VL-3B-Instruct-AWQ,ok,,ANOMALOUS,1,ANOMALOUS,False,0.6257988461846928,-1.0605831146240234,-0.5463476243894547,53.52959999993345,600.0119999999924,25.59719999999288,561.9557999999643,264.0109000000166,65.99520000008852,1241.094599999883,1505.1054999998996,5,3.3220262632754536,3629.35791015625,7854.0,1500,1125,"[500, 500, 500]","[375, 375, 375]",1282,79.62510752688168,125.94527004078738,0
20260930-210411-0c0ed5,2026-09-30T21:13:31,final,test,breakfast_box,breakfast_box/test/good/063,hf_assets/mvtec_loco/mvtec_loco_anomaly_detection/breakfast_box/test/good/063.png,normal,0,none,2,"['breakfast_box/train/good/271', 'breakfast_box/train/good/248']",0,visionzip,0.5,True,sdpa,64,401408,Qwen/Qwen2.5-VL-3B-Instruct-AWQ,ok,,ANOMALOUS,1,ANOMALOUS,False,0.647488573900601,-1.1192413568496704,-0.5112232461106032,55.39680000003955,604.8170999999911,22.97149999992598,370.2097999999978,256.00760000008904,64.28080000000591,1053.3951999999545,1309.4028000000435,5,3.8185346785571515,3531.3291015625,7854.0,1500,750,"[500, 500, 500]","[250, 250, 250]",907,74.08421518987352,102.52034474412324,0
20260930-210411-0c0ed5,2026-09-30T21:13:33,final,test,breakfast_box,breakfast_box/test/good/063,hf_assets/mvtec_loco/mvtec_loco_anomaly_detection/breakfast_box/test/good/063.png,normal,0,none,2,"['breakfast_box/train/good/271', 'breakfast_box/train/good/248']",0,visionzip,0.25,True,sdpa,64,401408,Qwen/Qwen2.5-VL-3B-Instruct-AWQ,ok,,ANOMALOUS,1,ANOMALOUS,False,0.6474853685519297,-1.1339118480682373,-0.5259077806258574,52.602299999989555,599.5628000000579,22.86160000005566,201.78249999992204,259.7405000000208,63.94159999990734,876.8092000000252,1136.549700000046,5,4.399279679542213,3531.3291015625,7854.0,1500,375,"[500, 500, 500]","[125, 125, 125]",532,70.91957352941186,85.72796344804729,0
20260930-210411-0c0ed5,2026-09-30T21:13:34,final,test,breakfast_box,breakfast_box/test/good/063,hf_assets/mvtec_loco/mvtec_loco_anomaly_detection/breakfast_box/test/good/063.png,normal,0,none,4,"['breakfast_box/train/good/271', 'breakfast_box/train/good/248', 'breakfast_box/train/good/267', 'breakfast_box/train/good/219']",0,none,1.0,True,sdpa,64,401408,Qwen/Qwen2.5-VL-3B-Instruct-AWQ,ok,,ANOMALOUS,1,ANOMALOUS,False,0.5309128591095161,-0.8172431588172913,-0.6934338108403608,84.38760000001366,1016.2839999999278,13.56029999999464,1633.676600000058,243.1026000000429,53.565199999979995,2747.908499999994,2991.011100000037,5,1.6716755079912402,4561.287109375,7854.0,2500,2500,"[500, 500, 500, 500, 500]","[500, 500, 500, 500, 500]",2675,81.28742514970064,247.58244323353156,0
20260930-210411-0c0ed5,2026-09-30T21:13:37,final,test,breakfast_box,breakfast_box/test/good/063,hf_assets/mvtec_loco/mvtec_loco_anomaly_detection/breakfast_box/test/good/063.png,normal,0,none,4,"['breakfast_box/train/good/271', 'breakfast_box/train/good/248', 'breakfast_box/train/good/267', 'breakfast_box/train/good/219']",0,visionzip,0.75,True,sdpa,64,401408,Qwen/Qwen2.5-VL-3B-Instruct-AWQ,ok,,ANOMALOUS,1,ANOMALOUS,False,0.5502984437266922,-0.8610997200012207,-0.6592231184476987,83.86589999997796,1014.2203999999992,52.85309999999299,1146.4345999999068,235.62620000006973,56.54739999999947,2297.373999999877,2533.0001999999467,5,1.9739437841339709,4086.39990234375,7854.0,2500,1875,"[500, 500, 500, 500, 500]","[375, 375, 375, 375, 375]",2050,80.82300628930818,209.39318958470884,0
20260930-210411-0c0ed5,2026-09-30T21:13:40,final,test,breakfast_box,breakfast_box/test/good/072,hf_assets/mvtec_loco/mvtec_loco_anomaly_detection/breakfast_box/test/good/072.png,normal,0,none,4,"['breakfast_box/train/good/271', 'breakfast_box/train/good/248', 'breakfast_box/train/good/267', 'breakfast_box/train/good/219']",0,visionzip,0.25,True,sdpa,64,401408,Qwen/Qwen2.5-VL-3B-Instruct-AWQ,ok,,ANOMALOUS,1,ANOMALOUS,False,0.7215390325865204,-1.3492090702056885,-0.39710049086716026,88.54809999991176,1016.2187000000813,56.214300000078765,319.67249999991054,245.06269999994856,65.28339999999844,1480.6535999999824,1725.716299999931,5,2.8973476115397414,3711.10546875,7854.0,2500,625,"[500, 500, 500, 500, 500]","[125, 125, 125, 125, 125]",800,75.04627184466024,134.52086254067783,0
20260930-210411-0c0ed5,2026-09-30T21:13:42,final,test,breakfast_box,breakfast_box/test/good/072,hf_assets/mvtec_loco/mvtec_loco_anomaly_detection/breakfast_box/test/good/072.png,normal,0,none,8,"['breakfast_box/train/good/271', 'breakfast_box/train/good/248', 'breakfast_box/train/good/267', 'breakfast_box/train/good/219', 'breakfast_box/train/good/145', 'breakfast_box/train/good/149', 'breakfast_box/train/good/056', 'breakfast_box/train/good/028']",0,none,1.0,True,sdpa,64,401408,Qwen/Qwen2.5-VL-3B-Instruct-AWQ,ok,,ANOMALOUS,1,ANOMALOUS,False,0.5425652722746527,-0.8393564224243164,-0.6686822295887396,155.15479999999116,1797.2479000000021,4.504799999949682,9821.495000000028,273.23200000000725,60.78279999996994,11778.402499999971,12051.634499999978,5,0.414881483503338,6854.44287109375,7854.0,4500,4500,"[500, 500, 500, 500, 500, 500, 500, 500, 500]","[500, 500, 500, 500, 500, 500, 500, 500, 500]",4711,56.47051209103834,685.2786712714279,0
20260930-210411-0c0ed5,2026-09-30T21:13:54,final,test,breakfast_box,breakfast_box/test/good/072,hf_assets/mvtec_loco/mvtec_loco_anomaly_detection/breakfast_box/test/good/072.png,normal,0,none,8,"['breakfast_box/train/good/271', 'breakfast_box/train/good/248', 'breakfast_box/train/good/267', 'breakfast_box/train/good/219', 'breakfast_box/train/good/145', 'breakfast_box/train/good/149', 'breakfast_box/train/good/056', 'breakfast_box/train/good/028']",0,visionzip,0.75,True,sdpa,64,401408,Qwen/Qwen2.5-VL-3B-Instruct-AWQ,ok,,ANOMALOUS,1,ANOMALOUS,False,0.5503341894794095,-0.8574886322021484,-0.65546758484561,160.04980000002433,1814.5379999999705,93.46279999999751,2680.4875000000266,237.103100000013,55.72340000003351,4748.538100000019,4985.641200000032,5,1.0028800307571206,5478.0888671875,7854.0,4500,3375,"[500, 500, 500, 500, 500, 500, 500, 500, 500]","[375, 375, 375, 375, 375, 375, 375, 375, 375]",3586,82.40721333333325,415.55089912975757,0
20260930-210411-0c0ed5,2026-09-30T21:13:59,final,test,breakfast_box,breakfast_box/test/good/072,hf_assets/mvtec_loco/mvtec_loco_anomaly_detection/breakfast_box/test/good/072.png,normal,0,none,8,"['breakfast_box/train/good/271', 'breakfast_box/train/good/248', 'breakfast_box/train/good/267', 'breakfast_box/train/good/219', 'breakfast_box/train/good/145', 'breakfast_box/train/good/149', 'breakfast_box/train/good/056', 'breakfast_box/train/good/028']",0,visionzip,0.5,True,sdpa,64,401408,Qwen/Qwen2.5-VL-3B-Instruct-AWQ,ok,,ANOMALOUS,1,ANOMALOUS,False,0.6073889826257501,-0.9938061833381653,-0.5574561135144904,144.02670000004036,1813.9536999999564,90.4765000000225,1470.9636000000046,215.720000000033,57.793900000092435,3519.420500000024,3735.140500000057,5,1.3386377299595353,4403.93701171875,7854.0,4500,2250,"[500, 500, 500, 500, 500, 500, 500, 500, 500]","[250, 250, 250, 250, 250, 250, 250, 250, 250]",2461,80.3583506493507,304.90016213724573,0
20260930-210411-0c0ed5,2026-09-30T21:14:03,final,test,breakfast_box,breakfast_box/test/good/072,hf_assets/mvtec_loco/mvtec_loco_anomaly_detection/breakfast_box/test/good/072.png,normal,0,none,8,"['breakfast_box/train/good/271', 'breakfast_box/train/good/248', 'breakfast_box/train/good/267', 'breakfast_box/train/good/219', 'breakfast_box/train/good/145', 'breakfast_box/train/good/149', 'breakfast_box/train/good/056', 'breakfast_box/train/good/028']",0,visionzip,0.25,True,sdpa,64,401408,Qwen/Qwen2.5-VL-3B-Instruct-AWQ,ok,,ANOMALOUS,1,ANOMALOUS,False,0.675527077076859,-1.190153956413269,-0.4568628055276349,151.39410000006137,1792.7788999999166,83.97889999992003,579.0773999999601,225.69220000002588,65.48269999996137,2607.229299999858,2832.921499999884,5,1.7649624248325289,4069.875,7854.0,4500,1125,"[500, 500, 500, 500, 500, 500, 500, 500, 500]","[125, 125, 125, 125, 125, 125, 125, 125, 125]",1336,77.68770059880244,225.2573834661237,0
20260930-210411-0c0ed5,2026-09-30T21:14:05,final,test,breakfast_box,breakfast_box/test/good/072,hf_assets/mvtec_loco/mvtec_loco_anomaly_detection/breakfast_box/test/good/072.png,normal,0,none,1,['breakfast_box/train/good/271'],0,none,1.0,True,sdpa,64,401408,Qwen/Qwen2.5-VL-3B-Instruct-AWQ,ok,,ANOMALOUS,1,ANOMALOUS,False,0.7632469298443446,-1.5176560878753662,-0.34709217865020037,36.472300000014,382.03219999991234,1.7732000000023618,457.27149999993344,285.89959999999337,60.55140000000847,877.5491999998621,1163.4487999998555,5,4.297567714196465,3557.0205078125,7854.0,1000,1000,"[500, 500]","[500, 500]",1148,74.25695588235293,91.96891806748935,0
20260930-210411-0c0ed5,2026-09-30T21:14:07,final,test,breakfast_box,breakfast_box/test/good/072,hf_assets/mvtec_loco/mvtec_loco_anomaly_detection/breakfast_box/test/good/072.png,normal,0,none,1,['breakfast_box/train/good/271'],0,visionzip,0.75,True,sdpa,64,401408,Qwen/Qwen2.5-VL-3B-Instruct-AWQ,ok,,ANOMALOUS,1,ANOMALOUS,False,0.7246005539642791,-1.3750792741775513,-0.40768130600918084,37.28139999998348,388.92550000002757,15.335600000071281,367.78449999997065,266.9326999999839,64.25119999994422,809.327000000053,1076.259700000037,5,4.645718872498737,3468.9521484375,7854.0,1000,750,"[500, 500]","[375, 375]",898,70.334796875,80.62255507822702,0
20260930-210411-0c0ed5,2026-09-30T21:14:08,final,test,breakfast_box,breakfast_box/test/good/072,hf_assets/mvtec_loco/mvtec_loco_anomaly_detection/breakfast_box/test/good/072.png,normal,0,none,1,['breakfast_box/train/good/271'],0,visionzip,0.5,True,sdpa,64,401408,Qwen/Qwen2.5-VL-3B-Instruct-AWQ,ok,,ANOMALOUS,1,ANOMALOUS,False,0.7903319874889554,-1.6496773958206177,-0.32274968829005957,36.994800000002215,383.8709999999992,15.740100000016355,249.53319999997348,269.5705999999518,70.3108999999813,686.1390999999912,955.709699999943,5,5.231714191035518,3442.1181640625,7854.0,1000,500,"[500, 500]","[250, 250]",648,71.10227118644063,73.35075963884927,0
20260930-210411-0c0ed5,2026-09-30T21:14:09,final,test,breakfast_box,breakfast_box/test/good/072,hf_assets/mvtec_loco/mvtec_loco_anomaly_detection/breakfast_box/test/good/072.png,normal,0,none,1,['breakfast_box/train/good/271'],0,visionzip,0.25,True,sdpa,64,401408,Qwen/Qwen2.5-VL-3B-Instruct-AWQ,ok,,ANOMALOUS,1,ANOMALOUS,False,0.863250488482052,-2.0856029987335205,-0.2430489658145234,37.17710000000807,378.3786000000191,16.097500000000764,161.84799999996358,273.85549999996783,62.03300000004219,593.5011999999915,867.3566999999593,5,5.7646410064051326,3442.1181640625,7854.0,1000,250,"[500, 500]","[125, 125]",398,63.49040384615393,59.37252418637368,0
20260930-210411-0c0ed5,2026-09-30T21:14:10,final,test,breakfast_box,breakfast_box/test/good/072,hf_assets/mvtec_loco/mvtec_loco_anomaly_detection/breakfast_box/test/good/072.png,normal,0,none,2,"['breakfast_box/train/good/271', 'breakfast_box/train/good/248']",0,none,1.0,True,sdpa,64,401408,Qwen/Qwen2.5-VL-3B-Instruct-AWQ,ok,,ANOMALOUS,1,ANOMALOUS,False,0.5885596561871498,-0.9632237553596497,-0.6052095009945333,53.80170000000817,594.5665999998937,10.329699999942932,822.424700000056,250.63069999998788,72.300499999983,1481.1226999999008,1731.7533999998886,5,2.88724711035666,3811.6455078125,7854.0,1500,1500,"[500, 500, 500]","[500, 500, 500]",1657,76.97056249999999,138.94919138612102,0
20260930-210411-0c0ed5,2026-09-30T21:14:12,final,test,breakfast_box,breakfast_box/test/good/072,hf_assets/mvtec_loco/mvtec_loco_anomaly_detection/breakfast_box/test/good/072.png,normal,0,none,2,"['breakfast_box/train/good/271', 'breakfast_box/train/good/248']",0,visionzip,0.75,True,sdpa,64,401408,Qwen/Qwen2.5-VL-3B-Instruct-AWQ,ok,,ANOMALOUS,1,ANOMALOUS,False,0.6439266615179428,-1.1126725673675537,-0.5202244439860806,52.5915000000623,599.8941999999943,22.503000000028806,562.0420999999851,242.91809999999714,65.02639999996518,1237.0308000000705,1479.9489000000676,5,3.378495027767358,3629.35791015625,7854.0,1500,1125,"[500, 500, 500]","[375, 375, 375]",1282,77.3493975903614,120.12653826505786,0
20260930-210411-0c0ed5,2026-09-30T21:14:13,final,test,breakfast_box,breakfast_box/test/good/072,hf_assets/mvtec_loco/mvtec_loco_anomaly_detection/breakfast_box/test/good/072.png,normal,0,none,2,"['breakfast_box/train/good/271', 'breakfast_box/train/good/248']",0,visionzip,0.5,True,sdpa,64,401408,Qwen/Qwen2.5-VL-3B-Instruct-AWQ,ok,,ANOMALOUS,1,ANOMALOUS,False,0.7338866824228059,-1.4055896997451782,-0.3911572906654328,52.70450000000437,591.2918999999874,22.649499999943146,370.2299999999923,234.67759999994087,67.24419999989095,1036.8758999999272,1271.553499999868,5,3.9321978980833436,3531.3291015625,7854.0,1500,750,"[500, 500, 500]","[250, 250, 250]",907,75.02593150684926,101.03124732610418,0
20260930-210411-0c0ed5,2026-09-30T21:14:15,final,test,breakfast_box,breakfast_box/test/good/072,hf_assets/mvtec_loco/mvtec_loco_anomaly_detection/breakfast_box/test/good/072.png,normal,0,none,2,"['breakfast_box/train/good/271', 'breakfast_box/train/good/248']",0,visionzip,0.25,True,sdpa,64,401408,Qwen/Qwen2.5-VL-3B-Instruct-AWQ,ok,,ANOMALOUS,1,ANOMALOUS,False,0.6989998773918386,-1.2938923835754395,-0.45135248883161694,57.42259999999533,601.455900000019,22.892800000022362,201.80529999993269,237.77819999997973,68.81859999998596,883.5765999999694,1121.3547999999491,5,4.458892047370044,3531.3291015625,7854.0,1500,375,"[500, 500, 500]","[125, 125, 125]",532,74.00596923076918,88.66205957305262,0
20260930-210411-0c0ed5,2026-09-30T21:14:16,final,test,breakfast_box,breakfast_box/test/good/072,hf_assets/mvtec_loco/mvtec_loco_anomaly_detection/breakfast_box/test/good/072.png,normal,0,none,4,"['breakfast_box/train/good/271', 'breakfast_box/train/good/248', 'breakfast_box/train/good/267', 'breakfast_box/train/good/219']",0,none,1.0,True,sdpa,64,401408,Qwen/Qwen2.5-VL-3B-Instruct-AWQ,ok,,ANOMALOUS,1,ANOMALOUS,False,0.5464489457056801,-0.852157711982727,-0.6658246708102524,84.17740000004414,1006.9016000001056,14.118299999950068,1647.3572999999533,232.17969999996058,56.30339999993339,2752.554600000053,2984.7343000000137,5,1.6751909876869029,4561.287109375,7854.0,2500,2500,"[500, 500, 500, 500, 500]","[500, 500, 500, 500, 500]",2675,79.70602469135802,242.47495706877302,0
20260930-210411-0c0ed5,2026-09-30T21:14:19,final,test,breakfast_box,breakfast_box/test/good/072,hf_assets/mvtec_loco/mvtec_loco_anomaly_detection/breakfast_box/test/good/072.png,normal,0,none,4,"['breakfast_box/train/good/271', 'breakfast_box/train/good/248', 'breakfast_box/train/good/267', 'breakfast_box/train/good/219']",0,visionzip,0.75,True,sdpa,64,401408,Qwen/Qwen2.5-VL-3B-Instruct-AWQ,ok,,ANOMALOUS,1,ANOMALOUS,False,0.5657296713700395,-0.8973420262336731,-0.6328928917646408,85.67249999998694,1007.5426999999308,49.9274000000014,1142.9937999999993,238.26770000005126,69.83859999991182,2286.1363999999185,2524.4040999999697,5,1.9806654568498205,4086.39990234375,7854.0,2500,1875,"[500, 500, 500, 500, 500]","[375, 375, 375, 375, 375]",2050,81.43065986394556,211.35431998932114,0
20260930-210411-0c0ed5,2026-09-30T21:14:21,final,test,breakfast_box,breakfast_box/test/good/072,hf_assets/mvtec_loco/mvtec_loco_anomaly_detection/breakfast_box/test/good/072.png,normal,0,none,4,"['breakfast_box/train/good/271', 'breakfast_box/train/good/248', 'breakfast_box/train/good/267', 'breakfast_box/train/good/219']",0,visionzip,0.5,True,sdpa,64,401408,Qwen/Qwen2.5-VL-3B-Instruct-AWQ,ok,,ANOMALOUS,1,ANOMALOUS,False,0.6957241712515897,-1.2583348751068115,-0.43131622043438256,87.4592999999777,1013.9821000000211,52.84510000001319,632.7358999999433,256.0167999999976,63.07970000000296,1787.0223999999553,2043.0391999999529,5,2.447334343854056,3711.10546875,7854.0,2500,1250,"[500, 500, 500, 500, 500]","[250, 250, 250, 250, 250]",1425,79.00009917355375,166.47628488764596,0
20260930-210411-0c0ed5,2026-09-30T21:14:24,final,test,breakfast_box,breakfast_box/test/good/059,hf_assets/mvtec_loco/mvtec_loco_anomaly_detection/breakfast_box/test/good/059.png,normal,0,none,8,"['breakfast_box/train/good/271', 'breakfast_box/train/good/248', 'breakfast_box/train/good/267', 'breakfast_box/train/good/219', 'breakfast_box/train/good/145', 'breakfast_box/train/good/149', 'breakfast_box/train/good/056', 'breakfast_box/train/good/028']",0,none,1.0,True,sdpa,64,401408,Qwen/Qwen2.5-VL-3B-Instruct-AWQ,ok,,ANOMALOUS,1,ANOMALOUS,False,0.5810095273019256,-0.9270070791244507,-0.600088105769828,152.43359999999484,1820.7919000000174,6.647100000009232,9817.152100000043,273.3413999999357,56.84339999993426,11797.024700000064,12070.3661,5,0.4142376427173986,6854.44287109375,7854.0,4500,4500,"[500, 500, 500, 500, 500, 500, 500, 500, 500]","[500, 500, 500, 500, 500, 500, 500, 500, 500]",4711,57.0667204142012,693.2859641088681,0
20260930-210411-0c0ed5,2026-09-30T21:14:36,final,test,breakfast_box,breakfast_box/test/good/059,hf_assets/mvtec_loco/mvtec_loco_anomaly_detection/breakfast_box/test/good/059.png,normal,0,none,8,"['breakfast_box/train/good/271', 'breakfast_box/train/good/248', 'breakfast_box/train/good/267', 'breakfast_box/train/good/219', 'breakfast_box/train/good/145', 'breakfast_box/train/good/149', 'breakfast_box/train/good/056', 'breakfast_box/train/good/028']",0,visionzip,0.75,True,sdpa,64,401408,Qwen/Qwen2.5-VL-3B-Instruct-AWQ,ok,,ANOMALOUS,1,ANOMALOUS,False,0.5733891614233703,-0.9078567624092102,-0.6121643240330741,157.8281000000743,1801.8645000000788,92.87280000000919,2691.1532000000307,238.93809999992754,51.34689999999864,4743.718600000193,4982.6567000001205,5,1.0034807334809719,5478.0888671875,7854.0,4500,3375,"[500, 500, 500, 500, 500, 500, 500, 500, 500]","[375, 375, 375, 375, 375, 375, 375, 375, 375]",3586,80.60489583333334,405.86606774094975,0
20260930-210411-0c0ed5,2026-09-30T21:14:41,final,test,breakfast_box,breakfast_box/test/good/059,hf_assets/mvtec_loco/mvtec_loco_anomaly_detection/breakfast_box/test/good/059.png,normal,0,none,8,"['breakfast_box/train/good/271', 'breakfast_box/train/good/248', 'breakfast_box/train/good/267', 'breakfast_box/train/good/219', 'breakfast_box/train/good/145', 'breakfast_box/train/good/149', 'breakfast_box/train/good/056', 'breakfast_box/train/good/028']",0,visionzip,0.5,True,sdpa,64,401408,Qwen/Qwen2.5-VL-3B-Instruct-AWQ,ok,,ANOMALOUS,1,ANOMALOUS,False,0.5848076845319138,-0.933314323425293,-0.5907730982871726,157.44549999999435,1824.8347999999623,90.22289999995792,1471.1210000000392,245.94890000003033,75.00919999995403,3543.624199999954,3789.573099999984,5,1.3194098300940602,4403.93701171875,7854.0,4500,2250,"[500, 500, 500, 500, 500, 500, 500, 500, 500]","[250, 250, 250, 250, 250, 250, 250, 250, 250]",2461,79.58280630630624,307.6434294204699,0
20260930-210411-0c0ed5,2026-09-30T21:14:45,final,test,breakfast_box,breakfast_box/test/good/059,hf_assets/mvtec_loco/mvtec_loco_anomaly_detection/breakfast_box/test/good/059.png,normal,0,none,8,"['breakfast_box/train/good/271', 'breakfast_box/train/good/248', 'breakfast_box/train/good/267', 'breakfast_box/train/good/219', 'breakfast_box/train/good/145', 'breakfast_box/train/good/149', 'breakfast_box/train/good/056', 'breakfast_box/train/good/028']",0,visionzip,0.25,True,sdpa,64,401408,Qwen/Qwen2.5-VL-3B-Instruct-AWQ,ok,,ANOMALOUS,1,ANOMALOUS,False,0.6686067386429456,-1.1653237342834473,-0.4634334525326267,147.06149999994977,1832.4009000000387,88.8503999999557,579.3462999999974,275.1141999999618,59.62859999999637,2647.6590999999416,2922.7732999999034,5,1.7107040084156253,4069.875,7854.0,4500,1125,"[500, 500, 500, 500, 500, 500, 500, 500, 500]","[125, 125, 125, 125, 125, 125, 125, 125, 125]",1336,75.2331781609195,224.46215183158523,0
20260930-210411-0c0ed5,2026-09-30T21:14:48,final,test,breakfast_box,breakfast_box/test/good/059,hf_assets/mvtec_loco/mvtec_loco_anomaly_detection/breakfast_box/test/good/059.png,normal,0,none,1,['breakfast_box/train/good/271'],0,none,1.0,True,sdpa,64,401408,Qwen/Qwen2.5-VL-3B-Instruct-AWQ,ok,,ANOMALOUS,1,ANOMALOUS,False,0.6989562429051241,-1.2791104316711426,-0.43677791755180806,36.18430000005901,385.2743999999575,1.7066999999997279,456.5503000000035,249.5826000000534,64.68759999995655,879.7157000000198,1129.2983000000731,5,4.427528138490668,3557.0205078125,7854.0,1000,1000,"[500, 500]","[500, 500]",1148,73.92088235294116,89.10542171443964,0
20260930-210411-0c0ed5,2026-09-30T21:14:49,final,test,breakfast_box,breakfast_box/test/good/059,hf_assets/mvtec_loco/mvtec_loco_anomaly_detection/breakfast_box/test/good/059.png,normal,0,none,1,['breakfast_box/train/good/271'],0,visionzip,0.75,True,sdpa,64,401408,Qwen/Qwen2.5-VL-3B-Instruct-AWQ,ok,,ANOMALOUS,1,ANOMALOUS,False,0.6822447843777438,-1.2295383214950562,-0.4654311308404431,33.65439999993214,384.036100000003,16.749800000070536,367.6400999999032,230.98339999990003,64.5792000000256,802.0803999999089,1033.063799999809,5,4.839972129505385,3468.9521484375,7854.0,1000,750,"[500, 500]","[375, 375]",898,76.19227586206894,84.08569659142222,0
20260930-210411-0c0ed5,2026-09-30T21:14:50,final,test,breakfast_box,breakfast_box/test/good/059,hf_assets/mvtec_loco/mvtec_loco_anomaly_detection/breakfast_box/test/good/059.png,normal,0,none,1,['breakfast_box/train/good/271'],0,visionzip,0.5,True,sdpa,64,401408,Qwen/Qwen2.5-VL-3B-Instruct-AWQ,ok,,ANOMALOUS,1,ANOMALOUS,False,0.7151384102342303,-1.3443925380706787,-0.4239198457216844,39.13990000000922,375.38740000002235,15.862999999967542,249.88150000001497,251.77960000007715,55.866100000002916,680.2718000000141,932.0514000000912,5,5.364511013018714,3442.1181640625,7854.0,1000,500,"[500, 500]","[250, 250]",648,76.21387037037033,75.7712278326435,0
20260930-210411-0c0ed5,2026-09-30T21:14:51,final,test,breakfast_box,breakfast_box/test/good/059,hf_assets/mvtec_loco/mvtec_loco_anomaly_detection/breakfast_box/test/good/059.png,normal,0,none,1,['breakfast_box/train/good/271'],0,visionzip,0.25,True,sdpa,64,401408,Qwen/Qwen2.5-VL-3B-Instruct-AWQ,ok,,ANOMALOUS,1,ANOMALOUS,False,0.812656938327664,-1.7697674036026,-0.3023998436983675,37.269499999979416,414.17169999999714,16.10040000002755,161.5643000000091,241.29170000003342,59.77209999991828,629.1059000000132,870.3976000000466,5,5.7445011337344365,3442.1181640625,7854.0,1000,250,"[500, 500]","[125, 125]",398,73.6777547169811,69.12457999210308,0
20260930-210411-0c0ed5,2026-09-30T21:14:52,final,test,breakfast_box,breakfast_box/test/good/059,hf_assets/mvtec_loco/mvtec_loco_anomaly_detection/breakfast_box/test/good/059.png,normal,0,none,2,"['breakfast_box/train/good/271', 'breakfast_box/train/good/248']",0,none,1.0,True,sdpa,64,401408,Qwen/Qwen2.5-VL-3B-Instruct-AWQ,ok,,ANOMALOUS,1,ANOMALOUS,False,0.5885421582386832,-0.9654275178909302,-0.6074855217011645,52.49479999997675,598.8877999999431,1.8297999999958847,822.131200000058,233.43750000003638,54.243700000029094,1475.3435999999738,1708.7811000000102,5,2.926062325946823,3811.6455078125,7854.0,1500,1500,"[500, 500, 500]","[500, 500, 500]",1657,81.15408421052638,143.74488581383113,0
20260930-210411-0c0ed5,2026-09-30T21:14:54,final,test,breakfast_box,breakfast_box/test/good/059,hf_assets/mvtec_loco/mvtec_loco_anomaly_detection/breakfast_box/test/good/059.png,normal,0,none,2,"['breakfast_box/train/good/271', 'breakfast_box/train/good/248']",0,visionzip,0.75,True,sdpa,64,401408,Qwen/Qwen2.5-VL-3B-Instruct-AWQ,ok,,ANOMALOUS,1,ANOMALOUS,False,0.599833726314218,-0.9934467673301697,-0.5886744182789698,56.81249999997817,590.2342000000544,24.858499999936612,561.9821999999886,233.84649999991325,56.310700000040015,1233.8873999999578,1467.733899999871,5,3.406612056858835,3629.35791015625,7854.0,1500,1125,"[500, 500, 500]","[375, 375, 375]",1282,76.80415476190467,117.66186834181164,0
20260930-210411-0c0ed5,2026-09-30T21:14:55,final,test,breakfast_box,breakfast_box/test/good/059,hf_assets/mvtec_loco/mvtec_loco_anomaly_detection/breakfast_box/test/good/059.png,normal,0,none,2,"['breakfast_box/train/good/271', 'breakfast_box/train/good/248']",0,visionzip,0.5,True,sdpa,64,401408,Qwen/Qwen2.5-VL-3B-Instruct-AWQ,ok,,ANOMALOUS,1,ANOMALOUS,False,0.6035932273163156,-1.0031830072402954,-0.5827233886811882,52.16110000003482,599.3684999999687,23.151699999971243,370.11489999997593,235.49830000001748,58.29340000002503,1044.7961999999507,1280.2944999999681,5,3.9053514640577807,3531.3291015625,7854.0,1500,750,"[500, 500, 500]","[250, 250, 250]",907,78.09041791044768,105.24111306271571,0
20260930-210411-0c0ed5,2026-09-30T21:14:57,final,test,breakfast_box,breakfast_box/test/good/059,hf_assets/mvtec_loco/mvtec_loco_anomaly_detection/breakfast_box/test/good/059.png,normal,0,none,2,"['breakfast_box/train/good/271', 'breakfast_box/train/good/248']",0,visionzip,0.25,True,sdpa,64,401408,Qwen/Qwen2.5-VL-3B-Instruct-AWQ,ok,,ANOMALOUS,1,ANOMALOUS,False,0.5998475824325479,-1.0040981769561768,-0.5992681017378345,59.33670000001712,589.676099999906,23.055800000065574,202.09999999997308,265.6981000000087,57.98219999996945,874.1685999999618,1139.8666999999705,5,4.386477822363027,3531.3291015625,7854.0,1500,375,"[500, 500, 500]","[125, 125, 125]",532,72.2681969696969,87.13810117817748,0
20260930-210411-0c0ed5,2026-09-30T21:14:58,final,test,breakfast_box,breakfast_box/test/good/059,hf_assets/mvtec_loco/mvtec_loco_anomaly_detection/breakfast_box/test/good/059.png,normal,0,none,4,"['breakfast_box/train/good/271', 'breakfast_box/train/good/248', 'breakfast_box/train/good/267', 'breakfast_box/train/good/219']",0,none,1.0,True,sdpa,64,401408,Qwen/Qwen2.5-VL-3B-Instruct-AWQ,ok,,ANOMALOUS,1,ANOMALOUS,False,0.5733790870909535,-0.9133987426757812,-0.6177474887808785,93.25419999993301,1028.2823000000008,13.579300000060357,1638.5007000000087,239.23219999994672,67.38450000000284,2773.616500000003,3012.8486999999495,5,1.659558941675393,4561.287109375,7854.0,2500,2500,"[500, 500, 500, 500, 500]","[500, 500, 500, 500, 500]",2675,80.82669512195126,249.0599198876381,0
20260930-210411-0c0ed5,2026-09-30T21:15:01,final,test,breakfast_box,breakfast_box/test/good/059,hf_assets/mvtec_loco/mvtec_loco_anomaly_detection/breakfast_box/test/good/059.png,normal,0,none,4,"['breakfast_box/train/good/271', 'breakfast_box/train/good/248', 'breakfast_box/train/good/267', 'breakfast_box/train/good/219']",0,visionzip,0.75,True,sdpa,64,401408,Qwen/Qwen2.5-VL-3B-Instruct-AWQ,ok,,ANOMALOUS,1,ANOMALOUS,False,0.5733766697911499,-0.9113882780075073,-0.6157469061436132,85.5920999999853,1025.0325000000657,51.10350000006747,1143.2829999999967,240.67810000008194,63.401699999985794,2305.011100000115,2545.689200000197,5,1.9641046518952954,4086.39990234375,7854.0,2500,1875,"[500, 500, 500, 500, 500]","[375, 375, 375, 375, 375]",2050,79.46799305555565,207.43129708607393,0
20260930-210411-0c0ed5,2026-09-30T21:15:04,final,test,breakfast_box,breakfast_box/test/good/059,hf_assets/mvtec_loco/mvtec_loco_anomaly_detection/breakfast_box/test/good/059.png,normal,0,none,4,"['breakfast_box/train/good/271', 'breakfast_box/train/good/248', 'breakfast_box/train/good/267', 'breakfast_box/train/good/219']",0,visionzip,0.5,True,sdpa,64,401408,Qwen/Qwen2.5-VL-3B-Instruct-AWQ,ok,,ANOMALOUS,1,ANOMALOUS,False,0.5998980985829075,-0.9788681864738464,-0.5738276495831087,82.79459999994288,1039.5277000000078,49.97839999998632,632.6604000000771,243.6788999999635,58.531799999968825,1804.961100000014,2048.6399999999776,5,2.440643548890998,3711.10546875,7854.0,2500,1250,"[500, 500, 500, 500, 500]","[250, 250, 250, 250, 250]",1425,77.03656198347113,162.4150743032543,0
20260930-210411-0c0ed5,2026-09-30T21:15:06,final,test,breakfast_box,breakfast_box/test/good/059,hf_assets/mvtec_loco/mvtec_loco_anomaly_detection/breakfast_box/test/good/059.png,normal,0,none,4,"['breakfast_box/train/good/271', 'breakfast_box/train/good/248', 'breakfast_box/train/good/267', 'breakfast_box/train/good/219']",0,visionzip,0.25,True,sdpa,64,401408,Qwen/Qwen2.5-VL-3B-Instruct-AWQ,ok,,ANOMALOUS,1,ANOMALOUS,False,0.6924032558605671,-1.2475916147232056,-0.4362127420026809,84.2106000000058,1018.2716000000482,54.66260000002876,319.7791000000052,278.69269999996504,62.13509999997768,1476.923900000088,1755.616600000053,5,2.8480022346563874,3711.10546875,7854.0,2500,625,"[500, 500, 500, 500, 500]","[125, 125, 125, 125, 125]",800,74.70510309278349,135.87998396840297,0
20260930-210411-0c0ed5,2026-09-30T21:15:08,final,test,breakfast_box,breakfast_box/test/good/022,hf_assets/mvtec_loco/mvtec_loco_anomaly_detection/breakfast_box/test/good/022.png,normal,0,none,8,"['breakfast_box/train/good/271', 'breakfast_box/train/good/248', 'breakfast_box/train/good/267', 'breakfast_box/train/good/219', 'breakfast_box/train/good/145', 'breakfast_box/train/good/149', 'breakfast_box/train/good/056', 'breakfast_box/train/good/028']",0,visionzip,0.75,True,sdpa,64,401408,Qwen/Qwen2.5-VL-3B-Instruct-AWQ,ok,,ANOMALOUS,1,ANOMALOUS,False,0.5386885637348524,-0.8283786177635193,-0.6733143993187696,156.7818000000898,1823.4231000000136,66.52370000006158,2671.388200000024,241.24360000007528,59.549300000071526,4718.116800000189,4959.360400000264,5,1.0081945244390251,5478.0888671875,7854.0,4500,3375,"[500, 500, 500, 500, 500, 500, 500, 500, 500]","[375, 375, 375, 375, 375, 375, 375, 375, 375]",3586,82.47577777777786,416.41748029932944,0
20260930-210411-0c0ed5,2026-09-30T21:15:13,final,test,breakfast_box,breakfast_box/test/good/022,hf_assets/mvtec_loco/mvtec_loco_anomaly_detection/breakfast_box/test/good/022.png,normal,0,none,8,"['breakfast_box/train/good/271', 'breakfast_box/train/good/248', 'breakfast_box/train/good/267', 'breakfast_box/train/good/219', 'breakfast_box/train/good/145', 'breakfast_box/train/good/149', 'breakfast_box/train/good/056', 'breakfast_box/train/good/028']",0,visionzip,0.5,True,sdpa,64,401408,Qwen/Qwen2.5-VL-3B-Instruct-AWQ,ok,,ANOMALOUS,1,ANOMALOUS,False,0.5464314688974746,-0.8431882262229919,-0.6569257006049156,156.05630000004567,1801.3277999999673,89.52309999995123,1485.6432999999925,254.96480000003885,73.40570000008029,3532.5504999999566,3787.5152999999955,5,1.3201266804123553,4403.93701171875,7854.0,4500,2250,"[500, 500, 500, 500, 500, 500, 500, 500, 500]","[250, 250, 250, 250, 250, 250, 250, 250, 250]",2461,80.22096444444445,309.8241624262579,0
20260930-210411-0c0ed5,2026-09-30T21:15:17,final,test,breakfast_box,breakfast_box/test/good/022,hf_assets/mvtec_loco/mvtec_loco_anomaly_detection/breakfast_box/test/good/022.png,normal,0,none,8,"['breakfast_box/train/good/271', 'breakfast_box/train/good/248', 'breakfast_box/train/good/267', 'breakfast_box/train/good/219', 'breakfast_box/train/good/145', 'breakfast_box/train/good/149', 'breakfast_box/train/good/056', 'breakfast_box/train/good/028']",0,visionzip,0.25,True,sdpa,64,401408,Qwen/Qwen2.5-VL-3B-Instruct-AWQ,ok,,ANOMALOUS,1,ANOMALOUS,False,0.6651433125536197,-1.1528265476226807,-0.46652666421141475,150.2479000000676,1835.8585999999377,87.64829999995527,583.5033999999268,258.11799999996765,72.4844999999732,2657.2581999998874,2915.376199999855,5,1.7150445283871936,4069.875,7854.0,4500,1125,"[500, 500, 500, 500, 500, 500, 500, 500, 500]","[125, 125, 125, 125, 125, 125, 125, 125, 125]",1336,77.20175581395341,230.75834102005905,0
20260930-210411-0c0ed5,2026-09-30T21:15:20,final,test,breakfast_box,breakfast_box/test/good/022,hf_assets/mvtec_loco/mvtec_loco_anomaly_detection/breakfast_box/test/good/022.png,normal,0,none,1,['breakfast_box/train/good/271'],0,none,1.0,True,sdpa,64,401408,Qwen/Qwen2.5-VL-3B-Instruct-AWQ,ok,,ANOMALOUS,1,ANOMALOUS,False,0.7245955857327415,-1.3676772117614746,-0.40030414005741477,36.706900000012865,382.22989999997026,1.5528000000131215,456.3294000000724,252.02729999989515,64.20879999996032,876.8190000000686,1128.8462999999638,5,4.429300959749932,3557.0205078125,7854.0,1000,1000,"[500, 500]","[500, 500]",1148,74.77125806451613,90.07985814651167,0
20260930-210411-0c0ed5,2026-09-30T21:15:21,final,test,breakfast_box,breakfast_box/test/good/022,hf_assets/mvtec_loco/mvtec_loco_anomaly_detection/breakfast_box/test/good/022.png,normal,0,none,1,['breakfast_box/train/good/271'],0,visionzip,0.75,True,sdpa,64,401408,Qwen/Qwen2.5-VL-3B-Instruct-AWQ,ok,,ANOMALOUS,1,ANOMALOUS,False,0.6889956463770492,-1.2515217065811157,-0.4560936652123928,37.89019999999255,376.27679999991415,16.775200000097357,367.59280000001127,230.16480000001138,59.02990000004138,798.5350000000153,1028.6998000000267,5,4.860504493147437,3468.9521484375,7854.0,1000,750,"[500, 500]","[375, 375]",898,76.22687931034478,83.45689209529824,0
20260930-210411-0c0ed5,2026-09-30T21:15:22,final,test,breakfast_box,breakfast_box/test/good/022,hf_assets/mvtec_loco/mvtec_loco_anomaly_detection/breakfast_box/test/good/022.png,normal,0,none,1,['breakfast_box/train/good/271'],0,visionzip,0.5,True,sdpa,64,401408,Qwen/Qwen2.5-VL-3B-Instruct-AWQ,ok,,ANOMALOUS,1,ANOMALOUS,False,0.6580641284827352,-1.169141173362732,-0.5144619963830337,37.39440000003924,377.3301999999603,15.550899999993817,249.56459999998515,239.40449999997782,63.143100000047525,679.8400999999785,919.2445999999563,5,5.439248704860749,3442.1181640625,7854.0,1000,500,"[500, 500]","[250, 250]",648,71.93775862068964,71.08906571958457,0
20260930-210411-0c0ed5,2026-09-30T21:15:23,final,test,breakfast_box,breakfast_box/test/good/022,hf_assets/mvtec_loco/mvtec_loco_anomaly_detection/breakfast_box/test/good/022.png,normal,0,none,1,['breakfast_box/train/good/271'],0,visionzip,0.25,True,sdpa,64,401408,Qwen/Qwen2.5-VL-3B-Instruct-AWQ,ok,,ANOMALOUS,1,ANOMALOUS,False,0.7214436155287239,-1.3870725631713867,-0.4354388335486874,38.081900000065616,377.2917000000007,15.699599999948077,161.75209999994422,227.45310000004793,63.603100000023005,592.8252999999586,820.2784000000065,5,6.095491481916335,3442.1181640625,7854.0,1000,250,"[500, 500]","[125, 125]",398,71.6631020408163,63.75759410549853,0
20260930-210411-0c0ed5,2026-09-30T21:15:24,final,test,breakfast_box,breakfast_box/test/good/022,hf_assets/mvtec_loco/mvtec_loco_anomaly_detection/breakfast_box/test/good/022.png,normal,0,none,2,"['breakfast_box/train/good/271', 'breakfast_box/train/good/248']",0,none,1.0,True,sdpa,64,401408,Qwen/Qwen2.5-VL-3B-Instruct-AWQ,ok,,ANOMALOUS,1,ANOMALOUS,False,0.5998604518386778,-0.994393527507782,-0.5895098362816498,63.76839999995809,597.3132999999962,1.8967000000884582,827.6733000000149,232.2451000000001,68.67060000001857,1490.6517000000576,1722.8968000000577,5,2.902089086241168,3811.6455078125,7854.0,1500,1500,"[500, 500, 500]","[500, 500, 500]",1657,76.05793877551022,136.86457994608799,0
20260930-210411-0c0ed5,2026-09-30T21:15:26,final,test,breakfast_box,breakfast_box/test/good/022,hf_assets/mvtec_loco/mvtec_loco_anomaly_detection/breakfast_box/test/good/022.png,normal,0,none,2,"['breakfast_box/train/good/271', 'breakfast_box/train/good/248']",0,visionzip,0.75,True,sdpa,64,401408,Qwen/Qwen2.5-VL-3B-Instruct-AWQ,ok,,ANOMALOUS,1,ANOMALOUS,False,0.6110395561975377,-1.0241048336029053,-0.5724207879975438,59.7538000000668,589.9979999999232,25.4327000000103,562.2005999999828,258.3912000000055,64.10779999998795,1237.3850999999831,1495.7762999999886,5,3.342745837061356,3629.35791015625,7854.0,1500,1125,"[500, 500, 500]","[375, 375, 375]",1282,75.27261249999994,118.0262670927276,0
20260930-210411-0c0ed5,2026-09-30T21:15:27,final,test,breakfast_box,breakfast_box/test/good/022,hf_assets/mvtec_loco/mvtec_loco_anomaly_detection/breakfast_box/test/good/022.png,normal,0,none,2,"['breakfast_box/train/good/271', 'breakfast_box/train/good/248']",0,visionzip,0.5,True,sdpa,64,401408,Qwen/Qwen2.5-VL-3B-Instruct-AWQ,ok,,ANOMALOUS,1,ANOMALOUS,False,0.5923156047252959,-0.9723020792007446,-0.5987558043561876,53.774200000020755,596.2968000000046,23.19790000001376,370.4462999999123,271.9337999999425,70.5159999999978,1043.7151999999514,1315.648999999894,5,3.800405731316182,3531.3291015625,7854.0,1500,750,"[500, 500, 500]","[250, 250, 250]",907,72.23988,100.91017628684622,0
20260930-210411-0c0ed5,2026-09-30T21:15:29,final,test,breakfast_box,breakfast_box/test/good/022,hf_assets/mvtec_loco/mvtec_loco_anomaly_detection/breakfast_box/test/good/022.png,normal,0,none,2,"['breakfast_box/train/good/271', 'breakfast_box/train/good/248']",0,visionzip,0.25,True,sdpa,64,401408,Qwen/Qwen2.5-VL-3B-Instruct-AWQ,ok,,ANOMALOUS,1,ANOMALOUS,False,0.6330779607396821,-1.0958592891693115,-0.5504151122877374,54.30030000002262,594.7753000000375,23.50360000002638,203.04759999999078,258.6401000000933,65.58559999996305,875.6268000000773,1134.2669000001706,5,4.408133570678337,3531.3291015625,7854.0,1500,375,"[500, 500, 500]","[125, 125, 125]",532,72.30032835820897,87.44820874361457,0
20260930-210411-0c0ed5,2026-09-30T21:15:30,final,test,breakfast_box,breakfast_box/test/good/022,hf_assets/mvtec_loco/mvtec_loco_anomaly_detection/breakfast_box/test/good/022.png,normal,0,none,4,"['breakfast_box/train/good/271', 'breakfast_box/train/good/248', 'breakfast_box/train/good/267', 'breakfast_box/train/good/219']",0,none,1.0,True,sdpa,64,401408,Qwen/Qwen2.5-VL-3B-Instruct-AWQ,ok,,ANOMALOUS,1,ANOMALOUS,False,0.614826278054854,-1.0193581581115723,-0.5517128632636741,86.58229999991818,1024.6671999999535,13.210100000037528,1636.0068000000183,238.60899999999674,63.780599999972765,2760.4663999999275,2999.0753999999242,5,1.667180491694249,4561.287109375,7854.0,2500,2500,"[500, 500, 500, 500, 500]","[500, 500, 500, 500, 500]",2675,82.73743636363633,253.52717170680828,0
20260930-210411-0c0ed5,2026-09-30T21:15:33,final,test,breakfast_box,breakfast_box/test/good/022,hf_assets/mvtec_loco/mvtec_loco_anomaly_detection/breakfast_box/test/good/022.png,normal,0,none,4,"['breakfast_box/train/good/271', 'breakfast_box/train/good/248', 'breakfast_box/train/good/267', 'breakfast_box/train/good/219']",0,visionzip,0.75,True,sdpa,64,401408,Qwen/Qwen2.5-VL-3B-Instruct-AWQ,ok,,ANOMALOUS,1,ANOMALOUS,False,0.5998931017797896,-0.9814759492874146,-0.5764562305994332,89.47569999997995,1008.8050999999041,52.86390000003394,1142.8932999999688,229.39240000005157,56.482800000026145,2294.037999999887,2523.4303999999383,5,1.981429723601698,4086.39990234375,7854.0,2500,1875,"[500, 500, 500, 500, 500]","[375, 375, 375, 375, 375]",2050,80.85950359712236,208.70476668496062,0
20260930-210411-0c0ed5,2026-09-30T21:15:36,final,test,breakfast_box,breakfast_box/test/good/022,hf_assets/mvtec_loco/mvtec_loco_anomaly_detection/breakfast_box/test/good/022.png,normal,0,none,4,"['breakfast_box/train/good/271', 'breakfast_box/train/good/248', 'breakfast_box/train/good/267', 'breakfast_box/train/good/219']",0,visionzip,0.5,True,sdpa,64,401408,Qwen/Qwen2.5-VL-3B-Instruct-AWQ,ok,,ANOMALOUS,1,ANOMALOUS,False,0.5733634724843923,-0.914868950843811,-0.6192815299145877,87.34720000006746,1020.0623999999152,46.1612999999943,637.6393000000462,264.20949999999266,53.025800000000345,1791.2102000000232,2055.419700000016,5,2.4325932071196754,3711.10546875,7854.0,2500,1250,"[500, 500, 500, 500, 500]","[250, 250, 250, 250, 250]",1425,77.24263114754096,162.9562917192451,0
20260930-210411-0c0ed5,2026-09-30T21:15:38,final,test,breakfast_box,breakfast_box/test/good/022,hf_assets/mvtec_loco/mvtec_loco_anomaly_detection/breakfast_box/test/good/022.png,normal,0,none,4,"['breakfast_box/train/good/271', 'breakfast_box/train/good/248', 'breakfast_box/train/good/267', 'breakfast_box/train/good/219']",0,visionzip,0.25,True,sdpa,64,401408,Qwen/Qwen2.5-VL-3B-Instruct-AWQ,ok,,ANOMALOUS,1,ANOMALOUS,False,0.6957187887101655,-1.257166862487793,-0.4301736339693889,87.77409999993324,1009.9751000000197,51.196499999946354,318.5040000000754,247.23310000001675,64.63729999995849,1467.4496999999747,1714.6827999999914,5,2.9159912258990555,3711.10546875,7854.0,2500,625,"[500, 500, 500, 500, 500]","[125, 125, 125, 125, 125]",800,76.38741121495335,136.00013928836336,0
20260930-210411-0c0ed5,2026-09-30T21:15:40,final,test,breakfast_box,breakfast_box/test/good/022,hf_assets/mvtec_loco/mvtec_loco_anomaly_detection/breakfast_box/test/good/022.png,normal,0,none,8,"['breakfast_box/train/good/271', 'breakfast_box/train/good/248', 'breakfast_box/train/good/267', 'breakfast_box/train/good/219', 'breakfast_box/train/good/145', 'breakfast_box/train/good/149', 'breakfast_box/train/good/056', 'breakfast_box/train/good/028']",0,none,1.0,True,sdpa,64,401408,Qwen/Qwen2.5-VL-3B-Instruct-AWQ,ok,,ANOMALOUS,1,ANOMALOUS,False,0.5772118552152442,-0.9209631085395813,-0.6096249565016478,167.85540000000765,1820.8284999999478,4.0072999998983505,9796.942899999976,276.9068000000061,62.350100000003295,11789.63409999983,12066.540899999836,5,0.41436895970742266,6854.44287109375,7854.0,4500,4500,"[500, 500, 500, 500, 500, 500, 500, 500, 500]","[500, 500, 500, 500, 500, 500, 500, 500, 500]",4711,57.3609897360704,697.0853761022304,0
20260930-210411-0c0ed5,2026-09-30T21:15:52,final,test,breakfast_box,breakfast_box/test/good/100,hf_assets/mvtec_loco/mvtec_loco_anomaly_detection/breakfast_box/test/good/100.png,normal,0,none,8,"['breakfast_box/train/good/271', 'breakfast_box/train/good/248', 'breakfast_box/train/good/267', 'breakfast_box/train/good/219', 'breakfast_box/train/good/145', 'breakfast_box/train/good/149', 'breakfast_box/train/good/056', 'breakfast_box/train/good/028']",0,visionzip,0.5,True,sdpa,64,401408,Qwen/Qwen2.5-VL-3B-Instruct-AWQ,ok,,ANOMALOUS,1,ANOMALOUS,False,0.5848059507183554,-0.9341537952423096,-0.5916197107871994,149.90230000000793,1824.3724000000157,91.1630000000514,1471.0330999999996,244.1880000000083,64.85159999999723,3536.4708000000746,3780.658800000083,5,1.3225208262644306,4403.93701171875,7854.0,4500,2250,"[500, 500, 500, 500, 500, 500, 500, 500, 500]","[250, 250, 250, 250, 250, 250, 250, 250, 250]",2461,80.07002325581402,308.0271134834525,0
20260930-210411-0c0ed5,2026-09-30T21:15:56,final,test,breakfast_box,breakfast_box/test/good/100,hf_assets/mvtec_loco/mvtec_loco_anomaly_detection/breakfast_box/test/good/100.png,normal,0,none,8,"['breakfast_box/train/good/271', 'breakfast_box/train/good/248', 'breakfast_box/train/good/267', 'breakfast_box/train/good/219', 'breakfast_box/train/good/145', 'breakfast_box/train/good/149', 'breakfast_box/train/good/056', 'breakfast_box/train/good/028']",0,visionzip,0.25,True,sdpa,64,401408,Qwen/Qwen2.5-VL-3B-Instruct-AWQ,ok,,ANOMALOUS,1,ANOMALOUS,False,0.6439564016574575,-1.093766689300537,-0.5011888553854078,153.2316999999921,1812.0161999999027,89.81200000005174,579.0624999999636,243.03120000001854,54.787000000033004,2634.12239999991,2877.1535999999287,5,1.737828665108503,4069.875,7854.0,4500,1125,"[500, 500, 500, 500, 500, 500, 500, 500, 500]","[125, 125, 125, 125, 125, 125, 125, 125, 125]",1336,76.38891764705879,224.07730310848328,0
20260930-210411-0c0ed5,2026-09-30T21:15:59,final,test,breakfast_box,breakfast_box/test/good/100,hf_assets/mvtec_loco/mvtec_loco_anomaly_detection/breakfast_box/test/good/100.png,normal,0,none,1,['breakfast_box/train/good/271'],0,none,1.0,True,sdpa,64,401408,Qwen/Qwen2.5-VL-3B-Instruct-AWQ,ok,,ANOMALOUS,1,ANOMALOUS,False,0.777083657895242,-1.5744585990905762,-0.3257071402622387,35.453499999903215,376.95719999999255,1.5993000000662505,456.68160000002445,236.45049999993262,60.84900000007565,870.6915999999865,1107.142099999919,5,4.516132120710038,3557.0205078125,7854.0,1000,1000,"[500, 500]","[500, 500]",1148,74.38916923076924,87.68289315706247,0
20260930-210411-0c0ed5,2026-09-30T21:16:00,final,test,breakfast_box,breakfast_box/test/good/100,hf_assets/mvtec_loco/mvtec_loco_anomaly_detection/breakfast_box/test/good/100.png,normal,0,none,1,['breakfast_box/train/good/271'],0,visionzip,0.75,True,sdpa,64,401408,Qwen/Qwen2.5-VL-3B-Instruct-AWQ,ok,,ANOMALOUS,1,ANOMALOUS,False,0.7488322986097706,-1.463531732559204,-0.3711375235579908,37.73390000003474,380.8496000000332,15.457000000083099,368.31119999999373,235.0407000000132,59.314599999993334,802.3517000001448,1037.392400000158,5,4.819776971567594,3468.9521484375,7854.0,1000,750,"[500, 500]","[375, 375]",898,75.96039344262296,83.74994948521815,0
20260930-210411-0c0ed5,2026-09-30T21:16:01,final,test,breakfast_box,breakfast_box/test/good/100,hf_assets/mvtec_loco/mvtec_loco_anomaly_detection/breakfast_box/test/good/100.png,normal,0,none,1,['breakfast_box/train/good/271'],0,visionzip,0.5,True,sdpa,64,401408,Qwen/Qwen2.5-VL-3B-Instruct-AWQ,ok,,ANOMALOUS,1,ANOMALOUS,False,0.6545498303294828,-1.1471244096755981,-0.5080250983592123,39.57019999995737,371.9799000000421,15.546500000027663,249.48380000000725,232.97039999999924,58.133600000019214,676.5804000000344,909.5508000000336,5,5.497219066818275,3442.1181640625,7854.0,1000,500,"[500, 500]","[250, 250]",648,65.55070000000005,63.83224906908002,0
20260930-210411-0c0ed5,2026-09-30T21:16:02,final,test,breakfast_box,breakfast_box/test/good/100,hf_assets/mvtec_loco/mvtec_loco_anomaly_detection/breakfast_box/test/good/100.png,normal,0,none,1,['breakfast_box/train/good/271'],0,visionzip,0.25,True,sdpa,64,401408,Qwen/Qwen2.5-VL-3B-Instruct-AWQ,ok,,ANOMALOUS,1,ANOMALOUS,False,0.7022196556808888,-1.3162486553192139,-0.4583585155196488,37.01689999991231,374.98070000003736,15.26970000008987,161.83940000007624,228.57409999994616,56.13050000010844,589.1067000001158,817.6808000000619,5,6.11485557689458,3442.1181640625,7854.0,1000,250,"[500, 500]","[125, 125]",398,72.03020408163266,63.36111691468824,0
20260930-210411-0c0ed5,2026-09-30T21:16:03,final,test,breakfast_box,breakfast_box/test/good/100,hf_assets/mvtec_loco/mvtec_loco_anomaly_detection/breakfast_box/test/good/100.png,normal,0,none,2,"['breakfast_box/train/good/271', 'breakfast_box/train/good/248']",0,none,1.0,True,sdpa,64,401408,Qwen/Qwen2.5-VL-3B-Instruct-AWQ,ok,,ANOMALOUS,1,ANOMALOUS,False,0.6439372655509926,-1.1103370189666748,-0.5178426470374689,53.63220000003821,588.3527000000868,1.968799999986004,822.4526999999853,243.87630000001081,65.83239999997659,1466.4064000000963,1710.282700000107,5,2.9234932914889957,3811.6455078125,7854.0,1500,1500,"[500, 500, 500]","[500, 500, 500]",1657,81.91212621359226,146.33413769289803,0
20260930-210411-0c0ed5,2026-09-30T21:16:05,final,test,breakfast_box,breakfast_box/test/good/100,hf_assets/mvtec_loco/mvtec_loco_anomaly_detection/breakfast_box/test/good/100.png,normal,0,none,2,"['breakfast_box/train/good/271', 'breakfast_box/train/good/248']",0,visionzip,0.75,True,sdpa,64,401408,Qwen/Qwen2.5-VL-3B-Instruct-AWQ,ok,,ANOMALOUS,1,ANOMALOUS,False,0.6616261871960541,-1.162714958190918,-0.4921654730569571,54.56390000006195,591.2121999999727,23.373300000002928,562.1849000000338,254.69169999996666,60.04110000003493,1231.3343000000714,1486.026000000038,5,3.364678679915339,3629.35791015625,7854.0,1500,1125,"[500, 500, 500]","[375, 375, 375]",1282,76.85704444444445,119.46090246316018,0
20260930-210411-0c0ed5,2026-09-30T21:16:06,final,test,breakfast_box,breakfast_box/test/good/100,hf_assets/mvtec_loco/mvtec_loco_anomaly_detection/breakfast_box/test/good/100.png,normal,0,none,2,"['breakfast_box/train/good/271', 'breakfast_box/train/good/248']",0,visionzip,0.5,True,sdpa,64,401408,Qwen/Qwen2.5-VL-3B-Instruct-AWQ,ok,,ANOMALOUS,1,ANOMALOUS,False,0.6147494727180396,-1.029634952545166,-0.5623139720410109,52.85409999999047,599.9734999999191,24.79679999999007,370.02350000000206,261.7475000000695,65.27429999994183,1047.6478999999017,1309.3953999999712,5,3.818556258865817,3531.3291015625,7854.0,1500,750,"[500, 500, 500]","[250, 250, 250]",907,75.57707575757577,104.53698683925028,0
20260930-210411-0c0ed5,2026-09-30T21:16:08,final,test,breakfast_box,breakfast_box/test/good/100,hf_assets/mvtec_loco/mvtec_loco_anomaly_detection/breakfast_box/test/good/100.png,normal,0,none,2,"['breakfast_box/train/good/271', 'breakfast_box/train/good/248']",0,visionzip,0.25,True,sdpa,64,401408,Qwen/Qwen2.5-VL-3B-Instruct-AWQ,ok,,ANOMALOUS,1,ANOMALOUS,False,0.5998504024593334,-1.0073274374008179,-0.6024856135481969,54.85569999996187,591.1475000000337,22.655600000007325,203.1574999999748,258.4497000000283,64.8869999999988,871.8162999999777,1130.266000000006,5,4.4237374211026195,3531.3291015625,7854.0,1500,375,"[500, 500, 500]","[125, 125, 125]",532,72.4907083333334,87.21284628874825,0
20260930-210411-0c0ed5,2026-09-30T21:16:09,final,test,breakfast_box,breakfast_box/test/good/100,hf_assets/mvtec_loco/mvtec_loco_anomaly_detection/breakfast_box/test/good/100.png,normal,0,none,4,"['breakfast_box/train/good/271', 'breakfast_box/train/good/248', 'breakfast_box/train/good/267', 'breakfast_box/train/good/219']",0,none,1.0,True,sdpa,64,401408,Qwen/Qwen2.5-VL-3B-Instruct-AWQ,ok,,ANOMALOUS,1,ANOMALOUS,False,0.5961678005401617,-0.9696571230888367,-0.5801343949278817,88.18730000007236,1007.2912000000542,15.461400000049252,1636.699099999987,224.46930000000975,54.53249999993659,2747.639000000163,2972.1083000001727,5,1.682307471770026,4561.287109375,7854.0,2500,2500,"[500, 500, 500, 500, 500]","[500, 500, 500, 500, 500]",2675,81.14118674698791,245.68217385877844,0
20260930-210411-0c0ed5,2026-09-30T21:16:12,final,test,breakfast_box,breakfast_box/test/good/100,hf_assets/mvtec_loco/mvtec_loco_anomaly_detection/breakfast_box/test/good/100.png,normal,0,none,4,"['breakfast_box/train/good/271', 'breakfast_box/train/good/248', 'breakfast_box/train/good/267', 'breakfast_box/train/good/219']",0,visionzip,0.75,True,sdpa,64,401408,Qwen/Qwen2.5-VL-3B-Instruct-AWQ,ok,,ANOMALOUS,1,ANOMALOUS,False,0.6073924550571386,-0.9996164441108704,-0.5632518128259107,89.08899999994446,1022.4253999999746,49.8482000000422,1142.752900000005,221.13910000007309,60.40050000001429,2304.1154999999662,2525.2546000000393,5,1.9799983732333057,4086.39990234375,7854.0,2500,1875,"[500, 500, 500, 500, 500]","[375, 375, 375, 375, 375]",2050,80.61165925925927,208.52575650189155,0
20260930-210411-0c0ed5,2026-09-30T21:16:15,final,test,breakfast_box,breakfast_box/test/good/100,hf_assets/mvtec_loco/mvtec_loco_anomaly_detection/breakfast_box/test/good/100.png,normal,0,none,4,"['breakfast_box/train/good/271', 'breakfast_box/train/good/248', 'breakfast_box/train/good/267', 'breakfast_box/train/good/219']",0,visionzip,0.5,True,sdpa,64,401408,Qwen/Qwen2.5-VL-3B-Instruct-AWQ,ok,,ANOMALOUS,1,ANOMALOUS,False,0.6036174544996017,-0.9879058599472046,-0.5673449850874022,95.16839999992044,1013.2882999999993,51.88250000003336,632.8734999999597,242.95770000003358,61.51369999997769,1793.2126999999127,2036.1703999999463,5,2.45559016082354,3711.10546875,7854.0,2500,1250,"[500, 500, 500, 500, 500]","[250, 250, 250, 250, 250]",1425,80.29779487179493,168.53973966231882,0
20260930-210411-0c0ed5,2026-09-30T21:16:17,final,test,breakfast_box,breakfast_box/test/good/100,hf_assets/mvtec_loco/mvtec_loco_anomaly_detection/breakfast_box/test/good/100.png,normal,0,none,4,"['breakfast_box/train/good/271', 'breakfast_box/train/good/248', 'breakfast_box/train/good/267', 'breakfast_box/train/good/219']",0,visionzip,0.25,True,sdpa,64,401408,Qwen/Qwen2.5-VL-3B-Instruct-AWQ,ok,,ANOMALOUS,1,ANOMALOUS,False,0.6581634038644509,-1.1409454345703125,-0.48582503374200314,84.04310000003079,1001.7000999999937,50.86530000005496,318.76440000007733,242.61030000002393,60.95329999993737,1455.3729000001567,1697.9832000001807,5,2.9446698883707847,3711.10546875,7854.0,2500,625,"[500, 500, 500, 500, 500]","[125, 125, 125, 125, 125]",800,74.72812371134027,131.52837271933927,0
20260930-210411-0c0ed5,2026-09-30T21:16:18,final,test,breakfast_box,breakfast_box/test/good/100,hf_assets/mvtec_loco/mvtec_loco_anomaly_detection/breakfast_box/test/good/100.png,normal,0,none,8,"['breakfast_box/train/good/271', 'breakfast_box/train/good/248', 'breakfast_box/train/good/267', 'breakfast_box/train/good/219', 'breakfast_box/train/good/145', 'breakfast_box/train/good/149', 'breakfast_box/train/good/056', 'breakfast_box/train/good/028']",0,none,1.0,True,sdpa,64,401408,Qwen/Qwen2.5-VL-3B-Instruct-AWQ,ok,,ANOMALOUS,1,ANOMALOUS,False,0.5386952509448218,-0.8307409286499023,-0.6756498002214357,161.24939999997423,1817.0345000000907,4.356499999971675,9812.029499999993,274.50260000000526,63.030599999933656,11794.66990000003,12069.172500000035,5,0.4142786094075618,6854.44287109375,7854.0,4500,4500,"[500, 500, 500, 500, 500, 500, 500, 500, 500]","[500, 500, 500, 500, 500, 500, 500, 500, 500]",4711,57.775114369501395,702.6148364206093,0
20260930-210411-0c0ed5,2026-09-30T21:16:31,final,test,breakfast_box,breakfast_box/test/good/100,hf_assets/mvtec_loco/mvtec_loco_anomaly_detection/breakfast_box/test/good/100.png,normal,0,none,8,"['breakfast_box/train/good/271', 'breakfast_box/train/good/248', 'breakfast_box/train/good/267', 'breakfast_box/train/good/219', 'breakfast_box/train/good/145', 'breakfast_box/train/good/149', 'breakfast_box/train/good/056', 'breakfast_box/train/good/028']",0,visionzip,0.75,True,sdpa,64,401408,Qwen/Qwen2.5-VL-3B-Instruct-AWQ,ok,,ANOMALOUS,1,ANOMALOUS,False,0.5734041661630757,-0.9119338989257812,-0.6161801198031753,154.0595999999823,1793.289399999935,87.16559999993478,2680.9143000000404,231.81749999992007,57.82109999995555,4715.428899999893,4947.246399999813,5,1.0106632246981249,5478.0888671875,7854.0,4500,3375,"[500, 500, 500, 500, 500, 500, 500, 500, 500]","[375, 375, 375, 375, 375, 375, 375, 375, 375]",3586,81.59062585034026,408.4600599691787,0
20260930-210411-0c0ed5,2026-09-30T21:16:36,final,test,breakfast_box,breakfast_box/test/good/099,hf_assets/mvtec_loco/mvtec_loco_anomaly_detection/breakfast_box/test/good/099.png,normal,0,none,8,"['breakfast_box/train/good/271', 'breakfast_box/train/good/248', 'breakfast_box/train/good/267', 'breakfast_box/train/good/219', 'breakfast_box/train/good/145', 'breakfast_box/train/good/149', 'breakfast_box/train/good/056', 'breakfast_box/train/good/028']",0,visionzip,0.25,True,sdpa,64,401408,Qwen/Qwen2.5-VL-3B-Instruct-AWQ,ok,,ANOMALOUS,1,ANOMALOUS,False,0.6616713424706386,-1.1467831134796143,-0.47603192494716495,156.30819999989853,1805.2708000000166,91.18480000006457,579.2116000000078,243.95589999994627,54.6275000000378,2631.9753999999875,2875.931299999934,5,1.7385672599342394,4069.875,7854.0,4500,1125,"[500, 500, 500, 500, 500, 500, 500, 500, 500]","[125, 125, 125, 125, 125, 125, 125, 125, 125]",1336,76.27986470588237,223.66694207214815,0
20260930-210411-0c0ed5,2026-09-30T21:16:39,final,test,breakfast_box,breakfast_box/test/good/099,hf_assets/mvtec_loco/mvtec_loco_anomaly_detection/breakfast_box/test/good/099.png,normal,0,none,1,['breakfast_box/train/good/271'],0,none,1.0,True,sdpa,64,401408,Qwen/Qwen2.5-VL-3B-Instruct-AWQ,ok,,ANOMALOUS,1,ANOMALOUS,False,0.6956495779046898,-1.275902509689331,-0.44923619797918946,34.57739999998921,381.28850000009606,1.642299999957686,456.2875000000304,258.17080000001624,63.21560000003501,873.7957000000733,1131.9665000000896,5,4.41709184856584,3557.0205078125,7854.0,1000,1000,"[500, 500]","[500, 500]",1148,77.63924999999999,93.5899621751245,0
20260930-210411-0c0ed5,2026-09-30T21:16:40,final,test,breakfast_box,breakfast_box/test/good/099,hf_assets/mvtec_loco/mvtec_loco_anomaly_detection/breakfast_box/test/good/099.png,normal,0,none,1,['breakfast_box/train/good/271'],0,visionzip,0.75,True,sdpa,64,401408,Qwen/Qwen2.5-VL-3B-Instruct-AWQ,ok,,ANOMALOUS,1,ANOMALOUS,False,0.7338538200073135,-1.4094569683074951,-0.3951928215101361,35.1776999999629,383.34629999997105,16.74209999998766,368.08480000001964,258.9133999999831,62.72969999997713,803.3508999999412,1062.2642999999243,5,4.706926515369439,3468.9521484375,7854.0,1000,750,"[500, 500]","[375, 375]",898,76.51790322580645,86.54175620017263,0
20260930-210411-0c0ed5,2026-09-30T21:16:41,final,test,breakfast_box,breakfast_box/test/good/099,hf_assets/mvtec_loco/mvtec_loco_anomaly_detection/breakfast_box/test/good/099.png,normal,0,none,1,['breakfast_box/train/good/271'],0,visionzip,0.5,True,sdpa,64,401408,Qwen/Qwen2.5-VL-3B-Instruct-AWQ,ok,,ANOMALOUS,1,ANOMALOUS,False,0.8054437019144735,-1.7212443351745605,-0.30057259858585894,37.17610000001059,378.23979999996027,15.467399999920417,249.52710000002298,262.49350000000504,74.8691000000008,680.4103999999143,942.9038999999193,5,5.302767333977967,3442.1181640625,7854.0,1000,500,"[500, 500]","[250, 250]",648,71.533625,73.33376151975793,0
20260930-210411-0c0ed5,2026-09-30T21:16:42,final,test,breakfast_box,breakfast_box/test/good/099,hf_assets/mvtec_loco/mvtec_loco_anomaly_detection/breakfast_box/test/good/099.png,normal,0,none,1,['breakfast_box/train/good/271'],0,visionzip,0.25,True,sdpa,64,401408,Qwen/Qwen2.5-VL-3B-Instruct-AWQ,ok,,ANOMALOUS,1,ANOMALOUS,False,0.7928989313125422,-1.6686514616012573,-0.3261626277817413,36.70190000002549,397.9379999999537,15.652700000032382,161.44579999991038,268.58519999996133,64.35150000004342,611.738399999922,880.3235999998833,5,5.679729590346849,3442.1181640625,7854.0,1000,250,"[500, 500]","[125, 125]",398,66.59914814814812,63.333698675637685,0
20260930-210411-0c0ed5,2026-09-30T21:16:43,final,test,breakfast_box,breakfast_box/test/good/099,hf_assets/mvtec_loco/mvtec_loco_anomaly_detection/breakfast_box/test/good/099.png,normal,0,none,2,"['breakfast_box/train/good/271', 'breakfast_box/train/good/248']",0,none,1.0,True,sdpa,64,401408,Qwen/Qwen2.5-VL-3B-Instruct-AWQ,ok,,ANOMALOUS,1,ANOMALOUS,False,0.5733461892609368,-0.9306107759475708,-0.6350940086413175,54.97729999990497,598.4227000000146,2.579599999990023,823.000499999921,261.0154000000193,66.78539999995792,1478.9800999998306,1739.99549999985,5,2.8735706500392855,3811.6455078125,7854.0,1500,1500,"[500, 500, 500]","[500, 500, 500]",1657,81.51790721649486,148.1567747218889,0
20260930-210411-0c0ed5,2026-09-30T21:16:45,final,test,breakfast_box,breakfast_box/test/good/099,hf_assets/mvtec_loco/mvtec_loco_anomaly_detection/breakfast_box/test/good/099.png,normal,0,none,2,"['breakfast_box/train/good/271', 'breakfast_box/train/good/248']",0,visionzip,0.75,True,sdpa,64,401408,Qwen/Qwen2.5-VL-3B-Instruct-AWQ,ok,,ANOMALOUS,1,ANOMALOUS,False,0.5923421473163035,-0.9795647263526917,-0.6059085330925882,54.03179999996155,595.5110999999533,24.138800000059746,562.051399999973,256.33570000002237,72.9010999999673,1235.7330999999476,1492.06879999997,5,3.351051908598384,3629.35791015625,7854.0,1500,1125,"[500, 500, 500]","[375, 375, 375]",1282,76.63236144578312,120.5460993678283,0
20260930-210411-0c0ed5,2026-09-30T21:16:46,final,test,breakfast_box,breakfast_box/test/good/099,hf_assets/mvtec_loco/mvtec_loco_anomaly_detection/breakfast_box/test/good/099.png,normal,0,none,2,"['breakfast_box/train/good/271', 'breakfast_box/train/good/248']",0,visionzip,0.5,True,sdpa,64,401408,Qwen/Qwen2.5-VL-3B-Instruct-AWQ,ok,,ANOMALOUS,1,ANOMALOUS,False,0.6789013963160789,-1.2166911363601685,-0.4679634908679873,53.26079999997546,601.6467000000603,24.1839999999911,369.8382999999694,234.2403000000104,65.1437999999871,1048.9297999999962,1283.1701000000066,5,3.896599523321167,3531.3291015625,7854.0,1500,750,"[500, 500, 500]","[250, 250, 250]",907,73.54165789473683,99.93394243420953,0
20260930-210411-0c0ed5,2026-09-30T21:16:48,final,test,breakfast_box,breakfast_box/test/good/099,hf_assets/mvtec_loco/mvtec_loco_anomaly_detection/breakfast_box/test/good/099.png,normal,0,none,2,"['breakfast_box/train/good/271', 'breakfast_box/train/good/248']",0,visionzip,0.25,True,sdpa,64,401408,Qwen/Qwen2.5-VL-3B-Instruct-AWQ,ok,,ANOMALOUS,1,ANOMALOUS,False,0.6823031826888717,-1.2372386455535889,-0.4728620604146272,52.3584000000028,590.634199999954,24.687400000061643,202.27890000001025,248.27110000001085,60.975199999916185,869.9589000000287,1118.2300000000396,5,4.471352047431944,3531.3291015625,7854.0,1500,375,"[500, 500, 500]","[125, 125, 125]",532,75.98342465753421,90.40869546854846,0
20260930-210411-0c0ed5,2026-09-30T21:16:49,final,test,breakfast_box,breakfast_box/test/good/099,hf_assets/mvtec_loco/mvtec_loco_anomaly_detection/breakfast_box/test/good/099.png,normal,0,none,4,"['breakfast_box/train/good/271', 'breakfast_box/train/good/248', 'breakfast_box/train/good/267', 'breakfast_box/train/good/219']",0,none,1.0,True,sdpa,64,401408,Qwen/Qwen2.5-VL-3B-Instruct-AWQ,ok,,ANOMALOUS,1,ANOMALOUS,False,0.5309288463420843,-0.820536732673645,-0.6966631902614608,94.10630000002129,1004.688099999953,11.66369999998551,1630.7001999999784,228.678000000059,53.874500000006265,2741.158299999938,2969.836299999997,5,1.683594479601453,4561.287109375,7854.0,2500,2500,"[500, 500, 500, 500, 500]","[500, 500, 500, 500, 500]",2675,83.50246706586836,252.59905449514477,0
20260930-210411-0c0ed5,2026-09-30T21:16:52,final,test,breakfast_box,breakfast_box/test/good/099,hf_assets/mvtec_loco/mvtec_loco_anomaly_detection/breakfast_box/test/good/099.png,normal,0,none,4,"['breakfast_box/train/good/271', 'breakfast_box/train/good/248', 'breakfast_box/train/good/267', 'breakfast_box/train/good/219']",0,visionzip,0.75,True,sdpa,64,401408,Qwen/Qwen2.5-VL-3B-Instruct-AWQ,ok,,ANOMALOUS,1,ANOMALOUS,False,0.5270296556929663,-0.8127456903457642,-0.7045215602265671,88.78979999997227,1018.0464999999685,51.17880000000241,1142.7419999999984,243.47639999996318,55.3208999999697,2300.7570999999416,2544.233499999905,5,1.9652284273437117,4086.39990234375,7854.0,2500,1875,"[500, 500, 500, 500, 500]","[375, 375, 375, 375, 375]",2050,80.88812837837834,210.3738766417398,0
20260930-210411-0c0ed5,2026-09-30T21:16:55,final,test,breakfast_box,breakfast_box/test/good/099,hf_assets/mvtec_loco/mvtec_loco_anomaly_detection/breakfast_box/test/good/099.png,normal,0,none,4,"['breakfast_box/train/good/271', 'breakfast_box/train/good/248', 'breakfast_box/train/good/267', 'breakfast_box/train/good/219']",0,visionzip,0.5,True,sdpa,64,401408,Qwen/Qwen2.5-VL-3B-Instruct-AWQ,ok,,ANOMALOUS,1,ANOMALOUS,False,0.6755239659218493,-1.1940739154815674,-0.4607969584176317,85.24680000004992,1117.3734000000195,53.97820000007414,633.0007000000251,249.97269999994387,62.0258000000149,1889.5991000001686,2139.5718000001125,5,2.3369161997740564,3711.10546875,7854.0,2500,1250,"[500, 500, 500, 500, 500]","[250, 250, 250, 250, 250]",1425,75.08164347826083,165.38883815989647,0
20260930-210411-0c0ed5,2026-09-30T21:16:57,final,test,breakfast_box,breakfast_box/test/good/099,hf_assets/mvtec_loco/mvtec_loco_anomaly_detection/breakfast_box/test/good/099.png,normal,0,none,4,"['breakfast_box/train/good/271', 'breakfast_box/train/good/248', 'breakfast_box/train/good/267', 'breakfast_box/train/good/219']",0,visionzip,0.25,True,sdpa,64,401408,Qwen/Qwen2.5-VL-3B-Instruct-AWQ,ok,,ANOMALOUS,1,ANOMALOUS,False,0.6857274915794193,-1.2262446880340576,-0.44602485257200897,89.97720000002118,1017.5034000000096,53.182500000048094,318.73880000000554,265.19180000002507,63.47610000000259,1479.4019000000844,1744.5937000001095,5,2.865996822067904,3711.10546875,7854.0,2500,625,"[500, 500, 500, 500, 500]","[125, 125, 125, 125, 125]",800,75.14609000000002,135.96183566621343,0
20260930-210411-0c0ed5,2026-09-30T21:16:59,final,test,breakfast_box,breakfast_box/test/good/099,hf_assets/mvtec_loco/mvtec_loco_anomaly_detection/breakfast_box/test/good/099.png,normal,0,none,8,"['breakfast_box/train/good/271', 'breakfast_box/train/good/248', 'breakfast_box/train/good/267', 'breakfast_box/train/good/219', 'breakfast_box/train/good/145', 'breakfast_box/train/good/149', 'breakfast_box/train/good/056', 'breakfast_box/train/good/028']",0,none,1.0,True,sdpa,64,401408,Qwen/Qwen2.5-VL-3B-Instruct-AWQ,ok,,ANOMALOUS,1,ANOMALOUS,False,0.5733985083441607,-0.9111567139625549,-0.6154260645853356,161.28589999993892,1822.3415999999588,5.466999999953259,9816.840699999942,273.8195999999107,65.73200000002544,11805.935199999793,12079.754799999704,5,0.41391568643430765,6854.44287109375,7854.0,4500,4500,"[500, 500, 500, 500, 500, 500, 500, 500, 500]","[500, 500, 500, 500, 500, 500, 500, 500, 500]",4711,57.26479518072305,697.1416337095603,0
20260930-210411-0c0ed5,2026-09-30T21:17:11,final,test,breakfast_box,breakfast_box/test/good/099,hf_assets/mvtec_loco/mvtec_loco_anomaly_detection/breakfast_box/test/good/099.png,normal,0,none,8,"['breakfast_box/train/good/271', 'breakfast_box/train/good/248', 'breakfast_box/train/good/267', 'breakfast_box/train/good/219', 'breakfast_box/train/good/145', 'breakfast_box/train/good/149', 'breakfast_box/train/good/056', 'breakfast_box/train/good/028']",0,visionzip,0.75,True,sdpa,64,401408,Qwen/Qwen2.5-VL-3B-Instruct-AWQ,ok,,ANOMALOUS,1,ANOMALOUS,False,0.5464714089679621,-0.8499518632888794,-0.6635281865019351,151.14039999991746,1831.3793999999461,84.91689999993923,2672.227800000087,242.76290000000245,68.58349999993152,4739.66449999989,4982.427399999892,5,1.0035269154147852,5478.0888671875,7854.0,4500,3375,"[500, 500, 500, 500, 500, 500, 500, 500, 500]","[375, 375, 375, 375, 375, 375, 375, 375, 375]",3586,82.23652363636374,415.48100614115293,0
20260930-210411-0c0ed5,2026-09-30T21:17:16,final,test,breakfast_box,breakfast_box/test/good/099,hf_assets/mvtec_loco/mvtec_loco_anomaly_detection/breakfast_box/test/good/099.png,normal,0,none,8,"['breakfast_box/train/good/271', 'breakfast_box/train/good/248', 'breakfast_box/train/good/267', 'breakfast_box/train/good/219', 'breakfast_box/train/good/145', 'breakfast_box/train/good/149', 'breakfast_box/train/good/056', 'breakfast_box/train/good/028']",0,visionzip,0.5,True,sdpa,64,401408,Qwen/Qwen2.5-VL-3B-Instruct-AWQ,ok,,ANOMALOUS,1,ANOMALOUS,False,0.6475521009742222,-1.1034657955169678,-0.4951693475013599,147.592599999939,1817.9063999999698,86.90709999996216,1471.0891999999376,267.44880000001103,61.17630000005647,3523.4952999998086,3790.9440999998196,5,1.3189326637657985,4403.93701171875,7854.0,4500,2250,"[500, 500, 500, 500, 500, 500, 500, 500, 500]","[250, 250, 250, 250, 250, 250, 250, 250, 250]",2461,79.9245321100919,307.97343935341206,0
20260930-210411-0c0ed5,2026-09-30T21:17:20,final,test,breakfast_box,breakfast_box/test/good/037,hf_assets/mvtec_loco/mvtec_loco_anomaly_detection/breakfast_box/test/good/037.png,normal,0,none,1,['breakfast_box/train/good/271'],0,none,1.0,True,sdpa,64,401408,Qwen/Qwen2.5-VL-3B-Instruct-AWQ,ok,,ANOMALOUS,1,ANOMALOUS,False,0.6294470897473696,-1.0651319026947021,-0.5352863462176174,36.483799999928124,379.5342000000801,1.8626999999469263,456.1698999999635,258.69809999994686,59.744300000033945,874.0505999999186,1132.7486999998655,5,4.414041702277472,3557.0205078125,7854.0,1000,1000,"[500, 500]","[500, 500]",1148,69.21950769230766,83.47880241838014,0
20260930-210411-0c0ed5,2026-09-30T21:17:21,final,test,breakfast_box,breakfast_box/test/good/037,hf_assets/mvtec_loco/mvtec_loco_anomaly_detection/breakfast_box/test/good/037.png,normal,0,none,1,['breakfast_box/train/good/271'],0,visionzip,0.75,True,sdpa,64,401408,Qwen/Qwen2.5-VL-3B-Instruct-AWQ,ok,,ANOMALOUS,1,ANOMALOUS,False,0.6474729106889455,-1.119733452796936,-0.5117839652812108,35.25260000003527,381.7836000000625,16.948100000035993,367.8275999999414,243.43899999996665,63.320399999952315,801.8119000000752,1045.2509000000418,5,4.78354048774299,3468.9521484375,7854.0,1000,750,"[500, 500]","[375, 375]",898,70.58219672131148,78.73631087083517,0
20260930-210411-0c0ed5,2026-09-30T21:17:22,final,test,breakfast_box,breakfast_box/test/good/037,hf_assets/mvtec_loco/mvtec_loco_anomaly_detection/breakfast_box/test/good/037.png,normal,0,none,1,['breakfast_box/train/good/271'],0,visionzip,0.5,True,sdpa,64,401408,Qwen/Qwen2.5-VL-3B-Instruct-AWQ,ok,,ANOMALOUS,1,ANOMALOUS,False,0.7338690292017337,-1.4043910503387451,-0.39004903100430965,40.695099999993545,390.071799999987,15.59179999992466,249.39900000003945,257.2428000000855,62.48279999999795,695.7576999999446,953.0005000000301,5,5.246586964015068,3442.1181640625,7854.0,1000,500,"[500, 500]","[250, 250]",648,66.95664516129031,68.38432153207948,0
20260930-210411-0c0ed5,2026-09-30T21:17:23,final,test,breakfast_box,breakfast_box/test/good/037,hf_assets/mvtec_loco/mvtec_loco_anomaly_detection/breakfast_box/test/good/037.png,normal,0,none,1,['breakfast_box/train/good/271'],0,visionzip,0.25,True,sdpa,64,401408,Qwen/Qwen2.5-VL-3B-Instruct-AWQ,ok,,ANOMALOUS,1,ANOMALOUS,False,0.695630339965671,-1.295830488204956,-0.4692550393519923,36.734000000024025,376.93960000001425,15.305699999998978,162.6687000000402,241.5697999999793,55.56040000010398,591.6480000000774,833.2178000000567,5,6.00083195534188,3442.1181640625,7854.0,1000,250,"[500, 500]","[125, 125]",398,67.93791071428566,60.76628295241813,0
20260930-210411-0c0ed5,2026-09-30T21:17:24,final,test,breakfast_box,breakfast_box/test/good/037,hf_assets/mvtec_loco/mvtec_loco_anomaly_detection/breakfast_box/test/good/037.png,normal,0,none,2,"['breakfast_box/train/good/271', 'breakfast_box/train/good/248']",0,none,1.0,True,sdpa,64,401408,Qwen/Qwen2.5-VL-3B-Instruct-AWQ,ok,,ANOMALOUS,1,ANOMALOUS,False,0.5695413859654646,-0.9150615930557251,-0.6350813267054036,54.959100000019134,598.0710999999701,3.241000000002714,822.5479000000178,234.82720000004065,58.44600000000355,1478.8191000000097,1713.6463000000504,5,2.917754964953884,3811.6455078125,7854.0,1500,1500,"[500, 500, 500]","[500, 500, 500]",1657,82.65665625000008,147.13291483248827,0
20260930-210411-0c0ed5,2026-09-30T21:17:26,final,test,breakfast_box,breakfast_box/test/good/037,hf_assets/mvtec_loco/mvtec_loco_anomaly_detection/breakfast_box/test/good/037.png,normal,0,none,2,"['breakfast_box/train/good/271', 'breakfast_box/train/good/248']",0,visionzip,0.75,True,sdpa,64,401408,Qwen/Qwen2.5-VL-3B-Instruct-AWQ,ok,,ANOMALOUS,1,ANOMALOUS,False,0.5961267408980333,-0.9823874235153198,-0.5930352401919663,52.167900000085865,586.9684000000461,22.913799999969342,562.122899999963,244.73309999996218,57.86519999992379,1224.1730000000643,1468.9061000000265,5,3.4038935504454026,3629.35791015625,7854.0,1500,1125,"[500, 500, 500]","[375, 375, 375]",1282,77.8191758241758,119.64162108845981,0
20260930-210411-0c0ed5,2026-09-30T21:17:28,final,test,breakfast_box,breakfast_box/test/good/037,hf_assets/mvtec_loco/mvtec_loco_anomaly_detection/breakfast_box/test/good/037.png,normal,0,none,2,"['breakfast_box/train/good/271', 'breakfast_box/train/good/248']",0,visionzip,0.5,True,sdpa,64,401408,Qwen/Qwen2.5-VL-3B-Instruct-AWQ,ok,,ANOMALOUS,1,ANOMALOUS,False,0.6474912319456649,-1.1187448501586914,-0.5107150939293206,55.239700000015546,591.9284000000289,22.99839999989217,370.1409999999896,252.6206000000002,62.719300000026124,1040.3074999999262,1292.9280999999264,5,3.867191068088229,3531.3291015625,7854.0,1500,750,"[500, 500, 500]","[250, 250, 250]",907,77.8689868421052,106.17497093731505,0
20260930-210411-0c0ed5,2026-09-30T21:17:29,final,test,breakfast_box,breakfast_box/test/good/037,hf_assets/mvtec_loco/mvtec_loco_anomaly_detection/breakfast_box/test/good/037.png,normal,0,none,2,"['breakfast_box/train/good/271', 'breakfast_box/train/good/248']",0,visionzip,0.25,True,sdpa,64,401408,Qwen/Qwen2.5-VL-3B-Instruct-AWQ,ok,,ANOMALOUS,1,ANOMALOUS,False,0.5463789179581139,-0.8845747709274292,-0.6985242754453793,58.20159999996122,599.6647000000621,23.86100000001079,202.1641000000045,230.2713000000267,57.3856999999407,883.8914000000386,1114.1627000000653,5,4.487674914982979,3531.3291015625,7854.0,1500,375,"[500, 500, 500]","[125, 125, 125]",532,75.69203225806449,89.52653748518847,0
20260930-210411-0c0ed5,2026-09-30T21:17:30,final,test,breakfast_box,breakfast_box/test/good/037,hf_assets/mvtec_loco/mvtec_loco_anomaly_detection/breakfast_box/test/good/037.png,normal,0,none,4,"['breakfast_box/train/good/271', 'breakfast_box/train/good/248', 'breakfast_box/train/good/267', 'breakfast_box/train/good/219']",0,none,1.0,True,sdpa,64,401408,Qwen/Qwen2.5-VL-3B-Instruct-AWQ,ok,,ANOMALOUS,1,ANOMALOUS,False,0.5696020059639257,-0.9042550921440125,-0.6240275584859774,95.85470000001806,1014.1678999999613,14.571599999953833,1641.9624000000113,250.19530000008672,64.41429999995307,2766.5565999999444,3016.751900000031,5,1.6574117347866586,4561.287109375,7854.0,2500,2500,"[500, 500, 500, 500, 500]","[500, 500, 500, 500, 500]",2675,79.6412727272727,245.4847697627506,0
20260930-210411-0c0ed5,2026-09-30T21:17:33,final,test,breakfast_box,breakfast_box/test/good/037,hf_assets/mvtec_loco/mvtec_loco_anomaly_detection/breakfast_box/test/good/037.png,normal,0,none,4,"['breakfast_box/train/good/271', 'breakfast_box/train/good/248', 'breakfast_box/train/good/267', 'breakfast_box/train/good/219']",0,visionzip,0.75,True,sdpa,64,401408,Qwen/Qwen2.5-VL-3B-Instruct-AWQ,ok,,ANOMALOUS,1,ANOMALOUS,False,0.5309382548219441,-0.8175715804100037,-0.6936602594796568,87.51580000000558,1024.5816999999988,47.23199999989447,1143.0571000000782,266.13510000004226,60.42339999999058,2302.386599999977,2568.5217000000193,5,1.9466450293178221,4086.39990234375,7854.0,2500,1875,"[500, 500, 500, 500, 500]","[375, 375, 375, 375, 375]",2050,78.3922837837838,206.18332408779983,0
20260930-210411-0c0ed5,2026-09-30T21:17:36,final,test,breakfast_box,breakfast_box/test/good/037,hf_assets/mvtec_loco/mvtec_loco_anomaly_detection/breakfast_box/test/good/037.png,normal,0,none,4,"['breakfast_box/train/good/271', 'breakfast_box/train/good/248', 'breakfast_box/train/good/267', 'breakfast_box/train/good/219']",0,visionzip,0.5,True,sdpa,64,401408,Qwen/Qwen2.5-VL-3B-Instruct-AWQ,ok,,ANOMALOUS,1,ANOMALOUS,False,0.5580214397713655,-0.8781967759132385,-0.6450607663718984,94.48170000007394,1012.6820000000407,52.83659999997781,636.7526000000225,268.410700000004,57.65529999996488,1796.752900000115,2065.163600000119,5,2.4211156927227035,3711.10546875,7854.0,2500,1250,"[500, 500, 500, 500, 500]","[250, 250, 250, 250, 250]",1425,78.69344262295078,167.1422909862235,0
20260930-210411-0c0ed5,2026-09-30T21:17:38,final,test,breakfast_box,breakfast_box/test/good/037,hf_assets/mvtec_loco/mvtec_loco_anomaly_detection/breakfast_box/test/good/037.png,normal,0,none,4,"['breakfast_box/train/good/271', 'breakfast_box/train/good/248', 'breakfast_box/train/good/267', 'breakfast_box/train/good/219']",0,visionzip,0.25,True,sdpa,64,401408,Qwen/Qwen2.5-VL-3B-Instruct-AWQ,ok,,ANOMALOUS,1,ANOMALOUS,False,0.5618850264924278,-0.8929860591888428,-0.6441701819421723,93.6020000000326,1028.5829999999123,54.62199999999484,319.15970000000016,238.58450000000175,54.48650000005273,1495.96669999994,1734.5511999999417,5,2.8825900325111005,3711.10546875,7854.0,2500,625,"[500, 500, 500, 500, 500]","[125, 125, 125, 125, 125]",800,74.20942727272734,132.86304471677846,0
20260930-210411-0c0ed5,2026-09-30T21:17:40,final,test,breakfast_box,breakfast_box/test/good/037,hf_assets/mvtec_loco/mvtec_loco_anomaly_detection/breakfast_box/test/good/037.png,normal,0,none,8,"['breakfast_box/train/good/271', 'breakfast_box/train/good/248', 'breakfast_box/train/good/267', 'breakfast_box/train/good/219', 'breakfast_box/train/good/145', 'breakfast_box/train/good/149', 'breakfast_box/train/good/056', 'breakfast_box/train/good/028']",0,none,1.0,True,sdpa,64,401408,Qwen/Qwen2.5-VL-3B-Instruct-AWQ,ok,,ANOMALOUS,1,ANOMALOUS,False,0.5848386273998702,-0.9400476217269897,-0.5973789574345574,157.33030000001236,1800.712800000042,3.8824999999178544,9800.604200000067,274.2492999999513,52.5127999999313,11762.52980000004,12036.779099999992,5,0.41539351669251806,6854.44287109375,7854.0,4500,4500,"[500, 500, 500, 500, 500, 500, 500, 500, 500]","[500, 500, 500, 500, 500, 500, 500, 500, 500]",4711,56.779090387374445,687.9870656486818,0
20260930-210411-0c0ed5,2026-09-30T21:17:52,final,test,breakfast_box,breakfast_box/test/good/037,hf_assets/mvtec_loco/mvtec_loco_anomaly_detection/breakfast_box/test/good/037.png,normal,0,none,8,"['breakfast_box/train/good/271', 'breakfast_box/train/good/248', 'breakfast_box/train/good/267', 'breakfast_box/train/good/219', 'breakfast_box/train/good/145', 'breakfast_box/train/good/149', 'breakfast_box/train/good/056', 'breakfast_box/train/good/028']",0,visionzip,0.75,True,sdpa,64,401408,Qwen/Qwen2.5-VL-3B-Instruct-AWQ,ok,,ANOMALOUS,1,ANOMALOUS,False,0.5619251116785421,-0.8847532868385315,-0.6357745727291331,152.92799999997442,1814.359399999944,93.80580000004102,2685.2711999999883,248.83309999995618,68.93320000006042,4746.364399999948,4995.197499999904,5,1.0009614234472404,5478.0888671875,7854.0,4500,3375,"[500, 500, 500, 500, 500, 500, 500, 500, 500]","[375, 375, 375, 375, 375, 375, 375, 375, 375]",3586,80.76267361111103,409.10667482803734,0
20260930-210411-0c0ed5,2026-09-30T21:17:57,final,test,breakfast_box,breakfast_box/test/good/037,hf_assets/mvtec_loco/mvtec_loco_anomaly_detection/breakfast_box/test/good/037.png,normal,0,none,8,"['breakfast_box/train/good/271', 'breakfast_box/train/good/248', 'breakfast_box/train/good/267', 'breakfast_box/train/good/219', 'breakfast_box/train/good/145', 'breakfast_box/train/good/149', 'breakfast_box/train/good/056', 'breakfast_box/train/good/028']",0,visionzip,0.5,True,sdpa,64,401408,Qwen/Qwen2.5-VL-3B-Instruct-AWQ,ok,,NORMAL,0,NORMAL,False,0.48799074539026366,-0.7231025099754333,-0.7711487689521164,153.054099999963,1826.1178999999856,88.02649999995538,1470.9100999999691,52.215499999988424,52.66089999997803,3538.108599999873,3590.3240999998616,2,0.5570527741492968,4403.93701171875,7854.0,4500,2250,"[500, 500, 500, 500, 500, 500, 500, 500, 500]","[250, 250, 250, 250, 250, 250, 250, 250, 250]",2461,79.49324644549765,289.6986847984068,1
20260930-210411-0c0ed5,2026-09-30T21:18:01,final,test,breakfast_box,breakfast_box/test/good/037,hf_assets/mvtec_loco/mvtec_loco_anomaly_detection/breakfast_box/test/good/037.png,normal,0,none,8,"['breakfast_box/train/good/271', 'breakfast_box/train/good/248', 'breakfast_box/train/good/267', 'breakfast_box/train/good/219', 'breakfast_box/train/good/145', 'breakfast_box/train/good/149', 'breakfast_box/train/good/056', 'breakfast_box/train/good/028']",0,visionzip,0.25,True,sdpa,64,401408,Qwen/Qwen2.5-VL-3B-Instruct-AWQ,ok,,ANOMALOUS,1,ANOMALOUS,False,0.5464290683678916,-0.8495669364929199,-0.6633140965132043,149.3436999999176,1782.6385999999275,90.20310000005338,578.9346999999907,236.0283000000436,65.17580000001999,2601.120099999889,2837.1483999999327,5,1.762332911454374,4069.875,7854.0,4500,1125,"[500, 500, 500, 500, 500, 500, 500, 500, 500]","[125, 125, 125, 125, 125, 125, 125, 125, 125]",1336,78.31257831325296,227.38146389592825,0
20260930-210411-0c0ed5,2026-09-30T21:18:04,final,test,breakfast_box,breakfast_box/test/good/090,hf_assets/mvtec_loco/mvtec_loco_anomaly_detection/breakfast_box/test/good/090.png,normal,0,none,1,['breakfast_box/train/good/271'],0,visionzip,0.75,True,sdpa,64,401408,Qwen/Qwen2.5-VL-3B-Instruct-AWQ,ok,,ANOMALOUS,1,ANOMALOUS,False,0.7546539949456034,-1.4892511367797852,-0.36566125717945397,40.370499999994536,376.04380000004767,15.796399999999267,367.84160000001975,238.96820000004482,56.135200000085206,800.0523000000612,1039.020500000106,5,4.8122245903709215,3468.9521484375,7854.0,1000,750,"[500, 500]","[375, 375]",898,71.18020370370371,78.69867678208719,0
20260930-210411-0c0ed5,2026-09-30T21:18:05,final,test,breakfast_box,breakfast_box/test/good/090,hf_assets/mvtec_loco/mvtec_loco_anomaly_detection/breakfast_box/test/good/090.png,normal,0,none,1,['breakfast_box/train/good/271'],0,visionzip,0.5,True,sdpa,64,401408,Qwen/Qwen2.5-VL-3B-Instruct-AWQ,ok,,ANOMALOUS,1,ANOMALOUS,False,0.7428955961291579,-1.4406368732452393,-0.3795635981950909,38.947300000018004,377.075399999967,15.759600000023966,249.46860000000015,230.32899999998335,64.0950999999177,681.2509000000091,911.5798999999924,5,5.484982720658981,3442.1181640625,7854.0,1000,500,"[500, 500]","[250, 250]",648,67.8383272727273,66.6043345319676,0
20260930-210411-0c0ed5,2026-09-30T21:18:06,final,test,breakfast_box,breakfast_box/test/good/090,hf_assets/mvtec_loco/mvtec_loco_anomaly_detection/breakfast_box/test/good/090.png,normal,0,none,1,['breakfast_box/train/good/271'],0,visionzip,0.25,True,sdpa,64,401408,Qwen/Qwen2.5-VL-3B-Instruct-AWQ,ok,,ANOMALOUS,1,ANOMALOUS,False,0.7824198814138286,-1.6291625499725342,-0.34933816478587687,39.03550000006817,376.38140000001385,17.36720000008063,161.81600000004437,236.12070000001495,65.70750000003045,594.600100000207,830.720800000222,5,6.018869396310606,3442.1181640625,7854.0,1000,250,"[500, 500]","[125, 125]",398,74.82721568627454,67.64641445021532,0
20260930-210411-0c0ed5,2026-09-30T21:18:07,final,test,breakfast_box,breakfast_box/test/good/090,hf_assets/mvtec_loco/mvtec_loco_anomaly_detection/breakfast_box/test/good/090.png,normal,0,none,2,"['breakfast_box/train/good/271', 'breakfast_box/train/good/248']",0,none,1.0,True,sdpa,64,401408,Qwen/Qwen2.5-VL-3B-Instruct-AWQ,ok,,ANOMALOUS,1,ANOMALOUS,False,0.5998845714257172,-0.9938409924507141,-0.5888568136142567,54.60770000001958,596.32780000004,2.659300000004805,822.3467000000255,266.0673999999972,60.62629999996716,1475.94150000009,1742.0089000000871,5,2.8702493999885705,3811.6455078125,7854.0,1500,1500,"[500, 500, 500]","[500, 500, 500]",1657,81.58886458333326,147.71306573585417,0
20260930-210411-0c0ed5,2026-09-30T21:18:09,final,test,breakfast_box,breakfast_box/test/good/090,hf_assets/mvtec_loco/mvtec_loco_anomaly_detection/breakfast_box/test/good/090.png,normal,0,none,2,"['breakfast_box/train/good/271', 'breakfast_box/train/good/248']",0,visionzip,0.75,True,sdpa,64,401408,Qwen/Qwen2.5-VL-3B-Instruct-AWQ,ok,,ANOMALOUS,1,ANOMALOUS,False,0.6184674774896209,-1.0430471897125244,-0.5599986782763153,54.71079999995254,583.5561999999754,24.120299999935924,562.5072999999929,278.946200000064,64.52939999996943,1224.8945999998568,1503.8407999999208,5,3.324820020842807,3629.35791015625,7854.0,1500,1125,"[500, 500, 500]","[375, 375, 375]",1282,74.63760000000002,117.63675425808378,0
20260930-210411-0c0ed5,2026-09-30T21:18:10,final,test,breakfast_box,breakfast_box/test/good/090,hf_assets/mvtec_loco/mvtec_loco_anomaly_detection/breakfast_box/test/good/090.png,normal,0,none,2,"['breakfast_box/train/good/271', 'breakfast_box/train/good/248']",0,visionzip,0.5,True,sdpa,64,401408,Qwen/Qwen2.5-VL-3B-Instruct-AWQ,ok,,ANOMALOUS,1,ANOMALOUS,False,0.6651259010622387,-1.1695778369903564,-0.4833561264676973,54.10789999996268,598.0147000000215,22.37159999992855,370.43560000006437,242.52130000002126,68.78789999996116,1044.9297999999771,1287.4510999999984,5,3.8836426486411844,3531.3291015625,7854.0,1500,750,"[500, 500, 500]","[250, 250, 250]",907,74.20258441558443,101.33322341364719,0
20260930-210411-0c0ed5,2026-09-30T21:18:12,final,test,breakfast_box,breakfast_box/test/good/090,hf_assets/mvtec_loco/mvtec_loco_anomaly_detection/breakfast_box/test/good/090.png,normal,0,none,2,"['breakfast_box/train/good/271', 'breakfast_box/train/good/248']",0,visionzip,0.25,True,sdpa,64,401408,Qwen/Qwen2.5-VL-3B-Instruct-AWQ,ok,,ANOMALOUS,1,ANOMALOUS,False,0.6856844075083481,-1.2443516254425049,-0.46433170372620225,56.06260000001839,604.4892999999547,24.56659999995736,201.95060000003195,241.52459999993425,55.83580000006805,887.0690999999624,1128.5936999998967,5,4.430292318662117,3531.3291015625,7854.0,1500,375,"[500, 500, 500]","[125, 125, 125]",532,73.79670149253731,87.9854383154294,0
20260930-210411-0c0ed5,2026-09-30T21:18:13,final,test,breakfast_box,breakfast_box/test/good/090,hf_assets/mvtec_loco/mvtec_loco_anomaly_detection/breakfast_box/test/good/090.png,normal,0,none,4,"['breakfast_box/train/good/271', 'breakfast_box/train/good/248', 'breakfast_box/train/good/267', 'breakfast_box/train/good/219']",0,none,1.0,True,sdpa,64,401408,Qwen/Qwen2.5-VL-3B-Instruct-AWQ,ok,,NORMAL,0,NORMAL,False,0.4958088388943125,-0.7443684935569763,-0.7611335306428373,89.60369999999784,1013.4348999999929,11.591600000087965,1631.2659999999823,65.47339999997348,53.60570000004827,2745.896200000061,2811.3696000000346,2,0.7113970358077342,4561.287109375,7854.0,2500,2500,"[500, 500, 500, 500, 500]","[500, 500, 500, 500, 500]",2675,84.6197382550336,242.53203352623117,1
20260930-210411-0c0ed5,2026-09-30T21:18:16,final,test,breakfast_box,breakfast_box/test/good/090,hf_assets/mvtec_loco/mvtec_loco_anomaly_detection/breakfast_box/test/good/090.png,normal,0,none,4,"['breakfast_box/train/good/271', 'breakfast_box/train/good/248', 'breakfast_box/train/good/267', 'breakfast_box/train/good/219']",0,visionzip,0.75,True,sdpa,64,401408,Qwen/Qwen2.5-VL-3B-Instruct-AWQ,ok,,ANOMALOUS,1,ANOMALOUS,False,0.5114214815330945,-0.7743914127349854,-0.7286975377937779,83.6863000000676,1015.4178000000229,46.705800000040654,1142.8586999999197,231.8822000000864,61.76730000004227,2288.668600000051,2520.5508000001373,5,1.9836934054254045,4086.39990234375,7854.0,2500,1875,"[500, 500, 500, 500, 500]","[375, 375, 375, 375, 375]",2050,82.44137226277377,212.98496863832065,0
20260930-210411-0c0ed5,2026-09-30T21:18:18,final,test,breakfast_box,breakfast_box/test/good/090,hf_assets/mvtec_loco/mvtec_loco_anomaly_detection/breakfast_box/test/good/090.png,normal,0,none,4,"['breakfast_box/train/good/271', 'breakfast_box/train/good/248', 'breakfast_box/train/good/267', 'breakfast_box/train/good/219']",0,visionzip,0.5,True,sdpa,64,401408,Qwen/Qwen2.5-VL-3B-Instruct-AWQ,ok,,ANOMALOUS,1,ANOMALOUS,False,0.5657100037632837,-0.8962539434432983,-0.6318848624359816,85.67530000004808,1010.3229000000056,50.994199999991,636.5509999999404,260.62869999998384,55.18559999995887,1783.543399999985,2044.1720999999689,5,2.4459780074290594,3711.10546875,7854.0,2500,1250,"[500, 500, 500, 500, 500]","[250, 250, 250, 250, 250]",1425,78.74542499999991,165.40789928041315,0
20260930-210411-0c0ed5,2026-09-30T21:18:20,final,test,breakfast_box,breakfast_box/test/good/090,hf_assets/mvtec_loco/mvtec_loco_anomaly_detection/breakfast_box/test/good/090.png,normal,0,none,4,"['breakfast_box/train/good/271', 'breakfast_box/train/good/248', 'breakfast_box/train/good/267', 'breakfast_box/train/good/219']",0,visionzip,0.25,True,sdpa,64,401408,Qwen/Qwen2.5-VL-3B-Instruct-AWQ,ok,,ANOMALOUS,1,ANOMALOUS,False,0.7215363226811334,-1.347741723060608,-0.3956466311356053,91.85119999995095,1012.8487999999152,49.63509999993221,318.5684999999694,232.7216999999564,64.53690000000734,1472.9035999997677,1705.6252999997241,5,2.9314762157906595,3711.10546875,7854.0,2500,625,"[500, 500, 500, 500, 500]","[125, 125, 125, 125, 125]",800,75.03436000000006,132.9095098937058,0
20260930-210411-0c0ed5,2026-09-30T21:18:22,final,test,breakfast_box,breakfast_box/test/good/090,hf_assets/mvtec_loco/mvtec_loco_anomaly_detection/breakfast_box/test/good/090.png,normal,0,none,8,"['breakfast_box/train/good/271', 'breakfast_box/train/good/248', 'breakfast_box/train/good/267', 'breakfast_box/train/good/219', 'breakfast_box/train/good/145', 'breakfast_box/train/good/149', 'breakfast_box/train/good/056', 'breakfast_box/train/good/028']",0,none,1.0,True,sdpa,64,401408,Qwen/Qwen2.5-VL-3B-Instruct-AWQ,ok,,ANOMALOUS,1,ANOMALOUS,False,0.5695860844724686,-0.9041132926940918,-0.623950703185983,147.62389999998504,1803.9676000000782,3.9811999999983527,9841.108600000098,274.0298999999595,64.14029999996274,11796.68130000016,12070.71120000012,5,0.41422579971923695,6854.44287109375,7854.0,4500,4500,"[500, 500, 500, 500, 500, 500, 500, 500, 500]","[500, 500, 500, 500, 500, 500, 500, 500, 500]",4711,58.30307902735584,708.8620637832263,0
20260930-210411-0c0ed5,2026-09-30T21:18:34,final,test,breakfast_box,breakfast_box/test/good/090,hf_assets/mvtec_loco/mvtec_loco_anomaly_detection/breakfast_box/test/good/090.png,normal,0,none,8,"['breakfast_box/train/good/271', 'breakfast_box/train/good/248', 'breakfast_box/train/good/267', 'breakfast_box/train/good/219', 'breakfast_box/train/good/145', 'breakfast_box/train/good/149', 'breakfast_box/train/good/056', 'breakfast_box/train/good/028']",0,visionzip,0.75,True,sdpa,64,401408,Qwen/Qwen2.5-VL-3B-Instruct-AWQ,ok,,ANOMALOUS,1,ANOMALOUS,False,0.5503273481942882,-0.852801501750946,-0.6508080996572971,149.48240000001078,1789.3808999999692,91.7088999999578,2686.2863999999718,250.58489999992162,50.386599999910686,4716.8585999999095,4967.443499999831,5,1.0065539748967793,5478.0888671875,7854.0,4500,3375,"[500, 500, 500, 500, 500, 500, 500, 500, 500]","[375, 375, 375, 375, 375, 375, 375, 375, 375]",3586,81.10751877133112,407.12099105961187,0
20260930-210411-0c0ed5,2026-09-30T21:18:40,final,test,breakfast_box,breakfast_box/test/good/090,hf_assets/mvtec_loco/mvtec_loco_anomaly_detection/breakfast_box/test/good/090.png,normal,0,none,8,"['breakfast_box/train/good/271', 'breakfast_box/train/good/248', 'breakfast_box/train/good/267', 'breakfast_box/train/good/219', 'breakfast_box/train/good/145', 'breakfast_box/train/good/149', 'breakfast_box/train/good/056', 'breakfast_box/train/good/028']",0,visionzip,0.5,True,sdpa,64,401408,Qwen/Qwen2.5-VL-3B-Instruct-AWQ,ok,,ANOMALOUS,1,ANOMALOUS,False,0.5810138146616521,-0.9246928095817566,-0.5977562244515866,150.80940000007104,1806.8269000000328,84.88950000003115,1470.9982000000537,246.9260000000304,58.76460000001771,3513.5240000001886,3760.450000000219,5,1.329628103019508,4403.93701171875,7854.0,4500,2250,"[500, 500, 500, 500, 500, 500, 500, 500, 500]","[250, 250, 250, 250, 250, 250, 250, 250, 250]",2461,80.42831336405547,307.25858850728497,0
20260930-210411-0c0ed5,2026-09-30T21:18:43,final,test,breakfast_box,breakfast_box/test/good/090,hf_assets/mvtec_loco/mvtec_loco_anomaly_detection/breakfast_box/test/good/090.png,normal,0,none,8,"['breakfast_box/train/good/271', 'breakfast_box/train/good/248', 'breakfast_box/train/good/267', 'breakfast_box/train/good/219', 'breakfast_box/train/good/145', 'breakfast_box/train/good/149', 'breakfast_box/train/good/056', 'breakfast_box/train/good/028']",0,visionzip,0.25,True,sdpa,64,401408,Qwen/Qwen2.5-VL-3B-Instruct-AWQ,ok,,ANOMALOUS,1,ANOMALOUS,False,0.708798873422477,-1.295775055885315,-0.4062174310674891,158.23909999994612,1822.0419000000447,84.56969999997455,579.1476000000557,271.52730000000247,63.61760000004324,2643.998300000021,2915.5256000000236,5,1.7149566445240472,4069.875,7854.0,4500,1125,"[500, 500, 500, 500, 500, 500, 500, 500, 500]","[125, 125, 125, 125, 125, 125, 125, 125, 125]",1336,77.50085227272729,230.99163120261156,0
20260930-210411-0c0ed5,2026-09-30T21:18:46,final,test,breakfast_box,breakfast_box/test/good/090,hf_assets/mvtec_loco/mvtec_loco_anomaly_detection/breakfast_box/test/good/090.png,normal,0,none,1,['breakfast_box/train/good/271'],0,none,1.0,True,sdpa,64,401408,Qwen/Qwen2.5-VL-3B-Instruct-AWQ,ok,,ANOMALOUS,1,ANOMALOUS,False,0.7307838596611977,-1.3931937217712402,-0.39459053601603955,41.30469999995512,374.6758999999429,1.9690999999966152,456.20310000003883,272.04519999997956,70.13110000002598,874.1527999999334,1146.197999999913,5,4.36224805836372,3557.0205078125,7854.0,1000,1000,"[500, 500]","[500, 500]",1148,72.07158461538455,88.40388496256134,0
20260930-210411-0c0ed5,2026-09-30T21:18:48,final,test,breakfast_box,breakfast_box/test/good/061,hf_assets/mvtec_loco/mvtec_loco_anomaly_detection/breakfast_box/test/good/061.png,normal,0,none,1,['breakfast_box/train/good/271'],0,visionzip,0.5,True,sdpa,64,401408,Qwen/Qwen2.5-VL-3B-Instruct-AWQ,ok,,ANOMALOUS,1,ANOMALOUS,False,0.7307913610809754,-1.4035143852233887,-0.404873070307076,37.4751000000515,385.1641999999629,16.01949999997032,249.84789999996337,271.9619000000648,65.09429999994154,688.5066999999481,960.4686000000129,5,5.205792255988309,3442.1181640625,7854.0,1000,500,"[500, 500]","[250, 250]",648,66.65228571428571,68.76268370640328,0
20260930-210411-0c0ed5,2026-09-30T21:18:49,final,test,breakfast_box,breakfast_box/test/good/061,hf_assets/mvtec_loco/mvtec_loco_anomaly_detection/breakfast_box/test/good/061.png,normal,0,none,1,['breakfast_box/train/good/271'],0,visionzip,0.25,True,sdpa,64,401408,Qwen/Qwen2.5-VL-3B-Instruct-AWQ,ok,,ANOMALOUS,1,ANOMALOUS,False,0.7603924427345757,-1.5246880054473877,-0.36985574034042656,36.31519999999,380.7111999999506,16.87000000003991,161.82249999997111,260.00360000000455,59.10359999995762,595.7188999999516,855.7224999999562,5,5.843015697261969,3442.1181640625,7854.0,1000,250,"[500, 500]","[125, 125]",398,69.08518,63.63469090686167,0
20260930-210411-0c0ed5,2026-09-30T21:18:50,final,test,breakfast_box,breakfast_box/test/good/061,hf_assets/mvtec_loco/mvtec_loco_anomaly_detection/breakfast_box/test/good/061.png,normal,0,none,2,"['breakfast_box/train/good/271', 'breakfast_box/train/good/248']",0,none,1.0,True,sdpa,64,401408,Qwen/Qwen2.5-VL-3B-Instruct-AWQ,ok,,ANOMALOUS,1,ANOMALOUS,False,0.5961295166310109,-0.9789465069770813,-0.589582794578746,56.34280000003855,593.0885999999873,2.227800000014213,822.4963000000116,249.5981000000711,62.26400000002741,1474.1555000000517,1723.7536000001228,5,2.9006465889322253,3811.6455078125,7854.0,1500,1500,"[500, 500, 500]","[500, 500, 500]",1657,79.60586999999998,142.98767362523515,0
20260930-210411-0c0ed5,2026-09-30T21:18:51,final,test,breakfast_box,breakfast_box/test/good/061,hf_assets/mvtec_loco/mvtec_loco_anomaly_detection/breakfast_box/test/good/061.png,normal,0,none,2,"['breakfast_box/train/good/271', 'breakfast_box/train/good/248']",0,visionzip,0.75,True,sdpa,64,401408,Qwen/Qwen2.5-VL-3B-Instruct-AWQ,ok,,ANOMALOUS,1,ANOMALOUS,False,0.6073465993877478,-1.0105390548706055,-0.5743667132919654,52.63370000000123,591.5367999999717,24.20489999997244,562.0349000000715,244.97150000001966,54.67260000000351,1230.4103000000168,1475.3818000000365,5,3.3889532865322565,3629.35791015625,7854.0,1500,1125,"[500, 500, 500]","[375, 375, 375]",1282,76.58649350649353,118.04595609833581,0
20260930-210411-0c0ed5,2026-09-30T21:18:53,final,test,breakfast_box,breakfast_box/test/good/061,hf_assets/mvtec_loco/mvtec_loco_anomaly_detection/breakfast_box/test/good/061.png,normal,0,none,2,"['breakfast_box/train/good/271', 'breakfast_box/train/good/248']",0,visionzip,0.5,True,sdpa,64,401408,Qwen/Qwen2.5-VL-3B-Instruct-AWQ,ok,,ANOMALOUS,1,ANOMALOUS,False,0.6294439860599305,-1.0702462196350098,-0.5404139697784558,54.757999999992535,593.4088999999858,22.86909999997988,369.9684000000616,244.18409999998403,58.70669999990241,1041.0044000000198,1285.1885000000038,5,3.890479879021626,3531.3291015625,7854.0,1500,750,"[500, 500, 500]","[250, 250, 250]",907,77.44493506493497,104.70498685976474,0
20260930-210411-0c0ed5,2026-09-30T21:18:54,final,test,breakfast_box,breakfast_box/test/good/061,hf_assets/mvtec_loco/mvtec_loco_anomaly_detection/breakfast_box/test/good/061.png,normal,0,none,2,"['breakfast_box/train/good/271', 'breakfast_box/train/good/248']",0,visionzip,0.25,True,sdpa,64,401408,Qwen/Qwen2.5-VL-3B-Instruct-AWQ,ok,,ANOMALOUS,1,ANOMALOUS,False,0.6257970541198679,-1.0736992359161377,-0.5594713983591646,59.05670000004193,591.3282000000208,24.501099999952203,201.87050000004092,266.9611999999688,61.07150000002548,876.7565000000559,1143.7177000000247,5,4.37170815840298,3531.3291015625,7854.0,1500,375,"[500, 500, 500]","[125, 125, 125]",532,68.61941666666668,83.21985815238422,0
20260930-210411-0c0ed5,2026-09-30T21:18:56,final,test,breakfast_box,breakfast_box/test/good/061,hf_assets/mvtec_loco/mvtec_loco_anomaly_detection/breakfast_box/test/good/061.png,normal,0,none,4,"['breakfast_box/train/good/271', 'breakfast_box/train/good/248', 'breakfast_box/train/good/267', 'breakfast_box/train/good/219']",0,none,1.0,True,sdpa,64,401408,Qwen/Qwen2.5-VL-3B-Instruct-AWQ,ok,,ANOMALOUS,1,ANOMALOUS,False,0.5309283149101051,-0.8145505785942078,-0.6906791700748727,84.69990000003236,1001.2221999999156,14.858399999980065,1634.5029999999952,246.83570000001964,55.87160000004587,2735.283499999923,2982.119199999943,5,1.6766600074202587,4561.287109375,7854.0,2500,2500,"[500, 500, 500, 500, 500]","[500, 500, 500, 500, 500]",2675,83.32847023809525,253.27435210319203,0
20260930-210411-0c0ed5,2026-09-30T21:18:59,final,test,breakfast_box,breakfast_box/test/good/061,hf_assets/mvtec_loco/mvtec_loco_anomaly_detection/breakfast_box/test/good/061.png,normal,0,none,4,"['breakfast_box/train/good/271', 'breakfast_box/train/good/248', 'breakfast_box/train/good/267', 'breakfast_box/train/good/219']",0,visionzip,0.75,True,sdpa,64,401408,Qwen/Qwen2.5-VL-3B-Instruct-AWQ,ok,,ANOMALOUS,1,ANOMALOUS,False,0.5618957364409373,-0.8861407041549683,-0.6372813205234706,94.1222999999809,1019.7625000000698,52.44730000003983,1142.894100000035,258.47459999999955,56.231300000035844,2309.2262000001256,2567.700800000125,5,1.9472673763235018,4086.39990234375,7854.0,2500,1875,"[500, 500, 500, 500, 500]","[375, 375, 375, 375, 375]",2050,79.78080921052629,209.43233898187992,0
20260930-210411-0c0ed5,2026-09-30T21:19:01,final,test,breakfast_box,breakfast_box/test/good/061,hf_assets/mvtec_loco/mvtec_loco_anomaly_detection/breakfast_box/test/good/061.png,normal,0,none,4,"['breakfast_box/train/good/271', 'breakfast_box/train/good/248', 'breakfast_box/train/good/267', 'breakfast_box/train/good/219']",0,visionzip,0.5,True,sdpa,64,401408,Qwen/Qwen2.5-VL-3B-Instruct-AWQ,ok,,ANOMALOUS,1,ANOMALOUS,False,0.5733741382378083,-0.9116368293762207,-0.6160058066016063,81.80319999996755,1016.5058999999701,46.1736000000883,632.8349000000344,277.58699999992587,67.72379999995337,1777.3176000000603,2054.904599999986,5,2.4332029817832095,3711.10546875,7854.0,2500,1250,"[500, 500, 500, 500, 500]","[250, 250, 250, 250, 250]",1425,76.54649999999994,162.57779261385448,0
20260930-210411-0c0ed5,2026-09-30T21:19:03,final,test,breakfast_box,breakfast_box/test/good/061,hf_assets/mvtec_loco/mvtec_loco_anomaly_detection/breakfast_box/test/good/061.png,normal,0,none,4,"['breakfast_box/train/good/271', 'breakfast_box/train/good/248', 'breakfast_box/train/good/267', 'breakfast_box/train/good/219']",0,visionzip,0.25,True,sdpa,64,401408,Qwen/Qwen2.5-VL-3B-Instruct-AWQ,ok,,ANOMALOUS,1,ANOMALOUS,False,0.6258481440342826,-1.0511888265609741,-0.5367428133031353,86.59570000008898,1021.6265999999905,49.17089999992186,319.02230000002874,287.80380000000605,70.6387000000177,1476.41550000003,1764.2193000000361,5,2.834114783802613,3711.10546875,7854.0,2500,625,"[500, 500, 500, 500, 500]","[125, 125, 125, 125, 125]",800,74.21529411764702,136.26158809564802,0
20260930-210411-0c0ed5,2026-09-30T21:19:05,final,test,breakfast_box,breakfast_box/test/good/061,hf_assets/mvtec_loco/mvtec_loco_anomaly_detection/breakfast_box/test/good/061.png,normal,0,none,8,"['breakfast_box/train/good/271', 'breakfast_box/train/good/248', 'breakfast_box/train/good/267', 'breakfast_box/train/good/219', 'breakfast_box/train/good/145', 'breakfast_box/train/good/149', 'breakfast_box/train/good/056', 'breakfast_box/train/good/028']",0,none,1.0,True,sdpa,64,401408,Qwen/Qwen2.5-VL-3B-Instruct-AWQ,ok,,ANOMALOUS,1,ANOMALOUS,False,0.5114257310922783,-0.7720987796783447,-0.7263878976227716,151.4386999999715,1819.4088000000193,6.140799999911906,9803.930100000001,274.5254000000159,60.05649999997331,11780.918399999904,12055.44379999992,5,0.4147503885340192,6854.44287109375,7854.0,4500,4500,"[500, 500, 500, 500, 500, 500, 500, 500, 500]","[500, 500, 500, 500, 500, 500, 500, 500, 500]",4711,57.06066618705022,692.5817216293938,0
20260930-210411-0c0ed5,2026-09-30T21:19:17,final,test,breakfast_box,breakfast_box/test/good/061,hf_assets/mvtec_loco/mvtec_loco_anomaly_detection/breakfast_box/test/good/061.png,normal,0,none,8,"['breakfast_box/train/good/271', 'breakfast_box/train/good/248', 'breakfast_box/train/good/267', 'breakfast_box/train/good/219', 'breakfast_box/train/good/145', 'breakfast_box/train/good/149', 'breakfast_box/train/good/056', 'breakfast_box/train/good/028']",0,visionzip,0.75,True,sdpa,64,401408,Qwen/Qwen2.5-VL-3B-Instruct-AWQ,ok,,ANOMALOUS,1,ANOMALOUS,False,0.5075296884040711,-0.7630117535591125,-0.7328907228074968,154.69659999996566,1808.6501000000226,85.39059999998244,2672.895599999947,256.4933999999539,64.45029999997587,4721.632899999918,4978.126299999872,5,1.004393962443285,5478.0888671875,7854.0,4500,3375,"[500, 500, 500, 500, 500, 500, 500, 500, 500]","[375, 375, 375, 375, 375, 375, 375, 375, 375]",3586,81.60010915492963,411.57597695742976,0
20260930-210411-0c0ed5,2026-09-30T21:19:23,final,test,breakfast_box,breakfast_box/test/good/061,hf_assets/mvtec_loco/mvtec_loco_anomaly_detection/breakfast_box/test/good/061.png,normal,0,none,8,"['breakfast_box/train/good/271', 'breakfast_box/train/good/248', 'breakfast_box/train/good/267', 'breakfast_box/train/good/219', 'breakfast_box/train/good/145', 'breakfast_box/train/good/149', 'breakfast_box/train/good/056', 'breakfast_box/train/good/028']",0,visionzip,0.5,True,sdpa,64,401408,Qwen/Qwen2.5-VL-3B-Instruct-AWQ,ok,,ANOMALOUS,1,ANOMALOUS,False,0.5541643956020154,-0.8590725064277649,-0.6415614048019052,153.4787000000506,1809.7520999999688,89.4385000000284,1473.9505000000008,248.6492000000453,64.76290000000517,3526.6198000000486,3775.269000000094,5,1.324408936157894,4403.93701171875,7854.0,4500,2250,"[500, 500, 500, 500, 500, 500, 500, 500, 500]","[250, 250, 250, 250, 250, 250, 250, 250, 250]",2461,80.66549065420554,309.84732177325446,0
20260930-210411-0c0ed5,2026-09-30T21:19:26,final,test,breakfast_box,breakfast_box/test/good/061,hf_assets/mvtec_loco/mvtec_loco_anomaly_detection/breakfast_box/test/good/061.png,normal,0,none,8,"['breakfast_box/train/good/271', 'breakfast_box/train/good/248', 'breakfast_box/train/good/267', 'breakfast_box/train/good/219', 'breakfast_box/train/good/145', 'breakfast_box/train/good/149', 'breakfast_box/train/good/056', 'breakfast_box/train/good/028']",0,visionzip,0.25,True,sdpa,64,401408,Qwen/Qwen2.5-VL-3B-Instruct-AWQ,ok,,ANOMALOUS,1,ANOMALOUS,False,0.5885897368848787,-0.9431583285331726,-0.5850198530824855,154.51980000000276,1835.6096999999636,84.49499999994714,579.0435000000116,235.3846999999405,60.09370000003855,2653.667999999925,2889.0526999998656,5,1.730671095061794,4069.875,7854.0,4500,1125,"[500, 500, 500, 500, 500, 500, 500, 500, 500]","[125, 125, 125, 125, 125, 125, 125, 125, 125]",1336,76.95048192771085,227.03407088556892,0
20260930-210411-0c0ed5,2026-09-30T21:19:29,final,test,breakfast_box,breakfast_box/test/good/061,hf_assets/mvtec_loco/mvtec_loco_anomaly_detection/breakfast_box/test/good/061.png,normal,0,none,1,['breakfast_box/train/good/271'],0,none,1.0,True,sdpa,64,401408,Qwen/Qwen2.5-VL-3B-Instruct-AWQ,ok,,ANOMALOUS,1,ANOMALOUS,False,0.7399218669025953,-1.4179551601409912,-0.37239266256801784,34.56000000005588,380.611399999907,2.8614000000288797,456.67919999993956,232.34359999992193,59.6887000000379,874.7119999999313,1107.0555999998533,5,4.516484989553065,3557.0205078125,7854.0,1000,1000,"[500, 500]","[500, 500]",1148,79.54396969696965,93.74710229414791,0
20260930-210411-0c0ed5,2026-09-30T21:19:31,final,test,breakfast_box,breakfast_box/test/good/061,hf_assets/mvtec_loco/mvtec_loco_anomaly_detection/breakfast_box/test/good/061.png,normal,0,none,1,['breakfast_box/train/good/271'],0,visionzip,0.75,True,sdpa,64,401408,Qwen/Qwen2.5-VL-3B-Instruct-AWQ,ok,,ANOMALOUS,1,ANOMALOUS,False,0.7770808662424866,-1.5800315141677856,-0.3312961710616946,40.02550000006977,375.5964000000631,16.24729999991814,367.81010000004244,240.00179999995908,62.93659999994361,799.6793000000935,1039.6811000000525,5,4.809166964754622,3468.9521484375,7854.0,1000,750,"[500, 500]","[375, 375]",898,75.20129999999996,83.37037961835044,0
20260930-210411-0c0ed5,2026-09-30T21:19:32,final,test,breakfast_box,breakfast_box/test/good/060,hf_assets/mvtec_loco/mvtec_loco_anomaly_detection/breakfast_box/test/good/060.png,normal,0,none,1,['breakfast_box/train/good/271'],0,visionzip,0.25,True,sdpa,64,401408,Qwen/Qwen2.5-VL-3B-Instruct-AWQ,ok,,ANOMALOUS,1,ANOMALOUS,False,0.7517505585708093,-1.4938318729400635,-0.38586136093363166,39.329999999949905,374.8316999999588,15.219900000033704,162.52699999995457,259.38010000004397,55.32510000000457,591.908599999897,851.288699999941,5,5.87344810285905,3442.1181640625,7854.0,1000,250,"[500, 500]","[125, 125]",398,71.41434545454543,65.26710571933741,0
20260930-210411-0c0ed5,2026-09-30T21:19:33,final,test,breakfast_box,breakfast_box/test/good/060,hf_assets/mvtec_loco/mvtec_loco_anomaly_detection/breakfast_box/test/good/060.png,normal,0,none,2,"['breakfast_box/train/good/271', 'breakfast_box/train/good/248']",0,none,1.0,True,sdpa,64,401408,Qwen/Qwen2.5-VL-3B-Instruct-AWQ,ok,,ANOMALOUS,1,ANOMALOUS,False,0.6110742622803719,-1.0206255912780762,-0.5687955170869827,55.40500000006432,594.5236000000023,7.404899999983172,822.3496000000523,240.40409999997792,62.00119999994058,1479.683100000102,1720.08720000008,5,2.9068293746966827,3811.6455078125,7854.0,1500,1500,"[500, 500, 500]","[500, 500, 500]",1657,76.64968686868691,136.70230973013483,0
20260930-210411-0c0ed5,2026-09-30T21:19:34,final,test,breakfast_box,breakfast_box/test/good/060,hf_assets/mvtec_loco/mvtec_loco_anomaly_detection/breakfast_box/test/good/060.png,normal,0,none,2,"['breakfast_box/train/good/271', 'breakfast_box/train/good/248']",0,visionzip,0.75,True,sdpa,64,401408,Qwen/Qwen2.5-VL-3B-Instruct-AWQ,ok,,ANOMALOUS,1,ANOMALOUS,False,0.6367202148976667,-1.0896806716918945,-0.5285236309282482,50.89689999999791,587.677900000017,23.898199999962344,562.5640999999177,259.62700000002314,65.74360000001889,1225.037099999895,1484.664099999918,5,3.3677651396031436,3629.35791015625,7854.0,1500,1125,"[500, 500, 500]","[375, 375, 375]",1282,79.02594252873561,123.20023530537784,0
20260930-210411-0c0ed5,2026-09-30T21:19:36,final,test,breakfast_box,breakfast_box/test/good/060,hf_assets/mvtec_loco/mvtec_loco_anomaly_detection/breakfast_box/test/good/060.png,normal,0,none,2,"['breakfast_box/train/good/271', 'breakfast_box/train/good/248']",0,visionzip,0.5,True,sdpa,64,401408,Qwen/Qwen2.5-VL-3B-Instruct-AWQ,ok,,ANOMALOUS,1,ANOMALOUS,False,0.6545787342363969,-1.143059253692627,-0.5038321111351252,55.336200000056124,593.2374000000209,23.32699999999477,370.2433999999357,258.74450000003435,60.49889999997049,1042.1440000000075,1300.8885000000419,5,3.843526943315925,3531.3291015625,7854.0,1500,750,"[500, 500, 500]","[250, 250, 250]",907,74.28984523809524,101.72954247524024,0
20260930-210411-0c0ed5,2026-09-30T21:19:37,final,test,breakfast_box,breakfast_box/test/good/060,hf_assets/mvtec_loco/mvtec_loco_anomaly_detection/breakfast_box/test/good/060.png,normal,0,none,2,"['breakfast_box/train/good/271', 'breakfast_box/train/good/248']",0,visionzip,0.25,True,sdpa,64,401408,Qwen/Qwen2.5-VL-3B-Instruct-AWQ,ok,,ANOMALOUS,1,ANOMALOUS,False,0.588554798366867,-0.9739831686019897,-0.6159889748087153,59.87890000005791,605.526300000065,23.801199999979872,202.73440000005394,263.50170000000617,62.15789999998833,891.9408000001567,1155.442500000163,5,4.327346449519812,3531.3291015625,7854.0,1500,375,"[500, 500, 500]","[125, 125, 125]",532,72.05982191780825,88.42130713549851,0
20260930-210411-0c0ed5,2026-09-30T21:19:39,final,test,breakfast_box,breakfast_box/test/good/060,hf_assets/mvtec_loco/mvtec_loco_anomaly_detection/breakfast_box/test/good/060.png,normal,0,none,4,"['breakfast_box/train/good/271', 'breakfast_box/train/good/248', 'breakfast_box/train/good/267', 'breakfast_box/train/good/219']",0,none,1.0,True,sdpa,64,401408,Qwen/Qwen2.5-VL-3B-Instruct-AWQ,ok,,ANOMALOUS,1,ANOMALOUS,False,0.523142913446811,-0.8020214438438416,-0.7093835971318185,84.26190000000133,1022.9355000000169,16.68670000003658,1664.1070000000582,253.4074000000146,69.05749999998534,2787.991100000113,3041.3985000001276,5,1.6439805569706798,4561.287109375,7854.0,2500,2500,"[500, 500, 500, 500, 500]","[500, 500, 500, 500, 500]",2675,80.66415333333337,251.0179640500464,0
20260930-210411-0c0ed5,2026-09-30T21:19:42,final,test,breakfast_box,breakfast_box/test/good/060,hf_assets/mvtec_loco/mvtec_loco_anomaly_detection/breakfast_box/test/good/060.png,normal,0,none,4,"['breakfast_box/train/good/271', 'breakfast_box/train/good/248', 'breakfast_box/train/good/267', 'breakfast_box/train/good/219']",0,visionzip,0.75,True,sdpa,64,401408,Qwen/Qwen2.5-VL-3B-Instruct-AWQ,ok,,ANOMALOUS,1,ANOMALOUS,False,0.5618985215505637,-0.8853355646133423,-0.6364648671587929,86.65829999995367,1036.3230000000385,49.42020000009961,1144.101399999954,223.73370000002524,55.46700000002147,2316.502900000046,2540.236600000071,5,1.9683205887199091,4086.39990234375,7854.0,2500,1875,"[500, 500, 500, 500, 500]","[375, 375, 375, 375, 375]",2050,80.66355704697988,209.49909997361317,0
20260930-210411-0c0ed5,2026-09-30T21:19:44,final,test,breakfast_box,breakfast_box/test/good/060,hf_assets/mvtec_loco/mvtec_loco_anomaly_detection/breakfast_box/test/good/060.png,normal,0,none,4,"['breakfast_box/train/good/271', 'breakfast_box/train/good/248', 'breakfast_box/train/good/267', 'breakfast_box/train/good/219']",0,visionzip,0.5,True,sdpa,64,401408,Qwen/Qwen2.5-VL-3B-Instruct-AWQ,ok,,ANOMALOUS,1,ANOMALOUS,False,0.5580277523646634,-0.878010094165802,-0.644848489551805,86.99200000000928,1011.80080000006,50.40740000004007,636.6616999999906,250.65139999992425,64.8174000000381,1785.8619000001,2036.5133000000242,5,2.455176698330397,3711.10546875,7854.0,2500,1250,"[500, 500, 500, 500, 500]","[250, 250, 250, 250, 250]",1425,76.28210434782606,160.38486362328146,0
20260930-210411-0c0ed5,2026-09-30T21:19:47,final,test,breakfast_box,breakfast_box/test/good/060,hf_assets/mvtec_loco/mvtec_loco_anomaly_detection/breakfast_box/test/good/060.png,normal,0,none,4,"['breakfast_box/train/good/271', 'breakfast_box/train/good/248', 'breakfast_box/train/good/267', 'breakfast_box/train/good/219']",0,visionzip,0.25,True,sdpa,64,401408,Qwen/Qwen2.5-VL-3B-Instruct-AWQ,ok,,ANOMALOUS,1,ANOMALOUS,False,0.5618768416682062,-0.8876141905784607,-0.63883156189695,88.23949999998604,1001.928800000087,55.34099999999853,318.53259999991224,263.779999999997,66.37639999996736,1464.0418999999838,1727.8218999999808,5,2.8938167759073177,3711.10546875,7854.0,2500,625,"[500, 500, 500, 500, 500]","[125, 125, 125, 125, 125]",800,74.83245544554461,134.34765015032397,0
20260930-210411-0c0ed5,2026-09-30T21:19:48,final,test,breakfast_box,breakfast_box/test/good/060,hf_assets/mvtec_loco/mvtec_loco_anomaly_detection/breakfast_box/test/good/060.png,normal,0,none,8,"['breakfast_box/train/good/271', 'breakfast_box/train/good/248', 'breakfast_box/train/good/267', 'breakfast_box/train/good/219', 'breakfast_box/train/good/145', 'breakfast_box/train/good/149', 'breakfast_box/train/good/056', 'breakfast_box/train/good/028']",0,none,1.0,True,sdpa,64,401408,Qwen/Qwen2.5-VL-3B-Instruct-AWQ,ok,,ANOMALOUS,1,ANOMALOUS,False,0.5503404054502238,-0.8621531128883362,-0.6601069470634684,164.5707999999786,1790.3258999999707,4.333200000019133,9800.91570000002,275.95080000003236,69.24190000006547,11760.145599999989,12036.09640000002,5,0.41541707824805985,6854.44287109375,7854.0,4500,4500,"[500, 500, 500, 500, 500, 500, 500, 500, 500]","[500, 500, 500, 500, 500, 500, 500, 500, 500]",4711,56.60334550989349,686.5610530169329,0
20260930-210411-0c0ed5,2026-09-30T21:20:01,final,test,breakfast_box,breakfast_box/test/good/060,hf_assets/mvtec_loco/mvtec_loco_anomaly_detection/breakfast_box/test/good/060.png,normal,0,none,8,"['breakfast_box/train/good/271', 'breakfast_box/train/good/248', 'breakfast_box/train/good/267', 'breakfast_box/train/good/219', 'breakfast_box/train/good/145', 'breakfast_box/train/good/149', 'breakfast_box/train/good/056', 'breakfast_box/train/good/028']",0,visionzip,0.75,True,sdpa,64,401408,Qwen/Qwen2.5-VL-3B-Instruct-AWQ,ok,,ANOMALOUS,1,ANOMALOUS,False,0.5695967167201598,-0.8997834324836731,-0.6195774738444015,147.1168000000489,1839.8568999999725,90.47060000000329,2673.70870000002,244.3537000000333,52.75059999996756,4751.153000000045,4995.506700000078,5,1.0008994683161814,5478.0888671875,7854.0,4500,3375,"[500, 500, 500, 500, 500, 500, 500, 500, 500]","[375, 375, 375, 375, 375, 375, 375, 375, 375]",3586,82.06278114478114,414.38227478077476,0
20260930-210411-0c0ed5,2026-09-30T21:20:06,final,test,breakfast_box,breakfast_box/test/good/060,hf_assets/mvtec_loco/mvtec_loco_anomaly_detection/breakfast_box/test/good/060.png,normal,0,none,8,"['breakfast_box/train/good/271', 'breakfast_box/train/good/248', 'breakfast_box/train/good/267', 'breakfast_box/train/good/219', 'breakfast_box/train/good/145', 'breakfast_box/train/good/149', 'breakfast_box/train/good/056', 'breakfast_box/train/good/028']",0,visionzip,0.5,True,sdpa,64,401408,Qwen/Qwen2.5-VL-3B-Instruct-AWQ,ok,,ANOMALOUS,1,ANOMALOUS,False,0.561899012114615,-0.8809167146682739,-0.6320440244162455,151.55719999995654,1801.6029000000344,89.22259999997095,1470.935000000054,231.51070000005802,58.4671999999955,3513.317700000016,3744.828400000074,5,1.3351746638110042,4403.93701171875,7854.0,4500,2250,"[500, 500, 500, 500, 500, 500, 500, 500, 500]","[250, 250, 250, 250, 250, 250, 250, 250, 250]",2461,80.55635023041478,306.46662129728236,0
20260930-210411-0c0ed5,2026-09-30T21:20:09,final,test,breakfast_box,breakfast_box/test/good/060,hf_assets/mvtec_loco/mvtec_loco_anomaly_detection/breakfast_box/test/good/060.png,normal,0,none,8,"['breakfast_box/train/good/271', 'breakfast_box/train/good/248', 'breakfast_box/train/good/267', 'breakfast_box/train/good/219', 'breakfast_box/train/good/145', 'breakfast_box/train/good/149', 'breakfast_box/train/good/056', 'breakfast_box/train/good/028']",0,visionzip,0.25,True,sdpa,64,401408,Qwen/Qwen2.5-VL-3B-Instruct-AWQ,ok,,ANOMALOUS,1,ANOMALOUS,False,0.5695441444931009,-0.9005962610244751,-0.6206047429004684,151.6854000000194,1791.2380000000212,89.26559999997608,579.2683000000807,243.10289999993984,60.47009999997499,2611.4573000000973,2854.560200000037,5,1.7515833087002106,4069.875,7854.0,4500,1125,"[500, 500, 500, 500, 500, 500, 500, 500, 500]","[125, 125, 125, 125, 125, 125, 125, 125, 125]",1336,77.33801169590645,225.53573920000247,0
20260930-210411-0c0ed5,2026-09-30T21:20:12,final,test,breakfast_box,breakfast_box/test/good/060,hf_assets/mvtec_loco/mvtec_loco_anomaly_detection/breakfast_box/test/good/060.png,normal,0,none,1,['breakfast_box/train/good/271'],0,none,1.0,True,sdpa,64,401408,Qwen/Qwen2.5-VL-3B-Instruct-AWQ,ok,,ANOMALOUS,1,ANOMALOUS,False,0.7903139400944613,-1.6385166645050049,-0.3116978647885844,36.43460000000687,384.58509999998114,1.690399999915826,456.2062000001106,254.93169999992915,69.16639999997187,878.9163000000144,1133.8479999999436,5,4.4097621550686235,3557.0205078125,7854.0,1000,1000,"[500, 500]","[500, 500]",1148,73.35685507246379,89.01296117376864,0
20260930-210411-0c0ed5,2026-09-30T21:20:14,final,test,breakfast_box,breakfast_box/test/good/060,hf_assets/mvtec_loco/mvtec_loco_anomaly_detection/breakfast_box/test/good/060.png,normal,0,none,1,['breakfast_box/train/good/271'],0,visionzip,0.75,True,sdpa,64,401408,Qwen/Qwen2.5-VL-3B-Instruct-AWQ,ok,,ANOMALOUS,1,ANOMALOUS,False,0.8173821725050057,-1.776315450668335,-0.27760428457986563,35.0460000000794,382.2139999999763,16.0776000000169,367.56000000002587,272.60580000006485,61.81140000001051,800.8976000000985,1073.5034000001633,5,4.657647102001949,3468.9521484375,7854.0,1000,750,"[500, 500]","[375, 375]",898,72.88622950819673,83.19864701951126,0
20260930-210411-0c0ed5,2026-09-30T21:20:15,final,test,breakfast_box,breakfast_box/test/good/060,hf_assets/mvtec_loco/mvtec_loco_anomaly_detection/breakfast_box/test/good/060.png,normal,0,none,1,['breakfast_box/train/good/271'],0,visionzip,0.5,True,sdpa,64,401408,Qwen/Qwen2.5-VL-3B-Instruct-AWQ,ok,,ANOMALOUS,1,ANOMALOUS,False,0.7770625171594814,-1.5834910869598389,-0.33486166631337255,43.772999999987405,384.8653000000013,15.966700000035416,249.42759999998998,274.91280000003826,68.48179999997228,694.0326000000141,968.9454000000524,5,5.160249483613556,3442.1181640625,7854.0,1000,500,"[500, 500]","[250, 250]",648,70.79280701754385,73.85958681394284,0
20260930-210411-0c0ed5,2026-09-30T21:20:16,final,test,breakfast_box,breakfast_box/test/logical_anomalies/009,hf_assets/mvtec_loco/mvtec_loco_anomaly_detection/breakfast_box/test/logical_anomalies/009.png,logical_anomaly,1,logical,2,"['breakfast_box/train/good/271', 'breakfast_box/train/good/248']",0,none,1.0,True,sdpa,64,401408,Qwen/Qwen2.5-VL-3B-Instruct-AWQ,ok,,ANOMALOUS,1,ANOMALOUS,False,0.6073534071375042,-1.0076441764831543,-0.5714432880049571,55.7830999999851,596.7928999999685,1.9907999999304593,822.5972000000183,271.6692000000194,56.60699999998542,1477.1639999999024,1748.8331999999218,5,2.8590491077137736,3811.6455078125,7854.0,1500,1500,"[500, 500, 500]","[500, 500, 500]",1657,76.17641666666658,138.29994510421213,1
20260930-210411-0c0ed5,2026-09-30T21:20:18,final,test,breakfast_box,breakfast_box/test/logical_anomalies/009,hf_assets/mvtec_loco/mvtec_loco_anomaly_detection/breakfast_box/test/logical_anomalies/009.png,logical_anomaly,1,logical,2,"['breakfast_box/train/good/271', 'breakfast_box/train/good/248']",0,visionzip,0.75,True,sdpa,64,401408,Qwen/Qwen2.5-VL-3B-Instruct-AWQ,ok,,ANOMALOUS,1,ANOMALOUS,False,0.6367447644065074,-1.0857603549957275,-0.5244971790816635,53.682999999978165,595.3611000001047,22.53650000000107,562.0987999999443,253.62300000006144,58.777500000019245,1233.6794000000282,1487.3024000000896,5,3.361791119277222,3629.35791015625,7854.0,1500,1125,"[500, 500, 500]","[375, 375, 375]",1282,77.08746987951803,119.79503825233068,1
20260930-210411-0c0ed5,2026-09-30T21:20:19,final,test,breakfast_box,breakfast_box/test/logical_anomalies/009,hf_assets/mvtec_loco/mvtec_loco_anomaly_detection/breakfast_box/test/logical_anomalies/009.png,logical_anomaly,1,logical,2,"['breakfast_box/train/good/271', 'breakfast_box/train/good/248']",0,visionzip,0.5,True,sdpa,64,401408,Qwen/Qwen2.5-VL-3B-Instruct-AWQ,ok,,ANOMALOUS,1,ANOMALOUS,False,0.6439071373288758,-1.1104919910430908,-0.5181290190666914,53.63089999991644,592.5551000000269,23.484800000005635,370.65340000003744,234.9686999999676,59.47300000002542,1040.3241999999864,1275.292899999954,5,3.920667950084393,3531.3291015625,7854.0,1500,750,"[500, 500, 500]","[250, 250, 250]",907,77.82046376811597,104.46275867986901,1
20260930-210411-0c0ed5,2026-09-30T21:20:21,final,test,breakfast_box,breakfast_box/test/logical_anomalies/009,hf_assets/mvtec_loco/mvtec_loco_anomaly_detection/breakfast_box/test/logical_anomalies/009.png,logical_anomaly,1,logical,2,"['breakfast_box/train/good/271', 'breakfast_box/train/good/248']",0,visionzip,0.25,True,sdpa,64,401408,Qwen/Qwen2.5-VL-3B-Instruct-AWQ,ok,,ANOMALOUS,1,ANOMALOUS,False,0.5961023737210317,-0.9956400394439697,-0.6063890646910295,55.22180000002663,587.6930000000584,22.887800000034986,201.95520000004308,236.25160000005963,58.37629999996352,867.7578000001631,1104.0094000002227,5,4.528946945559514,3531.3291015625,7854.0,1500,375,"[500, 500, 500]","[125, 125, 125]",532,74.5063787878788,87.19627542047662,1
20260930-210411-0c0ed5,2026-09-30T21:20:22,final,test,breakfast_box,breakfast_box/test/logical_anomalies/009,hf_assets/mvtec_loco/mvtec_loco_anomaly_detection/breakfast_box/test/logical_anomalies/009.png,logical_anomaly,1,logical,4,"['breakfast_box/train/good/271', 'breakfast_box/train/good/248', 'breakfast_box/train/good/267', 'breakfast_box/train/good/219']",0,none,1.0,True,sdpa,64,401408,Qwen/Qwen2.5-VL-3B-Instruct-AWQ,ok,,ANOMALOUS,1,ANOMALOUS,False,0.5619050863524656,-0.887283980846405,-0.6383866154355928,89.7895000000517,1009.3891999999869,15.592399999945883,1639.083699999901,227.56639999988693,55.104400000004716,2753.8547999998855,2981.4211999997724,5,1.6770525412512602,4561.287109375,7854.0,2500,2500,"[500, 500, 500, 500, 500]","[500, 500, 500, 500, 500]",2675,82.54117500000001,250.73321424342123,1
20260930-210411-0c0ed5,2026-09-30T21:20:25,final,test,breakfast_box,breakfast_box/test/logical_anomalies/009,hf_assets/mvtec_loco/mvtec_loco_anomaly_detection/breakfast_box/test/logical_anomalies/009.png,logical_anomaly,1,logical,4,"['breakfast_box/train/good/271', 'breakfast_box/train/good/248', 'breakfast_box/train/good/267', 'breakfast_box/train/good/219']",0,visionzip,0.75,True,sdpa,64,401408,Qwen/Qwen2.5-VL-3B-Instruct-AWQ,ok,,ANOMALOUS,1,ANOMALOUS,False,0.5580462857729771,-0.8756681084632874,-0.642431357759051,86.09899999999016,1008.0582999999024,50.5235000000539,1142.9219999999987,228.018200000065,76.58029999993232,2287.602799999945,2515.62100000001,5,1.9875808001284692,4086.39990234375,7854.0,2500,1875,"[500, 500, 500, 500, 500]","[375, 375, 375, 375, 375]",2050,80.48976712328765,208.74625898668023,1
20260930-210411-0c0ed5,2026-09-30T21:20:28,final,test,breakfast_box,breakfast_box/test/logical_anomalies/009,hf_assets/mvtec_loco/mvtec_loco_anomaly_detection/breakfast_box/test/logical_anomalies/009.png,logical_anomaly,1,logical,4,"['breakfast_box/train/good/271', 'breakfast_box/train/good/248', 'breakfast_box/train/good/267', 'breakfast_box/train/good/219']",0,visionzip,0.5,True,sdpa,64,401408,Qwen/Qwen2.5-VL-3B-Instruct-AWQ,ok,,ANOMALOUS,1,ANOMALOUS,False,0.62950622899324,-1.0588700771331787,-0.5287709607509896,91.39089999996486,1023.9726999999448,48.09880000004796,632.5127000000066,272.4276999999802,64.46690000007038,1795.9750999999642,2068.4027999999444,5,2.4173241304837405,3711.10546875,7854.0,2500,1250,"[500, 500, 500, 500, 500]","[250, 250, 250, 250, 250]",1425,78.29498260869568,167.0867543097882,1
20260930-210411-0c0ed5,2026-09-30T21:20:30,final,test,breakfast_box,breakfast_box/test/logical_anomalies/009,hf_assets/mvtec_loco/mvtec_loco_anomaly_detection/breakfast_box/test/logical_anomalies/009.png,logical_anomaly,1,logical,4,"['breakfast_box/train/good/271', 'breakfast_box/train/good/248', 'breakfast_box/train/good/267', 'breakfast_box/train/good/219']",0,visionzip,0.25,True,sdpa,64,401408,Qwen/Qwen2.5-VL-3B-Instruct-AWQ,ok,,ANOMALOUS,1,ANOMALOUS,False,0.6185202924002953,-1.029451847076416,-0.5461795049486682,87.08579999995436,1039.2918000000009,50.29709999996612,318.8423999999941,253.03459999997813,73.69820000008076,1495.5170999999154,1748.5516999998936,5,2.859509387111805,3711.10546875,7854.0,2500,625,"[500, 500, 500, 500, 500]","[125, 125, 125, 125, 125]",800,75.1945,137.10932044419343,1
20260930-210411-0c0ed5,2026-09-30T21:20:32,final,test,breakfast_box,breakfast_box/test/logical_anomalies/009,hf_assets/mvtec_loco/mvtec_loco_anomaly_detection/breakfast_box/test/logical_anomalies/009.png,logical_anomaly,1,logical,8,"['breakfast_box/train/good/271', 'breakfast_box/train/good/248', 'breakfast_box/train/good/267', 'breakfast_box/train/good/219', 'breakfast_box/train/good/145', 'breakfast_box/train/good/149', 'breakfast_box/train/good/056', 'breakfast_box/train/good/028']",0,none,1.0,True,sdpa,64,401408,Qwen/Qwen2.5-VL-3B-Instruct-AWQ,ok,,ANOMALOUS,1,ANOMALOUS,False,0.6148358448549524,-1.0154649019241333,-0.547779209096916,150.30459999991308,1847.6334000000634,4.6287000000120315,9809.386700000005,274.5816000000332,56.28989999991063,11811.953399999993,12086.535000000025,5,0.4136834915879522,6854.44287109375,7854.0,4500,4500,"[500, 500, 500, 500, 500, 500, 500, 500, 500]","[500, 500, 500, 500, 500, 500, 500, 500, 500]",4711,56.97606599713046,693.2845944272816,1
20260930-210411-0c0ed5,2026-09-30T21:20:44,final,test,breakfast_box,breakfast_box/test/logical_anomalies/009,hf_assets/mvtec_loco/mvtec_loco_anomaly_detection/breakfast_box/test/logical_anomalies/009.png,logical_anomaly,1,logical,8,"['breakfast_box/train/good/271', 'breakfast_box/train/good/248', 'breakfast_box/train/good/267', 'breakfast_box/train/good/219', 'breakfast_box/train/good/145', 'breakfast_box/train/good/149', 'breakfast_box/train/good/056', 'breakfast_box/train/good/028']",0,visionzip,0.75,True,sdpa,64,401408,Qwen/Qwen2.5-VL-3B-Instruct-AWQ,ok,,ANOMALOUS,1,ANOMALOUS,False,0.6074253364857211,-0.9943521618843079,-0.5578496417729184,151.127200000019,1839.909700000021,88.95919999997659,2683.3164000000806,255.23739999994177,71.2285999999267,4763.312500000097,5018.549900000039,5,0.9963037330763536,5478.0888671875,7854.0,4500,3375,"[500, 500, 500, 500, 500, 500, 500, 500, 500]","[375, 375, 375, 375, 375, 375, 375, 375, 375]",3586,80.75083333333325,411.102080670754,1
20260930-210411-0c0ed5,2026-09-30T21:20:49,final,test,breakfast_box,breakfast_box/test/logical_anomalies/009,hf_assets/mvtec_loco/mvtec_loco_anomaly_detection/breakfast_box/test/logical_anomalies/009.png,logical_anomaly,1,logical,8,"['breakfast_box/train/good/271', 'breakfast_box/train/good/248', 'breakfast_box/train/good/267', 'breakfast_box/train/good/219', 'breakfast_box/train/good/145', 'breakfast_box/train/good/149', 'breakfast_box/train/good/056', 'breakfast_box/train/good/028']",0,visionzip,0.5,True,sdpa,64,401408,Qwen/Qwen2.5-VL-3B-Instruct-AWQ,ok,,ANOMALOUS,1,ANOMALOUS,False,0.6111146036127569,-1.000422477722168,-0.5484226582339033,156.43609999995078,1839.1441999999643,94.6376000000555,1479.6317999999928,247.34120000005078,62.78519999989385,3569.8496999999634,3817.190900000014,5,1.3098637534737865,4403.93701171875,7854.0,4500,2250,"[500, 500, 500, 500, 500, 500, 500, 500, 500]","[250, 250, 250, 250, 250, 250, 250, 250, 250]",2461,78.10897674418597,303.15395951060856,1
20260930-210411-0c0ed5,2026-09-30T21:20:53,final,test,breakfast_box,breakfast_box/test/logical_anomalies/009,hf_assets/mvtec_loco/mvtec_loco_anomaly_detection/breakfast_box/test/logical_anomalies/009.png,logical_anomaly,1,logical,8,"['breakfast_box/train/good/271', 'breakfast_box/train/good/248', 'breakfast_box/train/good/267', 'breakfast_box/train/good/219', 'breakfast_box/train/good/145', 'breakfast_box/train/good/149', 'breakfast_box/train/good/056', 'breakfast_box/train/good/028']",0,visionzip,0.25,True,sdpa,64,401408,Qwen/Qwen2.5-VL-3B-Instruct-AWQ,ok,,ANOMALOUS,1,ANOMALOUS,False,0.6823310469673375,-1.2085366249084473,-0.44403149106074125,156.38159999991785,1827.4744000000283,89.74490000002788,579.0947000000415,241.54379999993125,61.79680000002463,2652.6956000000155,2894.2393999999467,5,1.7275695991147422,4069.875,7854.0,4500,1125,"[500, 500, 500, 500, 500, 500, 500, 500, 500]","[125, 125, 125, 125, 125, 125, 125, 125, 125]",1336,78.00187500000003,230.66226183263123,1
20260930-210411-0c0ed5,2026-09-30T21:20:56,final,test,breakfast_box,breakfast_box/test/logical_anomalies/009,hf_assets/mvtec_loco/mvtec_loco_anomaly_detection/breakfast_box/test/logical_anomalies/009.png,logical_anomaly,1,logical,1,['breakfast_box/train/good/271'],0,none,1.0,True,sdpa,64,401408,Qwen/Qwen2.5-VL-3B-Instruct-AWQ,ok,,ANOMALOUS,1,ANOMALOUS,False,0.6956644081110218,-1.2612686157226562,-0.43453225714620203,37.648200000035104,379.30870000002415,1.6695000000481741,456.1942000000272,240.2859000000035,56.99589999994714,874.8206000001346,1115.106500000138,5,4.483876652139846,3557.0205078125,7854.0,1000,1000,"[500, 500]","[500, 500]",1148,81.14288059701498,95.94727744761654,1
20260930-210411-0c0ed5,2026-09-30T21:20:57,final,test,breakfast_box,breakfast_box/test/logical_anomalies/009,hf_assets/mvtec_loco/mvtec_loco_anomaly_detection/breakfast_box/test/logical_anomalies/009.png,logical_anomaly,1,logical,1,['breakfast_box/train/good/271'],0,visionzip,0.75,True,sdpa,64,401408,Qwen/Qwen2.5-VL-3B-Instruct-AWQ,ok,,ANOMALOUS,1,ANOMALOUS,False,0.7214597608594777,-1.3536194562911987,-0.40190538531169295,40.18450000000939,384.4680000000835,16.907899999978326,369.1589000000022,231.91420000000562,63.3796000000757,810.7193000000734,1042.633500000079,5,4.795548963273884,3468.9521484375,7854.0,1000,750,"[500, 500]","[375, 375]",898,69.83194915254236,77.77508197362489,1
20260930-210411-0c0ed5,2026-09-30T21:20:58,final,test,breakfast_box,breakfast_box/test/logical_anomalies/009,hf_assets/mvtec_loco/mvtec_loco_anomaly_detection/breakfast_box/test/logical_anomalies/009.png,logical_anomaly,1,logical,1,['breakfast_box/train/good/271'],0,visionzip,0.5,True,sdpa,64,401408,Qwen/Qwen2.5-VL-3B-Instruct-AWQ,ok,,ANOMALOUS,1,ANOMALOUS,False,0.6856268228932534,-1.244284987449646,-0.4645322400610894,34.64150000002064,376.22669999996106,16.749099999969985,250.78739999992194,256.24629999992976,60.47339999997803,678.4046999998736,934.6509999998034,5,5.349590381865586,3442.1181640625,7854.0,1000,500,"[500, 500]","[250, 250]",648,73.21136206896549,73.44616554939452,1
20260930-210411-0c0ed5,2026-09-30T21:20:59,final,test,breakfast_box,breakfast_box/test/logical_anomalies/009,hf_assets/mvtec_loco/mvtec_loco_anomaly_detection/breakfast_box/test/logical_anomalies/009.png,logical_anomaly,1,logical,1,['breakfast_box/train/good/271'],0,visionzip,0.25,True,sdpa,64,401408,Qwen/Qwen2.5-VL-3B-Instruct-AWQ,ok,,ANOMALOUS,1,ANOMALOUS,False,0.7214466190336882,-1.3750452995300293,-0.4233966242754832,35.409500000014305,384.9222999999711,16.51680000009037,162.19619999992574,242.77310000002217,60.476699999981065,599.0448000000015,841.8179000000237,5,5.939526826407302,3442.1181640625,7854.0,1000,250,"[500, 500]","[125, 125]",398,71.4161428571429,64.85029979837273,1
20260930-210411-0c0ed5,2026-09-30T21:21:00,final,test,breakfast_box,breakfast_box/test/logical_anomalies/059,hf_assets/mvtec_loco/mvtec_loco_anomaly_detection/breakfast_box/test/logical_anomalies/059.png,logical_anomaly,1,logical,2,"['breakfast_box/train/good/271', 'breakfast_box/train/good/248']",0,visionzip,0.75,True,sdpa,64,401408,Qwen/Qwen2.5-VL-3B-Instruct-AWQ,ok,,ANOMALOUS,1,ANOMALOUS,False,0.736936491491218,-1.422924518585205,-0.3928182820091024,52.78180000004795,601.1703000000352,24.793199999976423,562.0145999999977,240.67300000001524,59.68689999997423,1240.7599000000573,1481.4329000000726,5,3.3751106783167533,3629.35791015625,7854.0,1500,1125,"[500, 500, 500]","[375, 375, 375]",1282,72.03108139534882,111.63067261001157,1
20260930-210411-0c0ed5,2026-09-30T21:21:02,final,test,breakfast_box,breakfast_box/test/logical_anomalies/059,hf_assets/mvtec_loco/mvtec_loco_anomaly_detection/breakfast_box/test/logical_anomalies/059.png,logical_anomaly,1,logical,2,"['breakfast_box/train/good/271', 'breakfast_box/train/good/248']",0,visionzip,0.5,True,sdpa,64,401408,Qwen/Qwen2.5-VL-3B-Instruct-AWQ,ok,,ANOMALOUS,1,ANOMALOUS,False,0.8150752381018704,-1.7677316665649414,-0.28440029080957174,54.753799999957664,597.1147000000201,24.200500000006286,370.9320000000389,243.17020000000866,64.90699999994831,1047.001000000023,1290.1712000000316,5,3.875454668341595,3531.3291015625,7854.0,1500,750,"[500, 500, 500]","[250, 250, 250]",907,76.4395512820513,104.43704279826095,1
20260930-210411-0c0ed5,2026-09-30T21:21:03,final,test,breakfast_box,breakfast_box/test/logical_anomalies/059,hf_assets/mvtec_loco/mvtec_loco_anomaly_detection/breakfast_box/test/logical_anomalies/059.png,logical_anomaly,1,logical,2,"['breakfast_box/train/good/271', 'breakfast_box/train/good/248']",0,visionzip,0.25,True,sdpa,64,401408,Qwen/Qwen2.5-VL-3B-Instruct-AWQ,ok,,ANOMALOUS,1,ANOMALOUS,False,0.7716439521451499,-1.5696020126342773,-0.35198479518294334,53.87589999997999,593.6070999999856,25.31869999995706,203.00440000005437,259.9639999999681,69.84109999996235,875.806099999977,1135.7700999999452,5,4.402299373790735,3531.3291015625,7854.0,1500,375,"[500, 500, 500]","[125, 125, 125]",532,71.71210294117644,87.04879749427128,1
20260930-210411-0c0ed5,2026-09-30T21:21:04,final,test,breakfast_box,breakfast_box/test/logical_anomalies/059,hf_assets/mvtec_loco/mvtec_loco_anomaly_detection/breakfast_box/test/logical_anomalies/059.png,logical_anomaly,1,logical,4,"['breakfast_box/train/good/271', 'breakfast_box/train/good/248', 'breakfast_box/train/good/267', 'breakfast_box/train/good/219']",0,none,1.0,True,sdpa,64,401408,Qwen/Qwen2.5-VL-3B-Instruct-AWQ,ok,,ANOMALOUS,1,ANOMALOUS,False,0.5619037707343829,-0.8880439400672913,-0.6391519190510735,89.88410000006297,1022.314999999935,13.123599999971702,1632.21180000005,227.02990000016143,54.111899999952584,2757.5345000000198,2984.564400000181,5,1.6752863499945574,4561.287109375,7854.0,2500,2500,"[500, 500, 500, 500, 500]","[500, 500, 500, 500, 500]",2675,82.7607,251.5728061251888,1
20260930-210411-0c0ed5,2026-09-30T21:21:07,final,test,breakfast_box,breakfast_box/test/logical_anomalies/059,hf_assets/mvtec_loco/mvtec_loco_anomaly_detection/breakfast_box/test/logical_anomalies/059.png,logical_anomaly,1,logical,4,"['breakfast_box/train/good/271', 'breakfast_box/train/good/248', 'breakfast_box/train/good/267', 'breakfast_box/train/good/219']",0,visionzip,0.75,True,sdpa,64,401408,Qwen/Qwen2.5-VL-3B-Instruct-AWQ,ok,,ANOMALOUS,1,ANOMALOUS,False,0.6221988082165973,-1.0412895679473877,-0.542398008517921,84.64549999985138,1027.9747000001862,52.087799999981144,1143.1609000001117,234.62240000003476,57.21769999991011,2307.8689000001305,2542.491300000165,5,1.9665750675330433,4086.39990234375,7854.0,2500,1875,"[500, 500, 500, 500, 500]","[375, 375, 375, 375, 375]",2050,80.52242580645158,209.44153507608257,1
20260930-210411-0c0ed5,2026-09-30T21:21:10,final,test,breakfast_box,breakfast_box/test/logical_anomalies/059,hf_assets/mvtec_loco/mvtec_loco_anomaly_detection/breakfast_box/test/logical_anomalies/059.png,logical_anomaly,1,logical,4,"['breakfast_box/train/good/271', 'breakfast_box/train/good/248', 'breakfast_box/train/good/267', 'breakfast_box/train/good/219']",0,visionzip,0.5,True,sdpa,64,401408,Qwen/Qwen2.5-VL-3B-Instruct-AWQ,ok,,ANOMALOUS,1,ANOMALOUS,False,0.7632913581197036,-1.512308955192566,-0.34149916388560086,85.79219999978704,1025.630799999817,49.87679999999273,632.5375000001259,244.40009999989343,74.74060000004101,1793.8372999997227,2038.2373999996162,5,2.453099918586982,3711.10546875,7854.0,2500,1250,"[500, 500, 500, 500, 500]","[250, 250, 250, 250, 250]",1425,78.69647457627119,166.38948290822586,1
20260930-210411-0c0ed5,2026-09-30T21:21:12,final,test,breakfast_box,breakfast_box/test/logical_anomalies/059,hf_assets/mvtec_loco/mvtec_loco_anomaly_detection/breakfast_box/test/logical_anomalies/059.png,logical_anomaly,1,logical,4,"['breakfast_box/train/good/271', 'breakfast_box/train/good/248', 'breakfast_box/train/good/267', 'breakfast_box/train/good/219']",0,visionzip,0.25,True,sdpa,64,401408,Qwen/Qwen2.5-VL-3B-Instruct-AWQ,ok,,ANOMALOUS,1,ANOMALOUS,False,0.7955090774476181,-1.6560474634170532,-0.29758879070868716,88.64389999985178,1006.194300000061,45.824900000070556,318.8539000000219,251.23869999993076,67.99369999998817,1459.5170000000053,1710.755699999936,5,2.922684986523901,3711.10546875,7854.0,2500,625,"[500, 500, 500, 500, 500]","[125, 125, 125, 125, 125]",800,73.54250485436893,130.89912806634672,1
20260930-210411-0c0ed5,2026-09-30T21:21:14,final,test,breakfast_box,breakfast_box/test/logical_anomalies/059,hf_assets/mvtec_loco/mvtec_loco_anomaly_detection/breakfast_box/test/logical_anomalies/059.png,logical_anomaly,1,logical,8,"['breakfast_box/train/good/271', 'breakfast_box/train/good/248', 'breakfast_box/train/good/267', 'breakfast_box/train/good/219', 'breakfast_box/train/good/145', 'breakfast_box/train/good/149', 'breakfast_box/train/good/056', 'breakfast_box/train/good/028']",0,none,1.0,True,sdpa,64,401408,Qwen/Qwen2.5-VL-3B-Instruct-AWQ,ok,,ANOMALOUS,1,ANOMALOUS,False,0.6403808973890129,-1.0837723016738892,-0.5067545732017606,154.33960000018487,1815.4285999999047,4.00309999986348,9809.795800000074,283.82460000011633,55.005299999947965,11783.567100000027,12067.391700000144,5,0.41433974501713905,6854.44287109375,7854.0,4500,4500,"[500, 500, 500, 500, 500, 500, 500, 500, 500]","[500, 500, 500, 500, 500, 500, 500, 500, 500]",4711,57.03061383285314,692.6173575606871,1
20260930-210411-0c0ed5,2026-09-30T21:21:26,final,test,breakfast_box,breakfast_box/test/logical_anomalies/059,hf_assets/mvtec_loco/mvtec_loco_anomaly_detection/breakfast_box/test/logical_anomalies/059.png,logical_anomaly,1,logical,8,"['breakfast_box/train/good/271', 'breakfast_box/train/good/248', 'breakfast_box/train/good/267', 'breakfast_box/train/good/219', 'breakfast_box/train/good/145', 'breakfast_box/train/good/149', 'breakfast_box/train/good/056', 'breakfast_box/train/good/028']",0,visionzip,0.75,True,sdpa,64,401408,Qwen/Qwen2.5-VL-3B-Instruct-AWQ,ok,,ANOMALOUS,1,ANOMALOUS,False,0.636786688221181,-1.0755573511123657,-0.5141129184048623,161.75429999998414,1833.4969,85.13620000007904,2687.097300000005,257.81449999999495,57.81569999999192,4767.484700000068,5025.299200000063,5,0.994965633091048,5478.0888671875,7854.0,4500,3375,"[500, 500, 500, 500, 500, 500, 500, 500, 500]","[375, 375, 375, 375, 375, 375, 375, 375, 375]",3586,81.20201433691769,412.8587794969883,1
20260930-210411-0c0ed5,2026-09-30T21:21:31,final,test,breakfast_box,breakfast_box/test/logical_anomalies/059,hf_assets/mvtec_loco/mvtec_loco_anomaly_detection/breakfast_box/test/logical_anomalies/059.png,logical_anomaly,1,logical,8,"['breakfast_box/train/good/271', 'breakfast_box/train/good/248', 'breakfast_box/train/good/267', 'breakfast_box/train/good/219', 'breakfast_box/train/good/145', 'breakfast_box/train/good/149', 'breakfast_box/train/good/056', 'breakfast_box/train/good/028']",0,visionzip,0.5,True,sdpa,64,401408,Qwen/Qwen2.5-VL-3B-Instruct-AWQ,ok,,ANOMALOUS,1,ANOMALOUS,False,0.739960674250926,-1.4094746112823486,-0.363710441859439,159.02219999998124,1814.689000000044,92.18189999978676,1490.3320999999323,238.66129999987606,66.07320000011896,3556.2251999997443,3794.8864999996204,5,1.3175624620131592,4403.93701171875,7854.0,4500,2250,"[500, 500, 500, 500, 500, 500, 500, 500, 500]","[250, 250, 250, 250, 250, 250, 250, 250, 250]",2461,79.54338864628821,307.2052451356662,1
20260930-210411-0c0ed5,2026-09-30T21:21:35,final,test,breakfast_box,breakfast_box/test/logical_anomalies/059,hf_assets/mvtec_loco/mvtec_loco_anomaly_detection/breakfast_box/test/logical_anomalies/059.png,logical_anomaly,1,logical,8,"['breakfast_box/train/good/271', 'breakfast_box/train/good/248', 'breakfast_box/train/good/267', 'breakfast_box/train/good/219', 'breakfast_box/train/good/145', 'breakfast_box/train/good/149', 'breakfast_box/train/good/056', 'breakfast_box/train/good/028']",0,visionzip,0.25,True,sdpa,64,401408,Qwen/Qwen2.5-VL-3B-Instruct-AWQ,ok,,ANOMALOUS,1,ANOMALOUS,False,0.7459337353871264,-1.431302785873413,-0.35426113347057253,158.07749999999032,1804.7358999999688,87.00789999988956,579.4728999999279,233.3158999999796,61.97570000017549,2629.2941999997765,2862.610099999756,5,1.7466577093403066,4069.875,7854.0,4500,1125,"[500, 500, 500, 500, 500, 500, 500, 500, 500]","[125, 125, 125, 125, 125, 125, 125, 125, 125]",1336,78.18402941176464,228.74923048034506,1
20260930-210411-0c0ed5,2026-09-30T21:21:38,final,test,breakfast_box,breakfast_box/test/logical_anomalies/059,hf_assets/mvtec_loco/mvtec_loco_anomaly_detection/breakfast_box/test/logical_anomalies/059.png,logical_anomaly,1,logical,1,['breakfast_box/train/good/271'],0,none,1.0,True,sdpa,64,401408,Qwen/Qwen2.5-VL-3B-Instruct-AWQ,ok,,ANOMALOUS,1,ANOMALOUS,False,0.8614097429686114,-2.053036689758301,-0.2259881952777505,40.35580000004302,382.8312000000551,1.53849999992417,456.1383999998725,251.7900999998801,68.00089999978809,880.8638999998948,1132.653999999775,5,4.414410755624395,3557.0205078125,7854.0,1000,1000,"[500, 500]","[500, 500]",1148,71.183546875,86.23021823811077,1
20260930-210411-0c0ed5,2026-09-30T21:21:39,final,test,breakfast_box,breakfast_box/test/logical_anomalies/059,hf_assets/mvtec_loco/mvtec_loco_anomaly_detection/breakfast_box/test/logical_anomalies/059.png,logical_anomaly,1,logical,1,['breakfast_box/train/good/271'],0,visionzip,0.75,True,sdpa,64,401408,Qwen/Qwen2.5-VL-3B-Instruct-AWQ,ok,,ANOMALOUS,1,ANOMALOUS,False,0.8632596673440861,-2.0737900733947754,-0.2311582836555317,38.19280000016079,395.9247000000232,17.280100000107268,367.5086000000647,275.764099999833,62.051000000110434,818.906200000356,1094.670300000189,5,4.567585326832323,3468.9521484375,7854.0,1000,750,"[500, 500]","[375, 375]",898,72.53653225806455,84.34877286823645,1
20260930-210411-0c0ed5,2026-09-30T21:21:40,final,test,breakfast_box,breakfast_box/test/logical_anomalies/059,hf_assets/mvtec_loco/mvtec_loco_anomaly_detection/breakfast_box/test/logical_anomalies/059.png,logical_anomaly,1,logical,1,['breakfast_box/train/good/271'],0,visionzip,0.5,True,sdpa,64,401408,Qwen/Qwen2.5-VL-3B-Instruct-AWQ,ok,,ANOMALOUS,1,ANOMALOUS,False,0.9136011255899362,-2.5266175270080566,-0.16819810413289815,37.566900000001624,384.46410000005926,15.990999999985434,249.62080000000242,276.29830000000766,68.10100000006969,687.6428000000487,963.9411000000564,5,5.18703891762651,3442.1181640625,7854.0,1000,500,"[500, 500]","[250, 250]",648,66.00765,68.61869480875819,1
20260930-210411-0c0ed5,2026-09-30T21:21:41,final,test,breakfast_box,breakfast_box/test/logical_anomalies/059,hf_assets/mvtec_loco/mvtec_loco_anomaly_detection/breakfast_box/test/logical_anomalies/059.png,logical_anomaly,1,logical,1,['breakfast_box/train/good/271'],0,visionzip,0.25,True,sdpa,64,401408,Qwen/Qwen2.5-VL-3B-Instruct-AWQ,ok,,ANOMALOUS,1,ANOMALOUS,False,0.8773588669633191,-2.1921517848968506,-0.22449815110303462,41.32230000004711,383.68610000020453,16.45749999988766,162.26840000013,260.15010000014627,67.44269999990138,603.7343000002693,863.8844000004156,5,5.787811424766549,3442.1181640625,7854.0,1000,250,"[500, 500]","[125, 125]",398,71.88620338983047,67.34369982038582,1
20260930-210411-0c0ed5,2026-09-30T21:21:42,final,test,breakfast_box,breakfast_box/test/logical_anomalies/059,hf_assets/mvtec_loco/mvtec_loco_anomaly_detection/breakfast_box/test/logical_anomalies/059.png,logical_anomaly,1,logical,2,"['breakfast_box/train/good/271', 'breakfast_box/train/good/248']",0,none,1.0,True,sdpa,64,401408,Qwen/Qwen2.5-VL-3B-Instruct-AWQ,ok,,ANOMALOUS,1,ANOMALOUS,False,0.7022832736672846,-1.2957220077514648,-0.4375276130158454,56.372700000110854,606.8500999999742,1.9999000001007516,822.5155000000086,255.98479999985102,57.44430000004286,1487.7382000001944,1743.7230000000454,5,2.867427911428518,3811.6455078125,7854.0,1500,1500,"[500, 500, 500]","[500, 500, 500]",1657,82.56201980198017,149.35623773155442,1
20260930-210411-0c0ed5,2026-09-30T21:21:44,final,test,breakfast_box,breakfast_box/test/logical_anomalies/017,hf_assets/mvtec_loco/mvtec_loco_anomaly_detection/breakfast_box/test/logical_anomalies/017.png,logical_anomaly,1,logical,2,"['breakfast_box/train/good/271', 'breakfast_box/train/good/248']",0,visionzip,0.5,True,sdpa,64,401408,Qwen/Qwen2.5-VL-3B-Instruct-AWQ,ok,,ANOMALOUS,1,ANOMALOUS,False,0.8054428862062508,-1.7158695459365845,-0.29520301474258304,56.54230000004645,595.4940000001443,24.927500000103464,371.1336000001211,232.91959999983192,62.990099999979066,1048.0974000004153,1281.0170000002472,5,3.9031488262833633,3531.3291015625,7854.0,1500,750,"[500, 500, 500]","[250, 250, 250]",907,73.1627142857142,99.15969471556973,1
20260930-210411-0c0ed5,2026-09-30T21:21:46,final,test,breakfast_box,breakfast_box/test/logical_anomalies/017,hf_assets/mvtec_loco/mvtec_loco_anomaly_detection/breakfast_box/test/logical_anomalies/017.png,logical_anomaly,1,logical,2,"['breakfast_box/train/good/271', 'breakfast_box/train/good/248']",0,visionzip,0.25,True,sdpa,64,401408,Qwen/Qwen2.5-VL-3B-Instruct-AWQ,ok,,ANOMALOUS,1,ANOMALOUS,False,0.7716337174943079,-1.5734740495681763,-0.35591491346713156,56.49719999996705,590.3758000001744,23.013199999923017,201.83090000000448,241.82690000020557,57.967299999972965,871.717100000069,1113.5440000002745,5,4.490168327429152,3531.3291015625,7854.0,1500,375,"[500, 500, 500]","[125, 125, 125]",532,72.10476562500004,85.11581821535279,1
20260930-210411-0c0ed5,2026-09-30T21:21:47,final,test,breakfast_box,breakfast_box/test/logical_anomalies/017,hf_assets/mvtec_loco/mvtec_loco_anomaly_detection/breakfast_box/test/logical_anomalies/017.png,logical_anomaly,1,logical,4,"['breakfast_box/train/good/271', 'breakfast_box/train/good/248', 'breakfast_box/train/good/267', 'breakfast_box/train/good/219']",0,none,1.0,True,sdpa,64,401408,Qwen/Qwen2.5-VL-3B-Instruct-AWQ,ok,,ANOMALOUS,1,ANOMALOUS,False,0.7277730974947252,-1.3664603233337402,-0.38310692191589624,93.4500000000753,1025.2336999999443,15.665799999851515,1631.9737999999688,239.27580000008675,55.55839999988166,2766.32329999984,3005.5990999999267,5,1.6635618502814038,4561.287109375,7854.0,2500,2500,"[500, 500, 500, 500, 500]","[500, 500, 500, 500, 500]",2675,79.6719382022472,243.98423634497274,1
20260930-210411-0c0ed5,2026-09-30T21:21:50,final,test,breakfast_box,breakfast_box/test/logical_anomalies/017,hf_assets/mvtec_loco/mvtec_loco_anomaly_detection/breakfast_box/test/logical_anomalies/017.png,logical_anomaly,1,logical,4,"['breakfast_box/train/good/271', 'breakfast_box/train/good/248', 'breakfast_box/train/good/267', 'breakfast_box/train/good/219']",0,visionzip,0.75,True,sdpa,64,401408,Qwen/Qwen2.5-VL-3B-Instruct-AWQ,ok,,ANOMALOUS,1,ANOMALOUS,False,0.7518133782866375,-1.4620094299316406,-0.3537022740347311,85.8723999999711,1017.3534000000473,47.363399999994726,1147.974700000077,214.98019999989992,54.51030000017454,2298.56390000009,2513.54409999999,5,1.9892231053356175,4086.39990234375,7854.0,2500,1875,"[500, 500, 500, 500, 500]","[375, 375, 375, 375, 375]",2050,81.44056296296296,209.24276262763462,1
20260930-210411-0c0ed5,2026-09-30T21:21:52,final,test,breakfast_box,breakfast_box/test/logical_anomalies/017,hf_assets/mvtec_loco/mvtec_loco_anomaly_detection/breakfast_box/test/logical_anomalies/017.png,logical_anomaly,1,logical,4,"['breakfast_box/train/good/271', 'breakfast_box/train/good/248', 'breakfast_box/train/good/267', 'breakfast_box/train/good/219']",0,visionzip,0.5,True,sdpa,64,401408,Qwen/Qwen2.5-VL-3B-Instruct-AWQ,ok,,ANOMALOUS,1,ANOMALOUS,False,0.768891428510183,-1.5362169742584229,-0.33415480656549335,87.38080000011905,1009.7381000000496,52.876900000001115,637.7293999998983,254.98369999991155,61.637899999823276,1787.725200000068,2042.7088999999796,5,2.4477300705940284,3711.10546875,7854.0,2500,1250,"[500, 500, 500, 500, 500]","[250, 250, 250, 250, 250]",1425,79.2457719298246,166.85304261616005,1
20260930-210411-0c0ed5,2026-09-30T21:21:55,final,test,breakfast_box,breakfast_box/test/logical_anomalies/017,hf_assets/mvtec_loco/mvtec_loco_anomaly_detection/breakfast_box/test/logical_anomalies/017.png,logical_anomaly,1,logical,4,"['breakfast_box/train/good/271', 'breakfast_box/train/good/248', 'breakfast_box/train/good/267', 'breakfast_box/train/good/219']",0,visionzip,0.25,True,sdpa,64,401408,Qwen/Qwen2.5-VL-3B-Instruct-AWQ,ok,,ANOMALOUS,1,ANOMALOUS,False,0.8030189495628193,-1.7007886171340942,-0.29551783844362944,84.49580000001333,1016.5425999998661,50.99470000004658,318.7963000000309,251.37420000010025,59.78759999993599,1470.8293999999569,1722.2036000000571,5,2.90325719909065,3711.10546875,7854.0,2500,625,"[500, 500, 500, 500, 500]","[125, 125, 125, 125, 125]",800,76.77788118811878,136.91097802443778,1
20260930-210411-0c0ed5,2026-09-30T21:21:56,final,test,breakfast_box,breakfast_box/test/logical_anomalies/017,hf_assets/mvtec_loco/mvtec_loco_anomaly_detection/breakfast_box/test/logical_anomalies/017.png,logical_anomaly,1,logical,8,"['breakfast_box/train/good/271', 'breakfast_box/train/good/248', 'breakfast_box/train/good/267', 'breakfast_box/train/good/219', 'breakfast_box/train/good/145', 'breakfast_box/train/good/149', 'breakfast_box/train/good/056', 'breakfast_box/train/good/028']",0,none,1.0,True,sdpa,64,401408,Qwen/Qwen2.5-VL-3B-Instruct-AWQ,ok,,ANOMALOUS,1,ANOMALOUS,False,0.6823594885954932,-1.2089840173721313,-0.4443476650631055,152.0445999999538,1835.221600000068,4.202000000077533,9849.790799999937,276.5113000000383,58.31050000006144,11841.259000000036,12117.770300000075,5,0.4126171627465136,6854.44287109375,7854.0,4500,4500,"[500, 500, 500, 500, 500, 500, 500, 500, 500]","[500, 500, 500, 500, 500, 500, 500, 500, 500]",4711,58.02909922480617,707.8643458780084,1
20260930-210411-0c0ed5,2026-09-30T21:22:09,final,test,breakfast_box,breakfast_box/test/logical_anomalies/017,hf_assets/mvtec_loco/mvtec_loco_anomaly_detection/breakfast_box/test/logical_anomalies/017.png,logical_anomaly,1,logical,8,"['breakfast_box/train/good/271', 'breakfast_box/train/good/248', 'breakfast_box/train/good/267', 'breakfast_box/train/good/219', 'breakfast_box/train/good/145', 'breakfast_box/train/good/149', 'breakfast_box/train/good/056', 'breakfast_box/train/good/028']",0,visionzip,0.75,True,sdpa,64,401408,Qwen/Qwen2.5-VL-3B-Instruct-AWQ,ok,,ANOMALOUS,1,ANOMALOUS,False,0.6581928243072337,-1.1366229057312012,-0.4813717355718836,158.68030000001454,1803.7074000001212,86.78039999995235,2673.096199999918,248.63380000010693,58.345499999859385,4722.264300000006,4970.898100000113,5,1.0058544551536646,5478.0888671875,7854.0,4500,3375,"[500, 500, 500, 500, 500, 500, 500, 500, 500]","[375, 375, 375, 375, 375, 375, 375, 375, 375]",3586,83.33313454545451,419.2177249727753,1
20260930-210411-0c0ed5,2026-09-30T21:22:14,final,test,breakfast_box,breakfast_box/test/logical_anomalies/017,hf_assets/mvtec_loco/mvtec_loco_anomaly_detection/breakfast_box/test/logical_anomalies/017.png,logical_anomaly,1,logical,8,"['breakfast_box/train/good/271', 'breakfast_box/train/good/248', 'breakfast_box/train/good/267', 'breakfast_box/train/good/219', 'breakfast_box/train/good/145', 'breakfast_box/train/good/149', 'breakfast_box/train/good/056', 'breakfast_box/train/good/028']",0,visionzip,0.5,True,sdpa,64,401408,Qwen/Qwen2.5-VL-3B-Instruct-AWQ,ok,,ANOMALOUS,1,ANOMALOUS,False,0.675535043082822,-1.1883445978164673,-0.4550171038135886,166.57200000008743,1806.5633000001071,90.18459999992956,1485.7508000000053,275.38540000000467,65.55700000012621,3549.0707000001294,3824.456100000134,5,1.3073754461450937,4403.93701171875,7854.0,4500,2250,"[500, 500, 500, 500, 500, 500, 500, 500, 500]","[250, 250, 250, 250, 250, 250, 250, 250, 250]",2461,77.88868965517243,303.0854852178172,1
20260930-210411-0c0ed5,2026-09-30T21:22:17,final,test,breakfast_box,breakfast_box/test/logical_anomalies/017,hf_assets/mvtec_loco/mvtec_loco_anomaly_detection/breakfast_box/test/logical_anomalies/017.png,logical_anomaly,1,logical,8,"['breakfast_box/train/good/271', 'breakfast_box/train/good/248', 'breakfast_box/train/good/267', 'breakfast_box/train/good/219', 'breakfast_box/train/good/145', 'breakfast_box/train/good/149', 'breakfast_box/train/good/056', 'breakfast_box/train/good/028']",0,visionzip,0.25,True,sdpa,64,401408,Qwen/Qwen2.5-VL-3B-Instruct-AWQ,ok,,ANOMALOUS,1,ANOMALOUS,False,0.7744105965842634,-1.5625216960906982,-0.32913602446205914,153.01320000003216,1799.5487000000594,89.95540000000801,579.2407999999796,258.51330000000416,69.4095000001198,2621.758100000079,2880.2714000000833,5,1.735947522167479,4069.875,7854.0,4500,1125,"[500, 500, 500, 500, 500, 500, 500, 500, 500]","[125, 125, 125, 125, 125, 125, 125, 125, 125]",1336,78.15841875000012,230.64200786576507,1
20260930-210411-0c0ed5,2026-09-30T21:22:20,final,test,breakfast_box,breakfast_box/test/logical_anomalies/017,hf_assets/mvtec_loco/mvtec_loco_anomaly_detection/breakfast_box/test/logical_anomalies/017.png,logical_anomaly,1,logical,1,['breakfast_box/train/good/271'],0,none,1.0,True,sdpa,64,401408,Qwen/Qwen2.5-VL-3B-Instruct-AWQ,ok,,ANOMALOUS,1,ANOMALOUS,False,0.8004870639956767,-1.6894958019256592,-0.3001545058796182,39.03709999985949,372.63480000001437,1.525299999912022,465.7990000000609,272.7121000000352,63.646100000141814,878.9961999998468,1151.708299999882,5,4.341377065703627,3557.0205078125,7854.0,1000,1000,"[500, 500]","[500, 500]",1148,71.80212307692312,88.3693931252855,1
20260930-210411-0c0ed5,2026-09-30T21:22:22,final,test,breakfast_box,breakfast_box/test/logical_anomalies/017,hf_assets/mvtec_loco/mvtec_loco_anomaly_detection/breakfast_box/test/logical_anomalies/017.png,logical_anomaly,1,logical,1,['breakfast_box/train/good/271'],0,visionzip,0.75,True,sdpa,64,401408,Qwen/Qwen2.5-VL-3B-Instruct-AWQ,ok,,ANOMALOUS,1,ANOMALOUS,False,0.8309719082419157,-1.854411005973816,-0.261879940982908,37.58850000008351,385.6051000000207,16.22059999999692,367.8327000000081,257.5846999998248,65.02349999982471,807.2469000001092,1064.831599999934,5,4.695578155269161,3468.9521484375,7854.0,1000,750,"[500, 500]","[375, 375]",898,74.47643478260864,84.81318301423582,1
20260930-210411-0c0ed5,2026-09-30T21:22:23,final,test,breakfast_box,breakfast_box/test/logical_anomalies/017,hf_assets/mvtec_loco/mvtec_loco_anomaly_detection/breakfast_box/test/logical_anomalies/017.png,logical_anomaly,1,logical,1,['breakfast_box/train/good/271'],0,visionzip,0.5,True,sdpa,64,401408,Qwen/Qwen2.5-VL-3B-Instruct-AWQ,ok,,ANOMALOUS,1,ANOMALOUS,False,0.8126720847291712,-1.763983130455017,-0.29651608085259795,41.19470000000547,373.9073000001554,15.570300000035786,250.1283000001422,250.63249999993786,54.65789999993831,680.8006000003388,931.4331000002767,5,5.368072060138849,3442.1181640625,7854.0,1000,500,"[500, 500]","[250, 250]",648,74.53632142857143,73.9173792690532,1
20260930-210411-0c0ed5,2026-09-30T21:22:24,final,test,breakfast_box,breakfast_box/test/logical_anomalies/017,hf_assets/mvtec_loco/mvtec_loco_anomaly_detection/breakfast_box/test/logical_anomalies/017.png,logical_anomaly,1,logical,1,['breakfast_box/train/good/271'],0,visionzip,0.25,True,sdpa,64,401408,Qwen/Qwen2.5-VL-3B-Instruct-AWQ,ok,,ANOMALOUS,1,ANOMALOUS,False,0.8004888262893296,-1.715149164199829,-0.32579683361109346,39.88440000011906,379.24920000000384,16.721599999982573,161.97829999987334,247.10890000005747,145.0780999998642,597.8334999999788,844.9424000000363,5,5.9175631380314035,3442.1181640625,7854.0,1000,250,"[500, 500]","[125, 125]",398,72.29896296296299,71.99356491352025,1
20260930-210411-0c0ed5,2026-09-30T21:22:25,final,test,breakfast_box,breakfast_box/test/logical_anomalies/017,hf_assets/mvtec_loco/mvtec_loco_anomaly_detection/breakfast_box/test/logical_anomalies/017.png,logical_anomaly,1,logical,2,"['breakfast_box/train/good/271', 'breakfast_box/train/good/248']",0,none,1.0,True,sdpa,64,401408,Qwen/Qwen2.5-VL-3B-Instruct-AWQ,ok,,ANOMALOUS,1,ANOMALOUS,False,0.7660874160246927,-1.529526710510254,-0.34317789995111525,52.737900000010995,591.16680000011,2.2785999999541673,822.6172999998198,226.37940000004164,60.87249999995947,1468.800599999895,1695.1799999999366,5,2.9495392819642676,3811.6455078125,7854.0,1500,1500,"[500, 500, 500]","[500, 500, 500]",1657,76.89522340425535,135.83043702266374,1
20260930-210411-0c0ed5,2026-09-30T21:22:27,final,test,breakfast_box,breakfast_box/test/logical_anomalies/017,hf_assets/mvtec_loco/mvtec_loco_anomaly_detection/breakfast_box/test/logical_anomalies/017.png,logical_anomaly,1,logical,2,"['breakfast_box/train/good/271', 'breakfast_box/train/good/248']",0,visionzip,0.75,True,sdpa,64,401408,Qwen/Qwen2.5-VL-3B-Instruct-AWQ,ok,,ANOMALOUS,1,ANOMALOUS,False,0.8174079263203256,-1.773256778717041,-0.2743730697548017,54.59889999997358,601.6268000000764,28.751700000157143,562.7827000000707,247.84050000016578,58.98569999999381,1247.7601000002778,1495.6006000004436,5,3.3431385357818906,3629.35791015625,7854.0,1500,1125,"[500, 500, 500]","[375, 375, 375]",1282,78.35086904761906,122.45768376402621,1
20260930-210411-0c0ed5,2026-09-30T21:22:28,final,test,breakfast_box,breakfast_box/test/logical_anomalies/018,hf_assets/mvtec_loco/mvtec_loco_anomaly_detection/breakfast_box/test/logical_anomalies/018.png,logical_anomaly,1,logical,2,"['breakfast_box/train/good/271', 'breakfast_box/train/good/248']",0,visionzip,0.25,True,sdpa,64,401408,Qwen/Qwen2.5-VL-3B-Instruct-AWQ,ok,,ANOMALOUS,1,ANOMALOUS,False,0.6788859538861814,-1.223886251449585,-0.4752294437494129,58.65029999995386,596.9304999998712,23.79150000001573,202.1933999999419,243.62550000000738,58.053799999925104,881.5656999997827,1125.1911999997901,5,4.44368921477606,3531.3291015625,7854.0,1500,375,"[500, 500, 500]","[125, 125, 125]",532,70.86750704225351,84.45448061541488,1
20260930-210411-0c0ed5,2026-09-30T21:22:30,final,test,breakfast_box,breakfast_box/test/logical_anomalies/018,hf_assets/mvtec_loco/mvtec_loco_anomaly_detection/breakfast_box/test/logical_anomalies/018.png,logical_anomaly,1,logical,4,"['breakfast_box/train/good/271', 'breakfast_box/train/good/248', 'breakfast_box/train/good/267', 'breakfast_box/train/good/219']",0,none,1.0,True,sdpa,64,401408,Qwen/Qwen2.5-VL-3B-Instruct-AWQ,ok,,ANOMALOUS,1,ANOMALOUS,False,0.8332070046277743,-1.8568326234817505,-0.24830400210339576,94.80590000021039,1018.5547999999471,15.555999999833148,1636.3076000000092,244.12990000018908,66.71220000021094,2765.2243,3009.354200000189,5,1.6614860424205586,4561.287109375,7854.0,2500,2500,"[500, 500, 500, 500, 500]","[500, 500, 500, 500, 500]",2675,81.92242944785272,252.0951488312057,1
20260930-210411-0c0ed5,2026-09-30T21:22:33,final,test,breakfast_box,breakfast_box/test/logical_anomalies/018,hf_assets/mvtec_loco/mvtec_loco_anomaly_detection/breakfast_box/test/logical_anomalies/018.png,logical_anomaly,1,logical,4,"['breakfast_box/train/good/271', 'breakfast_box/train/good/248', 'breakfast_box/train/good/267', 'breakfast_box/train/good/219']",0,visionzip,0.75,True,sdpa,64,401408,Qwen/Qwen2.5-VL-3B-Instruct-AWQ,ok,,ANOMALOUS,1,ANOMALOUS,False,0.8079198324622777,-1.722245454788208,-0.28569544258061796,86.96499999996377,1022.03019999979,52.191999999877225,1154.139299999997,258.1961999999294,55.45089999986885,2315.326499999628,2573.5226999995575,5,1.9428622098421202,4086.39990234375,7854.0,2500,1875,"[500, 500, 500, 500, 500]","[375, 375, 375, 375, 375]",2050,77.85917266187053,204.78164555696372,1
20260930-210411-0c0ed5,2026-09-30T21:22:35,final,test,breakfast_box,breakfast_box/test/logical_anomalies/018,hf_assets/mvtec_loco/mvtec_loco_anomaly_detection/breakfast_box/test/logical_anomalies/018.png,logical_anomaly,1,logical,4,"['breakfast_box/train/good/271', 'breakfast_box/train/good/248', 'breakfast_box/train/good/267', 'breakfast_box/train/good/219']",0,visionzip,0.5,True,sdpa,64,401408,Qwen/Qwen2.5-VL-3B-Instruct-AWQ,ok,,ANOMALOUS,1,ANOMALOUS,False,0.8150809944667894,-1.7586724758148193,-0.27530290908180177,87.73470000005545,1013.8613000001442,46.83359999989989,641.3437999999587,253.47929999998087,57.403000000022075,1789.7734000000582,2043.252700000039,5,2.447078621259086,3711.10546875,7854.0,2500,1250,"[500, 500, 500, 500, 500]","[250, 250, 250, 250, 250]",1425,78.72540833333323,165.46890503492415,1
20260930-210411-0c0ed5,2026-09-30T21:22:37,final,test,breakfast_box,breakfast_box/test/logical_anomalies/018,hf_assets/mvtec_loco/mvtec_loco_anomaly_detection/breakfast_box/test/logical_anomalies/018.png,logical_anomaly,1,logical,4,"['breakfast_box/train/good/271', 'breakfast_box/train/good/248', 'breakfast_box/train/good/267', 'breakfast_box/train/good/219']",0,visionzip,0.25,True,sdpa,64,401408,Qwen/Qwen2.5-VL-3B-Instruct-AWQ,ok,,ANOMALOUS,1,ANOMALOUS,False,0.7277676032369632,-1.3674415349960327,-0.3841158654540777,87.52530000015213,1008.6146000001008,48.362199999928634,318.8852999999199,238.354500000014,67.38350000000537,1463.3874000001015,1701.7419000001155,5,2.9381658875530188,3711.10546875,7854.0,2500,625,"[500, 500, 500, 500, 500]","[125, 125, 125, 125, 125]",800,76.96256701030924,136.24892576016416,1
20260930-210411-0c0ed5,2026-09-30T21:22:39,final,test,breakfast_box,breakfast_box/test/logical_anomalies/018,hf_assets/mvtec_loco/mvtec_loco_anomaly_detection/breakfast_box/test/logical_anomalies/018.png,logical_anomaly,1,logical,8,"['breakfast_box/train/good/271', 'breakfast_box/train/good/248', 'breakfast_box/train/good/267', 'breakfast_box/train/good/219', 'breakfast_box/train/good/145', 'breakfast_box/train/good/149', 'breakfast_box/train/good/056', 'breakfast_box/train/good/028']",0,none,1.0,True,sdpa,64,401408,Qwen/Qwen2.5-VL-3B-Instruct-AWQ,ok,,ANOMALOUS,1,ANOMALOUS,False,0.7825119231364441,-1.5898232460021973,-0.3094581164768897,152.47630000021672,1803.2651999999416,5.063400000153706,9823.82500000017,273.4189000000242,54.58320000002459,11784.629900000482,12058.048800000506,5,0.4146607865776584,6854.44287109375,7854.0,4500,4500,"[500, 500, 500, 500, 500, 500, 500, 500, 500]","[500, 500, 500, 500, 500, 500, 500, 500, 500]",4711,57.47012388059693,697.4045221658965,1
20260930-210411-0c0ed5,2026-09-30T21:22:51,final,test,breakfast_box,breakfast_box/test/logical_anomalies/018,hf_assets/mvtec_loco/mvtec_loco_anomaly_detection/breakfast_box/test/logical_anomalies/018.png,logical_anomaly,1,logical,8,"['breakfast_box/train/good/271', 'breakfast_box/train/good/248', 'breakfast_box/train/good/267', 'breakfast_box/train/good/219', 'breakfast_box/train/good/145', 'breakfast_box/train/good/149', 'breakfast_box/train/good/056', 'breakfast_box/train/good/028']",0,visionzip,0.75,True,sdpa,64,401408,Qwen/Qwen2.5-VL-3B-Instruct-AWQ,ok,,ANOMALOUS,1,ANOMALOUS,False,0.7369801906110623,-1.4061346054077148,-0.3758029422024265,151.99970000003304,1838.6634000000868,87.87849999998798,2687.7635999999256,253.70440000006056,69.03439999996408,4766.305200000033,5020.009600000094,5,0.996014031526933,5478.0888671875,7854.0,4500,3375,"[500, 500, 500, 500, 500, 500, 500, 500, 500]","[375, 375, 375, 375, 375, 375, 375, 375, 375]",3586,82.01775438596488,417.4894061453619,1
20260930-210411-0c0ed5,2026-09-30T21:22:57,final,test,breakfast_box,breakfast_box/test/logical_anomalies/018,hf_assets/mvtec_loco/mvtec_loco_anomaly_detection/breakfast_box/test/logical_anomalies/018.png,logical_anomaly,1,logical,8,"['breakfast_box/train/good/271', 'breakfast_box/train/good/248', 'breakfast_box/train/good/267', 'breakfast_box/train/good/219', 'breakfast_box/train/good/145', 'breakfast_box/train/good/149', 'breakfast_box/train/good/056', 'breakfast_box/train/good/028']",0,visionzip,0.5,True,sdpa,64,401408,Qwen/Qwen2.5-VL-3B-Instruct-AWQ,ok,,ANOMALOUS,1,ANOMALOUS,False,0.7088083073202972,-1.2983243465423584,-0.4087210150901228,148.14280000018698,1817.4320999999054,83.12640000008287,1489.6925000000465,240.15450000001692,52.762399999892295,3538.3938000002217,3778.5483000002387,5,1.3232595174182857,4403.93701171875,7854.0,4500,2250,"[500, 500, 500, 500, 500, 500, 500, 500, 500]","[250, 250, 250, 250, 250, 250, 250, 250, 250]",2461,78.82712000000001,302.10145324129087,1
20260930-210411-0c0ed5,2026-09-30T21:23:00,final,test,breakfast_box,breakfast_box/test/logical_anomalies/018,hf_assets/mvtec_loco/mvtec_loco_anomaly_detection/breakfast_box/test/logical_anomalies/018.png,logical_anomaly,1,logical,8,"['breakfast_box/train/good/271', 'breakfast_box/train/good/248', 'breakfast_box/train/good/267', 'breakfast_box/train/good/219', 'breakfast_box/train/good/145', 'breakfast_box/train/good/149', 'breakfast_box/train/good/056', 'breakfast_box/train/good/028']",0,visionzip,0.25,True,sdpa,64,401408,Qwen/Qwen2.5-VL-3B-Instruct-AWQ,ok,,ANOMALOUS,1,ANOMALOUS,False,0.7277570650418156,-1.3606921434402466,-0.37741966370958835,169.74200000004203,1842.8745000001072,85.9447000000273,585.4246999999759,293.53470000000925,61.10689999991337,2683.9859000001525,2977.5206000001617,5,1.679249507123386,4069.875,7854.0,4500,1125,"[500, 500, 500, 500, 500, 500, 500, 500, 500]","[125, 125, 125, 125, 125, 125, 125, 125, 125]",1336,74.70666081871346,227.09882837895782,1
20260930-210411-0c0ed5,2026-09-30T21:23:03,final,test,breakfast_box,breakfast_box/test/logical_anomalies/018,hf_assets/mvtec_loco/mvtec_loco_anomaly_detection/breakfast_box/test/logical_anomalies/018.png,logical_anomaly,1,logical,1,['breakfast_box/train/good/271'],0,none,1.0,True,sdpa,64,401408,Qwen/Qwen2.5-VL-3B-Instruct-AWQ,ok,,ANOMALOUS,1,ANOMALOUS,False,0.8722239384924241,-2.127479314804077,-0.2067123259184882,42.21759999995811,394.04130000002624,1.722800000152347,459.5211000000745,237.0567000000392,69.9282000000494,897.5028000002112,1134.5595000002504,5,4.406996724278362,3557.0205078125,7854.0,1000,1000,"[500, 500]","[500, 500]",1148,71.80340579710143,87.43161811837652,1
20260930-210411-0c0ed5,2026-09-30T21:23:05,final,test,breakfast_box,breakfast_box/test/logical_anomalies/018,hf_assets/mvtec_loco/mvtec_loco_anomaly_detection/breakfast_box/test/logical_anomalies/018.png,logical_anomaly,1,logical,1,['breakfast_box/train/good/271'],0,visionzip,0.75,True,sdpa,64,401408,Qwen/Qwen2.5-VL-3B-Instruct-AWQ,ok,,ANOMALOUS,1,ANOMALOUS,False,0.8614012141094318,-2.049006462097168,-0.22202940692659467,42.30210000014267,375.9440999999697,15.632799999821145,367.66549999993003,255.72150000016336,59.51139999979205,801.5444999998635,1057.266000000027,5,4.72917884430207,3468.9521484375,7854.0,1000,750,"[500, 500]","[375, 375]",898,70.353,79.00121287800047,1
20260930-210411-0c0ed5,2026-09-30T21:23:06,final,test,breakfast_box,breakfast_box/test/logical_anomalies/018,hf_assets/mvtec_loco/mvtec_loco_anomaly_detection/breakfast_box/test/logical_anomalies/018.png,logical_anomaly,1,logical,1,['breakfast_box/train/good/271'],0,visionzip,0.5,True,sdpa,64,401408,Qwen/Qwen2.5-VL-3B-Instruct-AWQ,ok,,ANOMALOUS,1,ANOMALOUS,False,0.8331510016418853,-1.872099757194519,-0.26397405890747905,40.9849000000122,385.6008000000202,16.12310000018624,251.99019999990924,249.70329999996466,59.114200000067285,694.6990000001279,944.4023000000925,5,5.2943538998152695,3442.1181640625,7854.0,1000,500,"[500, 500]","[250, 250]",648,68.87470588235293,69.54659241317455,1
20260930-210411-0c0ed5,2026-09-30T21:23:07,final,test,breakfast_box,breakfast_box/test/logical_anomalies/018,hf_assets/mvtec_loco/mvtec_loco_anomaly_detection/breakfast_box/test/logical_anomalies/018.png,logical_anomaly,1,logical,1,['breakfast_box/train/good/271'],0,visionzip,0.25,True,sdpa,64,401408,Qwen/Qwen2.5-VL-3B-Instruct-AWQ,ok,,ANOMALOUS,1,ANOMALOUS,False,0.8054038579568435,-1.738354206085205,-0.317936712061055,45.46810000010737,385.86549999990893,16.921400000001086,161.93040000007386,235.73590000000877,65.03219999990506,610.1854000000912,845.9213000001,5,5.910715334865559,3442.1181640625,7854.0,1000,250,"[500, 500]","[125, 125]",398,66.68576923076924,61.22001686445116,1
20260930-210411-0c0ed5,2026-09-30T21:23:08,final,test,breakfast_box,breakfast_box/test/logical_anomalies/018,hf_assets/mvtec_loco/mvtec_loco_anomaly_detection/breakfast_box/test/logical_anomalies/018.png,logical_anomaly,1,logical,2,"['breakfast_box/train/good/271', 'breakfast_box/train/good/248']",0,none,1.0,True,sdpa,64,401408,Qwen/Qwen2.5-VL-3B-Instruct-AWQ,ok,,ANOMALOUS,1,ANOMALOUS,False,0.7954816872006681,-1.6630662679672241,-0.30477596155833453,58.5135999999693,604.8796000000038,2.3430999999618507,824.8931000000539,251.85529999998835,61.49579999987509,1490.629399999989,1742.4846999999772,5,2.869465654418696,3811.6455078125,7854.0,1500,1500,"[500, 500, 500]","[500, 500, 500]",1657,77.51963043478258,140.48874871733895,1
20260930-210411-0c0ed5,2026-09-30T21:23:10,final,test,breakfast_box,breakfast_box/test/logical_anomalies/018,hf_assets/mvtec_loco/mvtec_loco_anomaly_detection/breakfast_box/test/logical_anomalies/018.png,logical_anomaly,1,logical,2,"['breakfast_box/train/good/271', 'breakfast_box/train/good/248']",0,visionzip,0.75,True,sdpa,64,401408,Qwen/Qwen2.5-VL-3B-Instruct-AWQ,ok,,ANOMALOUS,1,ANOMALOUS,False,0.7929127405449811,-1.6527186632156372,-0.3101457324810326,55.65369999999348,589.082800000142,23.43780000001061,570.7503000000997,267.60009999998147,72.36009999996895,1238.9246000002458,1506.5247000002273,5,3.318896796049375,3629.35791015625,7854.0,1500,1125,"[500, 500, 500]","[375, 375, 375]",1282,75.30587356321827,119.53673321704991,1
20260930-210411-0c0ed5,2026-09-30T21:23:11,final,test,breakfast_box,breakfast_box/test/logical_anomalies/018,hf_assets/mvtec_loco/mvtec_loco_anomaly_detection/breakfast_box/test/logical_anomalies/018.png,logical_anomaly,1,logical,2,"['breakfast_box/train/good/271', 'breakfast_box/train/good/248']",0,visionzip,0.5,True,sdpa,64,401408,Qwen/Qwen2.5-VL-3B-Instruct-AWQ,ok,,ANOMALOUS,1,ANOMALOUS,False,0.7632543464945453,-1.5186011791229248,-0.3479962256969884,62.4536000000262,611.0681999998633,23.11409999992975,373.5555000000659,264.6767999999611,56.68609999997898,1070.191399999885,1334.8681999998462,5,3.7456881510853104,3531.3291015625,7854.0,1500,750,"[500, 500, 500]","[250, 250, 250]",907,70.20653947368423,98.49639794701868,1
20260930-210411-0c0ed5,2026-09-30T21:23:13,final,test,breakfast_box,breakfast_box/test/logical_anomalies/063,hf_assets/mvtec_loco/mvtec_loco_anomaly_detection/breakfast_box/test/logical_anomalies/063.png,logical_anomaly,1,logical,4,"['breakfast_box/train/good/271', 'breakfast_box/train/good/248', 'breakfast_box/train/good/267', 'breakfast_box/train/good/219']",0,none,1.0,True,sdpa,64,401408,Qwen/Qwen2.5-VL-3B-Instruct-AWQ,ok,,ANOMALOUS,1,ANOMALOUS,False,0.6546555846978721,-1.129396915435791,-0.48982986726332456,92.83719999984896,1018.9070000001266,14.709499999980835,1653.7786999999753,242.98219999991488,59.94909999981246,2780.2323999999317,3023.2145999998465,5,1.6538686998932375,4561.287109375,7854.0,2500,2500,"[500, 500, 500, 500, 500]","[500, 500, 500, 500, 500]",2675,77.47551851851857,238.9833629206358,1
20260930-210411-0c0ed5,2026-09-30T21:23:16,final,test,breakfast_box,breakfast_box/test/logical_anomalies/063,hf_assets/mvtec_loco/mvtec_loco_anomaly_detection/breakfast_box/test/logical_anomalies/063.png,logical_anomaly,1,logical,4,"['breakfast_box/train/good/271', 'breakfast_box/train/good/248', 'breakfast_box/train/good/267', 'breakfast_box/train/good/219']",0,visionzip,0.75,True,sdpa,64,401408,Qwen/Qwen2.5-VL-3B-Instruct-AWQ,ok,,ANOMALOUS,1,ANOMALOUS,False,0.6789402161990028,-1.2034029960632324,-0.4544972673757002,86.82820000012725,1015.1562000000922,50.192799999877025,1165.1070000000345,248.48289999999906,60.93009999995047,2317.284200000131,2565.76710000013,5,1.9487349416865414,4086.39990234375,7854.0,2500,1875,"[500, 500, 500, 500, 500]","[375, 375, 375, 375, 375]",2050,80.28706617647059,210.98349087076832,1
20260930-210411-0c0ed5,2026-09-30T21:23:18,final,test,breakfast_box,breakfast_box/test/logical_anomalies/063,hf_assets/mvtec_loco/mvtec_loco_anomaly_detection/breakfast_box/test/logical_anomalies/063.png,logical_anomaly,1,logical,4,"['breakfast_box/train/good/271', 'breakfast_box/train/good/248', 'breakfast_box/train/good/267', 'breakfast_box/train/good/219']",0,visionzip,0.5,True,sdpa,64,401408,Qwen/Qwen2.5-VL-3B-Instruct-AWQ,ok,,ANOMALOUS,1,ANOMALOUS,False,0.6856947555030074,-1.2254576683044434,-0.44538973236922175,93.66640000007465,1015.4109999998582,53.72379999994337,648.1065000000399,244.89300000004732,57.62719999984256,1810.907699999916,2055.8006999999634,5,2.432142376447332,3711.10546875,7854.0,2500,1250,"[500, 500, 500, 500, 500]","[250, 250, 250, 250, 250]",1425,75.4773482142857,159.6056459101749,1
20260930-210411-0c0ed5,2026-09-30T21:23:21,final,test,breakfast_box,breakfast_box/test/logical_anomalies/063,hf_assets/mvtec_loco/mvtec_loco_anomaly_detection/breakfast_box/test/logical_anomalies/063.png,logical_anomaly,1,logical,4,"['breakfast_box/train/good/271', 'breakfast_box/train/good/248', 'breakfast_box/train/good/267', 'breakfast_box/train/good/219']",0,visionzip,0.25,True,sdpa,64,401408,Qwen/Qwen2.5-VL-3B-Instruct-AWQ,ok,,ANOMALOUS,1,ANOMALOUS,False,0.6823097070429776,-1.2161099910736084,-0.45170330710243434,87.59570000006534,1019.3581000000904,51.57860000008441,320.9364000001642,262.1973000000253,55.915599999934784,1479.4688000004044,1741.6661000004297,5,2.8708143311733325,3711.10546875,7854.0,2500,625,"[500, 500, 500, 500, 500]","[125, 125, 125, 125, 125]",800,74.4177,133.86683777774553,1
20260930-210411-0c0ed5,2026-09-30T21:23:22,final,test,breakfast_box,breakfast_box/test/logical_anomalies/063,hf_assets/mvtec_loco/mvtec_loco_anomaly_detection/breakfast_box/test/logical_anomalies/063.png,logical_anomaly,1,logical,8,"['breakfast_box/train/good/271', 'breakfast_box/train/good/248', 'breakfast_box/train/good/267', 'breakfast_box/train/good/219', 'breakfast_box/train/good/145', 'breakfast_box/train/good/149', 'breakfast_box/train/good/056', 'breakfast_box/train/good/028']",0,none,1.0,True,sdpa,64,401408,Qwen/Qwen2.5-VL-3B-Instruct-AWQ,ok,,ANOMALOUS,1,ANOMALOUS,False,0.6616922595296952,-1.1464215517044067,-0.47557692462578416,207.16409999999996,1817.2300999999607,4.955099999961021,9847.552399999813,275.33579999999347,56.77479999985735,11876.901699999735,12152.237499999728,5,0.4114468631805552,6854.44287109375,7854.0,4500,4500,"[500, 500, 500, 500, 500, 500, 500, 500, 500]","[500, 500, 500, 500, 500, 500, 500, 500, 500]",4711,58.91435176651296,720.9820481567987,1
20260930-210411-0c0ed5,2026-09-30T21:23:35,final,test,breakfast_box,breakfast_box/test/logical_anomalies/063,hf_assets/mvtec_loco/mvtec_loco_anomaly_detection/breakfast_box/test/logical_anomalies/063.png,logical_anomaly,1,logical,8,"['breakfast_box/train/good/271', 'breakfast_box/train/good/248', 'breakfast_box/train/good/267', 'breakfast_box/train/good/219', 'breakfast_box/train/good/145', 'breakfast_box/train/good/149', 'breakfast_box/train/good/056', 'breakfast_box/train/good/028']",0,visionzip,0.75,True,sdpa,64,401408,Qwen/Qwen2.5-VL-3B-Instruct-AWQ,ok,,ANOMALOUS,1,ANOMALOUS,False,0.6258861882320919,-1.0435326099395752,-0.5289241239661351,190.06210000020474,1809.51570000002,83.0637999999908,2686.1351999998533,240.02999999993335,61.262100000021746,4768.776800000069,5008.806800000002,5,0.9982417369342331,5478.0888671875,7854.0,4500,3375,"[500, 500, 500, 500, 500, 500, 500, 500, 500]","[375, 375, 375, 375, 375, 375, 375, 375, 375]",3586,80.69278445229676,409.21251657227043,1
20260930-210411-0c0ed5,2026-09-30T21:23:40,final,test,breakfast_box,breakfast_box/test/logical_anomalies/063,hf_assets/mvtec_loco/mvtec_loco_anomaly_detection/breakfast_box/test/logical_anomalies/063.png,logical_anomaly,1,logical,8,"['breakfast_box/train/good/271', 'breakfast_box/train/good/248', 'breakfast_box/train/good/267', 'breakfast_box/train/good/219', 'breakfast_box/train/good/145', 'breakfast_box/train/good/149', 'breakfast_box/train/good/056', 'breakfast_box/train/good/028']",0,visionzip,0.5,True,sdpa,64,401408,Qwen/Qwen2.5-VL-3B-Instruct-AWQ,ok,,ANOMALOUS,1,ANOMALOUS,False,0.6036527214630313,-0.9830424189567566,-0.5623341437894851,162.86039999999957,1821.2211000000025,84.45510000001377,1485.6320000001233,242.96869999989212,57.37020000015036,3554.168600000139,3797.1373000000312,5,1.316781460601901,4403.93701171875,7854.0,4500,2250,"[500, 500, 500, 500, 500, 500, 500, 500, 500]","[250, 250, 250, 250, 250, 250, 250, 250, 250]",2461,80.65239603960386,310.9636201274826,1
20260930-210411-0c0ed5,2026-09-30T21:23:44,final,test,breakfast_box,breakfast_box/test/logical_anomalies/063,hf_assets/mvtec_loco/mvtec_loco_anomaly_detection/breakfast_box/test/logical_anomalies/063.png,logical_anomaly,1,logical,8,"['breakfast_box/train/good/271', 'breakfast_box/train/good/248', 'breakfast_box/train/good/267', 'breakfast_box/train/good/219', 'breakfast_box/train/good/145', 'breakfast_box/train/good/149', 'breakfast_box/train/good/056', 'breakfast_box/train/good/028']",0,visionzip,0.25,True,sdpa,64,401408,Qwen/Qwen2.5-VL-3B-Instruct-AWQ,ok,,ANOMALOUS,1,ANOMALOUS,False,0.6403519242703996,-1.0834259986877441,-0.5065340776927769,164.28459999997358,1817.0151000001624,87.96600000005128,590.613200000007,264.2070000001695,58.31239999997706,2659.8789000001943,2924.085900000364,5,1.709936086350739,4069.875,7854.0,4500,1125,"[500, 500, 500, 500, 500, 500, 500, 500, 500]","[125, 125, 125, 125, 125, 125, 125, 125, 125]",1336,75.5617235294118,225.4397924857201,1
20260930-210411-0c0ed5,2026-09-30T21:23:47,final,test,breakfast_box,breakfast_box/test/logical_anomalies/063,hf_assets/mvtec_loco/mvtec_loco_anomaly_detection/breakfast_box/test/logical_anomalies/063.png,logical_anomaly,1,logical,1,['breakfast_box/train/good/271'],0,none,1.0,True,sdpa,64,401408,Qwen/Qwen2.5-VL-3B-Instruct-AWQ,ok,,ANOMALOUS,1,ANOMALOUS,False,0.8126629572125689,-1.7491750717163086,-0.28176797728519887,37.23249999984546,382.21229999999196,1.6479999999319261,459.67749999999796,249.32560000002013,66.07080000003407,880.7702999997673,1130.0958999997874,5,4.42440327409465,3557.0205078125,7854.0,1000,1000,"[500, 500]","[500, 500]",1148,79.21885915492958,95.78645370201845,1
20260930-210411-0c0ed5,2026-09-30T21:23:48,final,test,breakfast_box,breakfast_box/test/logical_anomalies/063,hf_assets/mvtec_loco/mvtec_loco_anomaly_detection/breakfast_box/test/logical_anomalies/063.png,logical_anomaly,1,logical,1,['breakfast_box/train/good/271'],0,visionzip,0.75,True,sdpa,64,401408,Qwen/Qwen2.5-VL-3B-Instruct-AWQ,ok,,ANOMALOUS,1,ANOMALOUS,False,0.8395595396769014,-1.903408169746399,-0.24845368298701942,38.99109999997563,375.68469999996523,15.692700000045079,368.9021000000139,256.2834999998813,72.02490000008765,799.2705999999998,1055.5540999998811,5,4.736848637128654,3468.9521484375,7854.0,1000,750,"[500, 500]","[375, 375]",898,77.61350000000009,87.96174676175448,1
20260930-210411-0c0ed5,2026-09-30T21:23:49,final,test,breakfast_box,breakfast_box/test/logical_anomalies/063,hf_assets/mvtec_loco/mvtec_loco_anomaly_detection/breakfast_box/test/logical_anomalies/063.png,logical_anomaly,1,logical,1,['breakfast_box/train/good/271'],0,visionzip,0.5,True,sdpa,64,401408,Qwen/Qwen2.5-VL-3B-Instruct-AWQ,ok,,ANOMALOUS,1,ANOMALOUS,False,0.7428926566925732,-1.444213628768921,-0.38315574324224144,40.244399999892266,374.25969999981135,16.364900000098714,250.48820000006344,245.5101000000468,65.21490000000085,681.3571999998658,926.8672999999126,5,5.394515482421779,3442.1181640625,7854.0,1000,500,"[500, 500]","[250, 250]",648,73.03603508771927,72.87111241688311,1
20260930-210411-0c0ed5,2026-09-30T21:23:50,final,test,breakfast_box,breakfast_box/test/logical_anomalies/063,hf_assets/mvtec_loco/mvtec_loco_anomaly_detection/breakfast_box/test/logical_anomalies/063.png,logical_anomaly,1,logical,1,['breakfast_box/train/good/271'],0,visionzip,0.25,True,sdpa,64,401408,Qwen/Qwen2.5-VL-3B-Instruct-AWQ,ok,,ANOMALOUS,1,ANOMALOUS,False,0.8265256540701044,-1.8462809324264526,-0.2850797026185319,41.14110000000437,376.7616000000089,15.507300000081159,161.54089999986354,244.28880000004938,55.948599999965154,594.950899999958,839.2397000000074,5,5.957773446608825,3442.1181640625,7854.0,1000,250,"[500, 500]","[125, 125]",398,65.20919642857147,58.77924361473826,1
20260930-210411-0c0ed5,2026-09-30T21:23:51,final,test,breakfast_box,breakfast_box/test/logical_anomalies/063,hf_assets/mvtec_loco/mvtec_loco_anomaly_detection/breakfast_box/test/logical_anomalies/063.png,logical_anomaly,1,logical,2,"['breakfast_box/train/good/271', 'breakfast_box/train/good/248']",0,none,1.0,True,sdpa,64,401408,Qwen/Qwen2.5-VL-3B-Instruct-AWQ,ok,,ANOMALOUS,1,ANOMALOUS,False,0.7338828016029028,-1.4046927690505981,-0.39028023125138134,58.07460000005449,595.9619999998722,7.375299999921481,829.4430999999349,229.48330000008355,58.90840000006392,1490.854999999783,1720.3382999998666,5,2.9064050948586027,3811.6455078125,7854.0,1500,1500,"[500, 500, 500]","[500, 500, 500]",1657,74.61853465346536,132.86419581473186,1
20260930-210411-0c0ed5,2026-09-30T21:23:53,final,test,breakfast_box,breakfast_box/test/logical_anomalies/063,hf_assets/mvtec_loco/mvtec_loco_anomaly_detection/breakfast_box/test/logical_anomalies/063.png,logical_anomaly,1,logical,2,"['breakfast_box/train/good/271', 'breakfast_box/train/good/248']",0,visionzip,0.75,True,sdpa,64,401408,Qwen/Qwen2.5-VL-3B-Instruct-AWQ,ok,,ANOMALOUS,1,ANOMALOUS,False,0.7369154971026084,-1.415517807006836,-0.385519863688387,54.39450000017132,593.0535999998483,24.120999999922788,568.0789999998979,233.06590000015603,56.69149999994261,1239.6480999998403,1472.7139999999963,5,3.3950923261407255,3629.35791015625,7854.0,1500,1125,"[500, 500, 500]","[375, 375, 375]",1282,78.65101190476183,121.18373309038385,1
20260930-210411-0c0ed5,2026-09-30T21:23:54,final,test,breakfast_box,breakfast_box/test/logical_anomalies/063,hf_assets/mvtec_loco/mvtec_loco_anomaly_detection/breakfast_box/test/logical_anomalies/063.png,logical_anomaly,1,logical,2,"['breakfast_box/train/good/271', 'breakfast_box/train/good/248']",0,visionzip,0.5,True,sdpa,64,401408,Qwen/Qwen2.5-VL-3B-Instruct-AWQ,ok,,ANOMALOUS,1,ANOMALOUS,False,0.6822718896652801,-1.2249081134796143,-0.46067588799633086,56.74999999996544,584.5480999998927,24.51810000002297,373.7184999999954,244.43240000005062,59.68450000000303,1039.5346999998765,1283.967099999927,5,3.894180777685257,3531.3291015625,7854.0,1500,750,"[500, 500, 500]","[250, 250, 250]",907,75.13143835616437,101.54021406978481,1
20260930-210411-0c0ed5,2026-09-30T21:23:56,final,test,breakfast_box,breakfast_box/test/logical_anomalies/063,hf_assets/mvtec_loco/mvtec_loco_anomaly_detection/breakfast_box/test/logical_anomalies/063.png,logical_anomaly,1,logical,2,"['breakfast_box/train/good/271', 'breakfast_box/train/good/248']",0,visionzip,0.25,True,sdpa,64,401408,Qwen/Qwen2.5-VL-3B-Instruct-AWQ,ok,,ANOMALOUS,1,ANOMALOUS,False,0.6856533466097647,-1.250054121017456,-0.4701783152995631,61.766600000055405,584.5892999998341,24.33389999987412,201.92960000008497,241.4046999999755,56.53060000008736,872.6193999998486,1114.024099999824,5,4.488233243787804,3531.3291015625,7854.0,1500,375,"[500, 500, 500]","[125, 125, 125]",532,77.17856716417913,91.1704471160773,1
20260930-210411-0c0ed5,2026-09-30T21:23:57,final,test,breakfast_box,breakfast_box/test/logical_anomalies/005,hf_assets/mvtec_loco/mvtec_loco_anomaly_detection/breakfast_box/test/logical_anomalies/005.png,logical_anomaly,1,logical,4,"['breakfast_box/train/good/271', 'breakfast_box/train/good/248', 'breakfast_box/train/good/267', 'breakfast_box/train/good/219']",0,visionzip,0.75,True,sdpa,64,401408,Qwen/Qwen2.5-VL-3B-Instruct-AWQ,ok,,ANOMALOUS,1,ANOMALOUS,False,0.5503088116272137,-0.8590297102928162,-0.6571112130768597,93.92510000020593,1039.678300000105,48.07959999993727,1168.480000000045,271.70040000009976,58.86770000006436,2350.1630000002933,2621.863400000393,5,1.9070406185155375,4086.39990234375,7854.0,2500,1875,"[500, 500, 500, 500, 500]","[375, 375, 375, 375, 375]",2050,75.7174615384616,203.08549860441752,1
20260930-210411-0c0ed5,2026-09-30T21:24:00,final,test,breakfast_box,breakfast_box/test/logical_anomalies/005,hf_assets/mvtec_loco/mvtec_loco_anomaly_detection/breakfast_box/test/logical_anomalies/005.png,logical_anomaly,1,logical,4,"['breakfast_box/train/good/271', 'breakfast_box/train/good/248', 'breakfast_box/train/good/267', 'breakfast_box/train/good/219']",0,visionzip,0.5,True,sdpa,64,401408,Qwen/Qwen2.5-VL-3B-Instruct-AWQ,ok,,ANOMALOUS,1,ANOMALOUS,False,0.6185054538956305,-1.0284268856048584,-0.5452174305683002,94.39210000005005,1016.555100000005,47.41520000015953,644.3924999998671,286.4669000000504,64.39700000009907,1802.7549000000818,2089.221800000132,5,2.3932356057167716,3711.10546875,7854.0,2500,1250,"[500, 500, 500, 500, 500]","[250, 250, 250, 250, 250]",1425,71.82072950819666,154.760615081549,1
20260930-210411-0c0ed5,2026-09-30T21:24:02,final,test,breakfast_box,breakfast_box/test/logical_anomalies/005,hf_assets/mvtec_loco/mvtec_loco_anomaly_detection/breakfast_box/test/logical_anomalies/005.png,logical_anomaly,1,logical,4,"['breakfast_box/train/good/271', 'breakfast_box/train/good/248', 'breakfast_box/train/good/267', 'breakfast_box/train/good/219']",0,visionzip,0.25,True,sdpa,64,401408,Qwen/Qwen2.5-VL-3B-Instruct-AWQ,ok,,ANOMALOUS,1,ANOMALOUS,False,0.6616854818318318,-1.1493102312088013,-0.4784958810778335,92.53669999998237,1010.8518000001823,49.71590000013748,320.8666999998968,272.65059999990626,70.34300000009353,1473.971100000199,1746.6217000001052,5,2.8626691171875964,3711.10546875,7854.0,2500,625,"[500, 500, 500, 500, 500]","[125, 125, 125, 125, 125]",800,73.06000970873794,132.8290593472715,1
20260930-210411-0c0ed5,2026-09-30T21:24:04,final,test,breakfast_box,breakfast_box/test/logical_anomalies/005,hf_assets/mvtec_loco/mvtec_loco_anomaly_detection/breakfast_box/test/logical_anomalies/005.png,logical_anomaly,1,logical,8,"['breakfast_box/train/good/271', 'breakfast_box/train/good/248', 'breakfast_box/train/good/267', 'breakfast_box/train/good/219', 'breakfast_box/train/good/145', 'breakfast_box/train/good/149', 'breakfast_box/train/good/056', 'breakfast_box/train/good/028']",0,none,1.0,True,sdpa,64,401408,Qwen/Qwen2.5-VL-3B-Instruct-AWQ,ok,,ANOMALOUS,1,ANOMALOUS,False,0.5848275782654675,-0.9362243413925171,-0.5936011836165562,191.1946000000171,1869.6586000000934,6.417099999907805,9836.150400000179,272.8505000000041,60.93450000003031,11903.420700000197,12176.271200000201,5,0.4106347434179946,6854.44287109375,7854.0,4500,4500,"[500, 500, 500, 500, 500, 500, 500, 500, 500]","[500, 500, 500, 500, 500, 500, 500, 500, 500]",4711,54.89228665568365,673.0479344832086,1
20260930-210411-0c0ed5,2026-09-30T21:24:16,final,test,breakfast_box,breakfast_box/test/logical_anomalies/005,hf_assets/mvtec_loco/mvtec_loco_anomaly_detection/breakfast_box/test/logical_anomalies/005.png,logical_anomaly,1,logical,8,"['breakfast_box/train/good/271', 'breakfast_box/train/good/248', 'breakfast_box/train/good/267', 'breakfast_box/train/good/219', 'breakfast_box/train/good/145', 'breakfast_box/train/good/149', 'breakfast_box/train/good/056', 'breakfast_box/train/good/028']",0,visionzip,0.75,True,sdpa,64,401408,Qwen/Qwen2.5-VL-3B-Instruct-AWQ,ok,,ANOMALOUS,1,ANOMALOUS,False,0.5810435057741503,-0.9246324896812439,-0.5975739369168878,167.1102999998766,1826.515900000004,84.81779999988248,2698.7027000000126,242.91779999998653,59.17629999999008,4777.146699999776,5020.064499999762,5,0.9960031390035401,5478.0888671875,7854.0,4500,3375,"[500, 500, 500, 500, 500, 500, 500, 500, 500]","[375, 375, 375, 375, 375, 375, 375, 375, 375]",3586,81.1514139194138,412.28683696669043,1
20260930-210411-0c0ed5,2026-09-30T21:24:21,final,test,breakfast_box,breakfast_box/test/logical_anomalies/005,hf_assets/mvtec_loco/mvtec_loco_anomaly_detection/breakfast_box/test/logical_anomalies/005.png,logical_anomaly,1,logical,8,"['breakfast_box/train/good/271', 'breakfast_box/train/good/248', 'breakfast_box/train/good/267', 'breakfast_box/train/good/219', 'breakfast_box/train/good/145', 'breakfast_box/train/good/149', 'breakfast_box/train/good/056', 'breakfast_box/train/good/028']",0,visionzip,0.5,True,sdpa,64,401408,Qwen/Qwen2.5-VL-3B-Instruct-AWQ,ok,,ANOMALOUS,1,ANOMALOUS,False,0.5923901918159444,-0.9533754587173462,-0.5795202974695712,170.17570000007254,1822.273799999948,88.25940000019727,1482.5222000001759,246.6589999999087,60.26919999999336,3563.231100000394,3809.8901000003025,5,1.3123738136172491,4403.93701171875,7854.0,4500,2250,"[500, 500, 500, 500, 500, 500, 500, 500, 500]","[250, 250, 250, 250, 250, 250, 250, 250, 250]",2461,79.81140776699033,308.98759054477136,1
20260930-210411-0c0ed5,2026-09-30T21:24:25,final,test,breakfast_box,breakfast_box/test/logical_anomalies/005,hf_assets/mvtec_loco/mvtec_loco_anomaly_detection/breakfast_box/test/logical_anomalies/005.png,logical_anomaly,1,logical,8,"['breakfast_box/train/good/271', 'breakfast_box/train/good/248', 'breakfast_box/train/good/267', 'breakfast_box/train/good/219', 'breakfast_box/train/good/145', 'breakfast_box/train/good/149', 'breakfast_box/train/good/056', 'breakfast_box/train/good/028']",0,visionzip,0.25,True,sdpa,64,401408,Qwen/Qwen2.5-VL-3B-Instruct-AWQ,ok,,ANOMALOUS,1,ANOMALOUS,False,0.6367760540382252,-1.073101282119751,-0.5117028269451112,173.80270000012388,1812.6179000000775,85.15959999999723,589.4160000000284,230.32289999991917,58.570400000007794,2660.996200000227,2891.319100000146,5,1.7293144848660071,4069.875,7854.0,4500,1125,"[500, 500, 500, 500, 500, 500, 500, 500, 500]","[125, 125, 125, 125, 125, 125, 125, 125, 125]",1336,76.32628915662652,225.24686303105122,1
20260930-210411-0c0ed5,2026-09-30T21:24:28,final,test,breakfast_box,breakfast_box/test/logical_anomalies/005,hf_assets/mvtec_loco/mvtec_loco_anomaly_detection/breakfast_box/test/logical_anomalies/005.png,logical_anomaly,1,logical,1,['breakfast_box/train/good/271'],0,none,1.0,True,sdpa,64,401408,Qwen/Qwen2.5-VL-3B-Instruct-AWQ,ok,,ANOMALOUS,1,ANOMALOUS,False,0.7338226175292658,-1.3967453241348267,-0.38264092814642936,39.144099999930404,374.87129999999524,2.01510000010785,465.00970000010966,243.32790000016757,62.41260000001603,881.0402000001432,1124.3681000003107,5,4.446942242490354,3557.0205078125,7854.0,1000,1000,"[500, 500]","[500, 500]",1148,75.67421428571433,90.74746589984295,1
20260930-210411-0c0ed5,2026-09-30T21:24:29,final,test,breakfast_box,breakfast_box/test/logical_anomalies/005,hf_assets/mvtec_loco/mvtec_loco_anomaly_detection/breakfast_box/test/logical_anomalies/005.png,logical_anomaly,1,logical,1,['breakfast_box/train/good/271'],0,visionzip,0.75,True,sdpa,64,401408,Qwen/Qwen2.5-VL-3B-Instruct-AWQ,ok,,ANOMALOUS,1,ANOMALOUS,False,0.7688319762274214,-1.5407953262329102,-0.33906769880559295,40.97879999994802,387.51239999987774,16.20720000005349,369.222499999978,246.51109999990695,62.38060000009682,813.9208999998573,1060.4319999997642,5,4.715059522912465,3468.9521484375,7854.0,1000,750,"[500, 500]","[375, 375]",898,63.9719677419355,72.19914022816695,1
20260930-210411-0c0ed5,2026-09-30T21:24:30,final,test,breakfast_box,breakfast_box/test/logical_anomalies/005,hf_assets/mvtec_loco/mvtec_loco_anomaly_detection/breakfast_box/test/logical_anomalies/005.png,logical_anomaly,1,logical,1,['breakfast_box/train/good/271'],0,visionzip,0.5,True,sdpa,64,401408,Qwen/Qwen2.5-VL-3B-Instruct-AWQ,ok,,ANOMALOUS,1,ANOMALOUS,False,0.6989420871437314,-1.2850044965744019,-0.4427392565412447,41.16719999979068,372.7426000000378,17.826500000182932,251.47629999992205,227.19929999993838,59.35810000005404,683.2125999999334,910.4118999998718,5,5.492019601238411,3442.1181640625,7854.0,1000,500,"[500, 500]","[250, 250]",648,73.46400000000003,71.69593456558985,1
20260930-210411-0c0ed5,2026-09-30T21:24:31,final,test,breakfast_box,breakfast_box/test/logical_anomalies/005,hf_assets/mvtec_loco/mvtec_loco_anomaly_detection/breakfast_box/test/logical_anomalies/005.png,logical_anomaly,1,logical,1,['breakfast_box/train/good/271'],0,visionzip,0.25,True,sdpa,64,401408,Qwen/Qwen2.5-VL-3B-Instruct-AWQ,ok,,ANOMALOUS,1,ANOMALOUS,False,0.7770531792468642,-1.5970206260681152,-0.3484451073454693,38.070700000162105,378.1053999998676,15.816999999969994,163.19829999997637,248.77939999987575,61.90570000012485,595.191399999976,843.9707999998518,5,5.924375582663378,3442.1181640625,7854.0,1000,250,"[500, 500]","[125, 125]",398,67.55930612244897,61.59416394428684,1
20260930-210411-0c0ed5,2026-09-30T21:24:32,final,test,breakfast_box,breakfast_box/test/logical_anomalies/005,hf_assets/mvtec_loco/mvtec_loco_anomaly_detection/breakfast_box/test/logical_anomalies/005.png,logical_anomaly,1,logical,2,"['breakfast_box/train/good/271', 'breakfast_box/train/good/248']",0,none,1.0,True,sdpa,64,401408,Qwen/Qwen2.5-VL-3B-Instruct-AWQ,ok,,ANOMALOUS,1,ANOMALOUS,False,0.5809760909232848,-0.9424871802330017,-0.6157055563526228,55.28730000014548,612.0164999999815,2.403799999910916,830.3892999999789,241.68870000016796,75.92270000009194,1500.0969000000168,1741.7856000001848,5,2.8706173710469702,3811.6455078125,7854.0,1500,1500,"[500, 500, 500]","[500, 500, 500]",1657,78.7860103092783,143.90615380735198,1
20260930-210411-0c0ed5,2026-09-30T21:24:34,final,test,breakfast_box,breakfast_box/test/logical_anomalies/005,hf_assets/mvtec_loco/mvtec_loco_anomaly_detection/breakfast_box/test/logical_anomalies/005.png,logical_anomaly,1,logical,2,"['breakfast_box/train/good/271', 'breakfast_box/train/good/248']",0,visionzip,0.75,True,sdpa,64,401408,Qwen/Qwen2.5-VL-3B-Instruct-AWQ,ok,,ANOMALOUS,1,ANOMALOUS,False,0.6475064052452779,-1.1195893287658691,-0.5114930941490456,58.71400000000904,604.7847999998339,22.771700000021156,572.1478999998908,251.87740000001213,71.77159999992,1258.418399999755,1510.295799999767,5,3.310609749428404,3629.35791015625,7854.0,1500,1125,"[500, 500, 500]","[375, 375, 375]",1282,76.59896590909095,122.14530851056661,1
20260930-210411-0c0ed5,2026-09-30T21:24:36,final,test,breakfast_box,breakfast_box/test/logical_anomalies/005,hf_assets/mvtec_loco/mvtec_loco_anomaly_detection/breakfast_box/test/logical_anomalies/005.png,logical_anomaly,1,logical,2,"['breakfast_box/train/good/271', 'breakfast_box/train/good/248']",0,visionzip,0.5,True,sdpa,64,401408,Qwen/Qwen2.5-VL-3B-Instruct-AWQ,ok,,ANOMALOUS,1,ANOMALOUS,False,0.6294653443276882,-1.0710148811340332,-0.5410910598002374,58.229699999856166,597.3246999999446,23.169099999904574,371.507500000007,266.1838000001353,76.05650000004971,1050.2309999997124,1316.4147999998477,5,3.7981949154632555,3531.3291015625,7854.0,1500,750,"[500, 500, 500]","[250, 250, 250]",907,70.02693670886079,98.24613956682137,1
20260930-210411-0c0ed5,2026-09-30T21:24:37,final,test,breakfast_box,breakfast_box/test/logical_anomalies/005,hf_assets/mvtec_loco/mvtec_loco_anomaly_detection/breakfast_box/test/logical_anomalies/005.png,logical_anomaly,1,logical,2,"['breakfast_box/train/good/271', 'breakfast_box/train/good/248']",0,visionzip,0.25,True,sdpa,64,401408,Qwen/Qwen2.5-VL-3B-Instruct-AWQ,ok,,ANOMALOUS,1,ANOMALOUS,False,0.6788911215905121,-1.2241952419281006,-0.4755147290416062,57.6123999999254,597.2885999999562,23.384099999930186,204.80319999978747,259.093699999994,62.72420000004786,883.0882999995993,1142.1819999995932,5,4.377586058965892,3531.3291015625,7854.0,1500,375,"[500, 500, 500]","[125, 125, 125]",532,73.44804109589043,89.0847177361824,1
20260930-210411-0c0ed5,2026-09-30T21:24:38,final,test,breakfast_box,breakfast_box/test/logical_anomalies/005,hf_assets/mvtec_loco/mvtec_loco_anomaly_detection/breakfast_box/test/logical_anomalies/005.png,logical_anomaly,1,logical,4,"['breakfast_box/train/good/271', 'breakfast_box/train/good/248', 'breakfast_box/train/good/267', 'breakfast_box/train/good/219']",0,none,1.0,True,sdpa,64,401408,Qwen/Qwen2.5-VL-3B-Instruct-AWQ,ok,,ANOMALOUS,1,ANOMALOUS,False,0.5386970879687644,-0.8344841003417969,-0.6793855795403942,102.75139999998828,1021.2016000000403,15.698300000167364,1654.174199999943,228.3332000001792,56.47499999986394,2793.825500000139,3022.1587000003183,5,1.6544465384956368,4561.287109375,7854.0,2500,2500,"[500, 500, 500, 500, 500]","[500, 500, 500, 500, 500]",2675,81.77116969696968,251.8458071592648,1
20260930-210411-0c0ed5,2026-09-30T21:24:41,final,test,breakfast_box,breakfast_box/test/logical_anomalies/064,hf_assets/mvtec_loco/mvtec_loco_anomaly_detection/breakfast_box/test/logical_anomalies/064.png,logical_anomaly,1,logical,4,"['breakfast_box/train/good/271', 'breakfast_box/train/good/248', 'breakfast_box/train/good/267', 'breakfast_box/train/good/219']",0,visionzip,0.5,True,sdpa,64,401408,Qwen/Qwen2.5-VL-3B-Instruct-AWQ,ok,,NORMAL,0,NORMAL,False,0.48018061135887274,-0.7149136662483215,-0.7942327811615542,93.00840000014432,1017.6446999998916,50.80820000011954,647.0448000000033,55.37879999997131,63.94730000010895,1808.5061000001588,1863.88490000013,2,1.073027631695423,3711.10546875,7854.0,2500,1250,"[500, 500, 500, 500, 500]","[250, 250, 250, 250, 250]",1425,76.55146000000002,147.68661330945812,0
20260930-210411-0c0ed5,2026-09-30T21:24:43,final,test,breakfast_box,breakfast_box/test/logical_anomalies/064,hf_assets/mvtec_loco/mvtec_loco_anomaly_detection/breakfast_box/test/logical_anomalies/064.png,logical_anomaly,1,logical,4,"['breakfast_box/train/good/271', 'breakfast_box/train/good/248', 'breakfast_box/train/good/267', 'breakfast_box/train/good/219']",0,visionzip,0.25,True,sdpa,64,401408,Qwen/Qwen2.5-VL-3B-Instruct-AWQ,ok,,ANOMALOUS,1,ANOMALOUS,False,0.5848405931236874,-0.9470306634902954,-0.6043539032107219,86.66080000011789,1014.0610000000834,50.68879999998899,318.77300000019204,237.7168000000438,55.65060000003541,1470.1836000003823,1707.900400000426,5,2.92757118623472,3711.10546875,7854.0,2500,625,"[500, 500, 500, 500, 500]","[125, 125, 125, 125, 125]",800,77.16352999999995,136.16914646192063,1
20260930-210411-0c0ed5,2026-09-30T21:24:45,final,test,breakfast_box,breakfast_box/test/logical_anomalies/064,hf_assets/mvtec_loco/mvtec_loco_anomaly_detection/breakfast_box/test/logical_anomalies/064.png,logical_anomaly,1,logical,8,"['breakfast_box/train/good/271', 'breakfast_box/train/good/248', 'breakfast_box/train/good/267', 'breakfast_box/train/good/219', 'breakfast_box/train/good/145', 'breakfast_box/train/good/149', 'breakfast_box/train/good/056', 'breakfast_box/train/good/028']",0,none,1.0,True,sdpa,64,401408,Qwen/Qwen2.5-VL-3B-Instruct-AWQ,ok,,ANOMALOUS,1,ANOMALOUS,False,0.550341435739688,-0.8591432571411133,-0.657092927955091,178.53009999998903,1822.6952999998502,4.358300000149029,9822.019199999886,275.2289000000019,59.74859999992077,11827.602899999874,12102.831799999876,5,0.413126455248271,6854.44287109375,7854.0,4500,4500,"[500, 500, 500, 500, 500, 500, 500, 500, 500]","[500, 500, 500, 500, 500, 500, 500, 500, 500]",4711,56.78501376146793,691.9057677827308,1
20260930-210411-0c0ed5,2026-09-30T21:24:57,final,test,breakfast_box,breakfast_box/test/logical_anomalies/064,hf_assets/mvtec_loco/mvtec_loco_anomaly_detection/breakfast_box/test/logical_anomalies/064.png,logical_anomaly,1,logical,8,"['breakfast_box/train/good/271', 'breakfast_box/train/good/248', 'breakfast_box/train/good/267', 'breakfast_box/train/good/219', 'breakfast_box/train/good/145', 'breakfast_box/train/good/149', 'breakfast_box/train/good/056', 'breakfast_box/train/good/028']",0,visionzip,0.75,True,sdpa,64,401408,Qwen/Qwen2.5-VL-3B-Instruct-AWQ,ok,,ANOMALOUS,1,ANOMALOUS,False,0.534840530967909,-0.8228256702423096,-0.6832373316865414,159.1152000000875,1846.0918000000675,86.71509999999216,2729.6605000001364,240.42199999985314,56.70549999990726,4821.5826000002835,5062.004600000137,5,0.9877509791278865,5478.0888671875,7854.0,4500,3375,"[500, 500, 500, 500, 500, 500, 500, 500, 500]","[375, 375, 375, 375, 375, 375, 375, 375, 375]",3586,79.38791078066919,406.4580612016659,1
20260930-210411-0c0ed5,2026-09-30T21:25:02,final,test,breakfast_box,breakfast_box/test/logical_anomalies/064,hf_assets/mvtec_loco/mvtec_loco_anomaly_detection/breakfast_box/test/logical_anomalies/064.png,logical_anomaly,1,logical,8,"['breakfast_box/train/good/271', 'breakfast_box/train/good/248', 'breakfast_box/train/good/267', 'breakfast_box/train/good/219', 'breakfast_box/train/good/145', 'breakfast_box/train/good/149', 'breakfast_box/train/good/056', 'breakfast_box/train/good/028']",0,visionzip,0.5,True,sdpa,64,401408,Qwen/Qwen2.5-VL-3B-Instruct-AWQ,ok,,NORMAL,0,NORMAL,False,0.48019214095579144,-0.7069550156593323,-0.7862279396504164,159.77720000000772,1826.8011000000115,87.76239999997415,1481.1631000000034,57.29580000001988,51.138799999989715,3555.5037999999968,3612.7996000000167,2,0.553587306641639,4403.93701171875,7854.0,4500,2250,"[500, 500, 500, 500, 500, 500, 500, 500, 500]","[250, 250, 250, 250, 250, 250, 250, 250, 250]",2461,80.97787309644669,296.78900650449395,0
20260930-210411-0c0ed5,2026-09-30T21:25:06,final,test,breakfast_box,breakfast_box/test/logical_anomalies/064,hf_assets/mvtec_loco/mvtec_loco_anomaly_detection/breakfast_box/test/logical_anomalies/064.png,logical_anomaly,1,logical,8,"['breakfast_box/train/good/271', 'breakfast_box/train/good/248', 'breakfast_box/train/good/267', 'breakfast_box/train/good/219', 'breakfast_box/train/good/145', 'breakfast_box/train/good/149', 'breakfast_box/train/good/056', 'breakfast_box/train/good/028']",0,visionzip,0.25,True,sdpa,64,401408,Qwen/Qwen2.5-VL-3B-Instruct-AWQ,ok,,ANOMALOUS,1,ANOMALOUS,False,0.523140225889586,-0.7979620099067688,-0.7053349365014583,149.9684000000343,1825.3663000000415,88.1494999998722,580.5406000001767,237.0264999999563,60.12590000000273,2644.0248000001247,2881.051300000081,5,1.735477601526866,4069.875,7854.0,4500,1125,"[500, 500, 500, 500, 500, 500, 500, 500, 500]","[125, 125, 125, 125, 125, 125, 125, 125, 125]",1336,79.73189171974536,234.59825455077964,1
20260930-210411-0c0ed5,2026-09-30T21:25:09,final,test,breakfast_box,breakfast_box/test/logical_anomalies/064,hf_assets/mvtec_loco/mvtec_loco_anomaly_detection/breakfast_box/test/logical_anomalies/064.png,logical_anomaly,1,logical,1,['breakfast_box/train/good/271'],0,none,1.0,True,sdpa,64,401408,Qwen/Qwen2.5-VL-3B-Instruct-AWQ,ok,,ANOMALOUS,1,ANOMALOUS,False,0.6110244776688468,-1.015870451927185,-0.564249848946929,39.52789999993911,376.1272000001554,1.543500000025233,456.1507000000802,272.64599999989514,62.4576000000161,873.3493000002,1145.995300000095,5,4.363019638910897,3557.0205078125,7854.0,1000,1000,"[500, 500]","[500, 500]",1148,70.42719402985071,86.15074119808598,1
20260930-210411-0c0ed5,2026-09-30T21:25:10,final,test,breakfast_box,breakfast_box/test/logical_anomalies/064,hf_assets/mvtec_loco/mvtec_loco_anomaly_detection/breakfast_box/test/logical_anomalies/064.png,logical_anomaly,1,logical,1,['breakfast_box/train/good/271'],0,visionzip,0.75,True,sdpa,64,401408,Qwen/Qwen2.5-VL-3B-Instruct-AWQ,ok,,ANOMALOUS,1,ANOMALOUS,False,0.6330534823335834,-1.0824434757232666,-0.5371046758955345,40.41980000010881,383.48729999984243,15.847299999904862,367.77570000003834,260.60710000001563,70.08649999988847,807.5300999998944,1068.13719999991,5,4.681046592142303,3468.9521484375,7854.0,1000,750,"[500, 500]","[375, 375]",898,69.34221875000003,79.36189199049241,1
20260930-210411-0c0ed5,2026-09-30T21:25:11,final,test,breakfast_box,breakfast_box/test/logical_anomalies/064,hf_assets/mvtec_loco/mvtec_loco_anomaly_detection/breakfast_box/test/logical_anomalies/064.png,logical_anomaly,1,logical,1,['breakfast_box/train/good/271'],0,visionzip,0.5,True,sdpa,64,401408,Qwen/Qwen2.5-VL-3B-Instruct-AWQ,ok,,ANOMALOUS,1,ANOMALOUS,False,0.6754290122293685,-1.2137528657913208,-0.48090907582081854,37.7822999998898,395.28519999998935,16.338199999836434,249.73809999983132,273.92600000007405,67.99920000003112,699.1437999995469,973.069799999621,5,5.138377534686564,3442.1181640625,7854.0,1000,500,"[500, 500]","[250, 250]",648,67.4464385964912,70.6129544635791,1
20260930-210411-0c0ed5,2026-09-30T21:25:13,final,test,breakfast_box,breakfast_box/test/logical_anomalies/064,hf_assets/mvtec_loco/mvtec_loco_anomaly_detection/breakfast_box/test/logical_anomalies/064.png,logical_anomaly,1,logical,1,['breakfast_box/train/good/271'],0,visionzip,0.25,True,sdpa,64,401408,Qwen/Qwen2.5-VL-3B-Instruct-AWQ,ok,,ANOMALOUS,1,ANOMALOUS,False,0.7632231445835523,-1.5328717231750488,-0.36243943707086146,38.004000000000815,388.2009999999809,15.621000000010099,161.6707000000588,268.6188000000129,66.06790000000728,603.4967000000506,872.1155000000635,5,5.733185570030157,3442.1181640625,7854.0,1000,250,"[500, 500]","[125, 125]",398,75.0021034482758,70.96735779307383,1
20260930-210411-0c0ed5,2026-09-30T21:25:14,final,test,breakfast_box,breakfast_box/test/logical_anomalies/064,hf_assets/mvtec_loco/mvtec_loco_anomaly_detection/breakfast_box/test/logical_anomalies/064.png,logical_anomaly,1,logical,2,"['breakfast_box/train/good/271', 'breakfast_box/train/good/248']",0,none,1.0,True,sdpa,64,401408,Qwen/Qwen2.5-VL-3B-Instruct-AWQ,ok,,ANOMALOUS,1,ANOMALOUS,False,0.5191995718447957,-0.8032581210136414,-0.7264220539946109,58.569400000124006,599.0302000000156,2.1629999998822314,831.3025999998445,245.7569999999123,65.92739999996411,1491.0651999998663,1736.8221999997786,5,2.8788208718201767,3811.6455078125,7854.0,1500,1500,"[500, 500, 500]","[500, 500, 500]",1657,78.70922549019603,142.64293478553526,1
20260930-210411-0c0ed5,2026-09-30T21:25:15,final,test,breakfast_box,breakfast_box/test/logical_anomalies/064,hf_assets/mvtec_loco/mvtec_loco_anomaly_detection/breakfast_box/test/logical_anomalies/064.png,logical_anomaly,1,logical,2,"['breakfast_box/train/good/271', 'breakfast_box/train/good/248']",0,visionzip,0.75,True,sdpa,64,401408,Qwen/Qwen2.5-VL-3B-Instruct-AWQ,ok,,ANOMALOUS,1,ANOMALOUS,False,0.5269809650910247,-0.8226240277290344,-0.7145952298305929,60.013899999830755,602.2808000000168,25.31290000001718,567.6999999998316,255.12780000008206,61.59769999999298,1255.3075999996963,1510.4353999997784,5,3.310303770688064,3629.35791015625,7854.0,1500,1125,"[500, 500, 500]","[375, 375, 375]",1282,69.1906931818182,109.43255386190637,1
20260930-210411-0c0ed5,2026-09-30T21:25:17,final,test,breakfast_box,breakfast_box/test/logical_anomalies/064,hf_assets/mvtec_loco/mvtec_loco_anomaly_detection/breakfast_box/test/logical_anomalies/064.png,logical_anomaly,1,logical,2,"['breakfast_box/train/good/271', 'breakfast_box/train/good/248']",0,visionzip,0.5,True,sdpa,64,401408,Qwen/Qwen2.5-VL-3B-Instruct-AWQ,ok,,ANOMALOUS,1,ANOMALOUS,False,0.5308624884719855,-0.8311142325401306,-0.7075071389554068,57.35340000001088,590.5412000001888,22.986700000046767,373.94959999983257,243.7709000000723,72.37730000019837,1044.830900000079,1288.6018000001513,5,3.8801746202740155,3531.3291015625,7854.0,1500,750,"[500, 500, 500]","[250, 250, 250]",907,75.04884931506845,102.75056536907321,1
20260930-210411-0c0ed5,2026-09-30T21:25:18,final,test,breakfast_box,breakfast_box/test/logical_anomalies/064,hf_assets/mvtec_loco/mvtec_loco_anomaly_detection/breakfast_box/test/logical_anomalies/064.png,logical_anomaly,1,logical,2,"['breakfast_box/train/good/271', 'breakfast_box/train/good/248']",0,visionzip,0.25,True,sdpa,64,401408,Qwen/Qwen2.5-VL-3B-Instruct-AWQ,ok,,ANOMALOUS,1,ANOMALOUS,False,0.5961008540903917,-0.9977483749389648,-0.6085037118755281,56.74090000002252,612.469499999861,22.72890000017469,202.54170000021077,240.27619999992567,54.804399999966336,894.481000000269,1134.7572000001946,5,4.4062289272093995,3531.3291015625,7854.0,1500,375,"[500, 500, 500]","[125, 125, 125]",532,77.69942465753424,93.08007238814893,1
20260930-210411-0c0ed5,2026-09-30T21:25:20,final,test,breakfast_box,breakfast_box/test/logical_anomalies/064,hf_assets/mvtec_loco/mvtec_loco_anomaly_detection/breakfast_box/test/logical_anomalies/064.png,logical_anomaly,1,logical,4,"['breakfast_box/train/good/271', 'breakfast_box/train/good/248', 'breakfast_box/train/good/267', 'breakfast_box/train/good/219']",0,none,1.0,True,sdpa,64,401408,Qwen/Qwen2.5-VL-3B-Instruct-AWQ,ok,,ANOMALOUS,1,ANOMALOUS,False,0.5192533335341419,-0.7930052876472473,-0.7159538554260507,90.7780999998522,1021.5535999998338,11.966900000061287,1654.6679999999014,232.35329999988608,63.875499999994645,2778.9665999996487,3011.3198999995348,5,1.6604014737858879,4561.287109375,7854.0,2500,2500,"[500, 500, 500, 500, 500]","[500, 500, 500, 500, 500]",2675,81.71691860465123,251.38434300080428,1
20260930-210411-0c0ed5,2026-09-30T21:25:23,final,test,breakfast_box,breakfast_box/test/logical_anomalies/064,hf_assets/mvtec_loco/mvtec_loco_anomaly_detection/breakfast_box/test/logical_anomalies/064.png,logical_anomaly,1,logical,4,"['breakfast_box/train/good/271', 'breakfast_box/train/good/248', 'breakfast_box/train/good/267', 'breakfast_box/train/good/219']",0,visionzip,0.75,True,sdpa,64,401408,Qwen/Qwen2.5-VL-3B-Instruct-AWQ,ok,,ANOMALOUS,1,ANOMALOUS,False,0.5387075709619417,-0.83570796251297,-0.6805672569898888,93.5901999998805,1011.8377999999666,49.51899999991838,1168.1886999999733,261.4528000001428,60.59180000011111,2323.135699999739,2584.5884999998816,5,1.9345439322353362,4086.39990234375,7854.0,2500,1875,"[500, 500, 500, 500, 500]","[375, 375, 375, 375, 375]",2050,77.63072483221475,205.43592605171972,1
20260930-210411-0c0ed5,2026-09-30T21:25:25,final,test,breakfast_box,breakfast_box/test/logical_anomalies/070,hf_assets/mvtec_loco/mvtec_loco_anomaly_detection/breakfast_box/test/logical_anomalies/070.png,logical_anomaly,1,logical,4,"['breakfast_box/train/good/271', 'breakfast_box/train/good/248', 'breakfast_box/train/good/267', 'breakfast_box/train/good/219']",0,visionzip,0.25,True,sdpa,64,401408,Qwen/Qwen2.5-VL-3B-Instruct-AWQ,ok,,ANOMALOUS,1,ANOMALOUS,False,0.7744172002121192,-1.556476354598999,-0.3230528825079091,87.87869999991926,1021.3235999999597,48.95170000008875,319.513200000074,270.74470000002293,65.77989999982492,1477.6672000000417,1748.4119000000646,5,2.8597380285502605,3711.10546875,7854.0,2500,625,"[500, 500, 500, 500, 500]","[125, 125, 125, 125, 125]",800,73.23389215686272,132.96658168720427,1
20260930-210411-0c0ed5,2026-09-30T21:25:27,final,test,breakfast_box,breakfast_box/test/logical_anomalies/070,hf_assets/mvtec_loco/mvtec_loco_anomaly_detection/breakfast_box/test/logical_anomalies/070.png,logical_anomaly,1,logical,8,"['breakfast_box/train/good/271', 'breakfast_box/train/good/248', 'breakfast_box/train/good/267', 'breakfast_box/train/good/219', 'breakfast_box/train/good/145', 'breakfast_box/train/good/149', 'breakfast_box/train/good/056', 'breakfast_box/train/good/028']",0,none,1.0,True,sdpa,64,401408,Qwen/Qwen2.5-VL-3B-Instruct-AWQ,ok,,ANOMALOUS,1,ANOMALOUS,False,0.890214649972184,-2.263680934906006,-0.17074541753390804,167.76720000007117,1826.0878999999477,5.037399999991976,9815.63240000014,272.4350000000868,57.73650000014641,11814.524900000151,12086.959900000238,5,0.41366894912921004,6854.44287109375,7854.0,4500,4500,"[500, 500, 500, 500, 500, 500, 500, 500, 500]","[500, 500, 500, 500, 500, 500, 500, 500, 500]",4711,57.750054093567265,702.5402361833884,1
20260930-210411-0c0ed5,2026-09-30T21:25:39,final,test,breakfast_box,breakfast_box/test/logical_anomalies/070,hf_assets/mvtec_loco/mvtec_loco_anomaly_detection/breakfast_box/test/logical_anomalies/070.png,logical_anomaly,1,logical,8,"['breakfast_box/train/good/271', 'breakfast_box/train/good/248', 'breakfast_box/train/good/267', 'breakfast_box/train/good/219', 'breakfast_box/train/good/145', 'breakfast_box/train/good/149', 'breakfast_box/train/good/056', 'breakfast_box/train/good/028']",0,visionzip,0.75,True,sdpa,64,401408,Qwen/Qwen2.5-VL-3B-Instruct-AWQ,ok,,ANOMALOUS,1,ANOMALOUS,False,0.8773913728451902,-2.1531503200531006,-0.18519455334171653,163.61929999993663,1823.0203000000529,88.6508999999478,2679.0588999999727,233.77720000007685,54.031099999974685,4754.34939999991,4988.126599999987,5,1.0023803325280503,5478.0888671875,7854.0,4500,3375,"[500, 500, 500, 500, 500, 500, 500, 500, 500]","[375, 375, 375, 375, 375, 375, 375, 375, 375]",3586,82.61390298507457,416.658122427404,1
20260930-210411-0c0ed5,2026-09-30T21:25:45,final,test,breakfast_box,breakfast_box/test/logical_anomalies/070,hf_assets/mvtec_loco/mvtec_loco_anomaly_detection/breakfast_box/test/logical_anomalies/070.png,logical_anomaly,1,logical,8,"['breakfast_box/train/good/271', 'breakfast_box/train/good/248', 'breakfast_box/train/good/267', 'breakfast_box/train/good/219', 'breakfast_box/train/good/145', 'breakfast_box/train/good/149', 'breakfast_box/train/good/056', 'breakfast_box/train/good/028']",0,visionzip,0.5,True,sdpa,64,401408,Qwen/Qwen2.5-VL-3B-Instruct-AWQ,ok,,ANOMALOUS,1,ANOMALOUS,False,0.8557482652412424,-1.9947232007980347,-0.21430688194232062,157.9618999999184,1817.289800000026,82.21129999992627,1476.8172999999933,255.03249999997024,64.13639999982479,3534.280299999864,3789.312799999834,5,1.3195004645697812,4403.93701171875,7854.0,4500,2250,"[500, 500, 500, 500, 500, 500, 500, 500, 500]","[250, 250, 250, 250, 250, 250, 250, 250, 250]",2461,79.76820000000008,307.4838924371433,1
20260930-210411-0c0ed5,2026-09-30T21:25:48,final,test,breakfast_box,breakfast_box/test/logical_anomalies/070,hf_assets/mvtec_loco/mvtec_loco_anomaly_detection/breakfast_box/test/logical_anomalies/070.png,logical_anomaly,1,logical,8,"['breakfast_box/train/good/271', 'breakfast_box/train/good/248', 'breakfast_box/train/good/267', 'breakfast_box/train/good/219', 'breakfast_box/train/good/145', 'breakfast_box/train/good/149', 'breakfast_box/train/good/056', 'breakfast_box/train/good/028']",0,visionzip,0.25,True,sdpa,64,401408,Qwen/Qwen2.5-VL-3B-Instruct-AWQ,ok,,ANOMALOUS,1,ANOMALOUS,False,0.7716710455222038,-1.5381505489349365,-0.320379568496719,159.27990000000136,1825.3237000001263,85.44239999991987,582.4326000001747,254.88769999992655,69.33249999997315,2652.4786000002223,2907.366300000149,5,1.7197695384994123,4069.875,7854.0,4500,1125,"[500, 500, 500, 500, 500, 500, 500, 500, 500]","[125, 125, 125, 125, 125, 125, 125, 125, 125]",1336,76.56696987951803,228.0034964832892,1
20260930-210411-0c0ed5,2026-09-30T21:25:51,final,test,breakfast_box,breakfast_box/test/logical_anomalies/070,hf_assets/mvtec_loco/mvtec_loco_anomaly_detection/breakfast_box/test/logical_anomalies/070.png,logical_anomaly,1,logical,1,['breakfast_box/train/good/271'],0,none,1.0,True,sdpa,64,401408,Qwen/Qwen2.5-VL-3B-Instruct-AWQ,ok,,ANOMALOUS,1,ANOMALOUS,False,0.7458877846493202,-1.4496040344238281,-0.3728048304328695,39.097299999866664,379.92510000003676,1.6253999999662483,459.5792000000074,241.63419999990765,69.06449999996767,880.2269999998771,1121.8611999997847,5,4.456879335875917,3557.0205078125,7854.0,1000,1000,"[500, 500]","[500, 500]",1148,77.78974626865673,93.48174281316292,1
20260930-210411-0c0ed5,2026-09-30T21:25:53,final,test,breakfast_box,breakfast_box/test/logical_anomalies/070,hf_assets/mvtec_loco/mvtec_loco_anomaly_detection/breakfast_box/test/logical_anomalies/070.png,logical_anomaly,1,logical,1,['breakfast_box/train/good/271'],0,visionzip,0.75,True,sdpa,64,401408,Qwen/Qwen2.5-VL-3B-Instruct-AWQ,ok,,ANOMALOUS,1,ANOMALOUS,False,0.7850905291165359,-1.6174166202545166,-0.3218344592023641,37.277500000072905,383.5201000001689,15.870300000187854,370.6469000001107,237.03950000003715,58.06970000003275,807.3148000005403,1044.3543000005775,5,4.78764725725478,3468.9521484375,7854.0,1000,750,"[500, 500]","[375, 375]",898,72.97783333333332,80.98750813304055,1
20260930-210411-0c0ed5,2026-09-30T21:25:54,final,test,breakfast_box,breakfast_box/test/logical_anomalies/070,hf_assets/mvtec_loco/mvtec_loco_anomaly_detection/breakfast_box/test/logical_anomalies/070.png,logical_anomaly,1,logical,1,['breakfast_box/train/good/271'],0,visionzip,0.5,True,sdpa,64,401408,Qwen/Qwen2.5-VL-3B-Instruct-AWQ,ok,,ANOMALOUS,1,ANOMALOUS,False,0.7338514287355958,-1.4117622375488281,-0.39751033403445035,37.73070000011103,380.3029999999126,15.741899999966336,249.69860000010158,246.37050000001182,63.52909999986878,683.4742000000915,929.8447000001033,5,5.3772420276197135,3442.1181640625,7854.0,1000,500,"[500, 500]","[250, 250]",648,75.18079245283023,75.10660404684047,1
20260930-210411-0c0ed5,2026-09-30T21:25:55,final,test,breakfast_box,breakfast_box/test/logical_anomalies/070,hf_assets/mvtec_loco/mvtec_loco_anomaly_detection/breakfast_box/test/logical_anomalies/070.png,logical_anomaly,1,logical,1,['breakfast_box/train/good/271'],0,visionzip,0.25,True,sdpa,64,401408,Qwen/Qwen2.5-VL-3B-Instruct-AWQ,ok,,ANOMALOUS,1,ANOMALOUS,False,0.8197071967210336,-1.8082783222198486,-0.29391333705279976,38.68729999999232,377.38760000002003,15.53209999997307,161.91870000011477,249.46049999994102,58.2604999999603,593.5257000001002,842.9862000000412,5,5.931295197951942,3442.1181640625,7854.0,1000,250,"[500, 500]","[125, 125]",398,68.67233333333333,62.414958390637054,1
20260930-210411-0c0ed5,2026-09-30T21:25:56,final,test,breakfast_box,breakfast_box/test/logical_anomalies/070,hf_assets/mvtec_loco/mvtec_loco_anomaly_detection/breakfast_box/test/logical_anomalies/070.png,logical_anomaly,1,logical,2,"['breakfast_box/train/good/271', 'breakfast_box/train/good/248']",0,none,1.0,True,sdpa,64,401408,Qwen/Qwen2.5-VL-3B-Instruct-AWQ,ok,,ANOMALOUS,1,ANOMALOUS,False,0.8030058926975674,-1.6986498832702637,-0.29346164711751044,56.868000000122265,586.8454999999813,8.535200000096665,831.7268000000695,245.06780000001527,65.70170000009057,1483.9755000002697,1729.043300000285,5,2.8917725773548737,3811.6455078125,7854.0,1500,1500,"[500, 500, 500]","[500, 500, 500]",1657,77.45751020408159,139.11226310834314,1
20260930-210411-0c0ed5,2026-09-30T21:25:58,final,test,breakfast_box,breakfast_box/test/logical_anomalies/070,hf_assets/mvtec_loco/mvtec_loco_anomaly_detection/breakfast_box/test/logical_anomalies/070.png,logical_anomaly,1,logical,2,"['breakfast_box/train/good/271', 'breakfast_box/train/good/248']",0,visionzip,0.75,True,sdpa,64,401408,Qwen/Qwen2.5-VL-3B-Instruct-AWQ,ok,,ANOMALOUS,1,ANOMALOUS,False,0.875684439908048,-2.1529290676116943,-0.20074644242413342,53.65570000003572,592.4948999997923,22.57910000002994,564.0319999999974,253.26429999995526,53.84120000007897,1232.7616999998554,1486.0259999998107,5,3.3646786799158543,3629.35791015625,7854.0,1500,1125,"[500, 500, 500]","[375, 375, 375]",1282,79.77981395348833,123.59860551607918,1
20260930-210411-0c0ed5,2026-09-30T21:25:59,final,test,breakfast_box,breakfast_box/test/logical_anomalies/070,hf_assets/mvtec_loco/mvtec_loco_anomaly_detection/breakfast_box/test/logical_anomalies/070.png,logical_anomaly,1,logical,2,"['breakfast_box/train/good/271', 'breakfast_box/train/good/248']",0,visionzip,0.5,True,sdpa,64,401408,Qwen/Qwen2.5-VL-3B-Instruct-AWQ,ok,,ANOMALOUS,1,ANOMALOUS,False,0.7954900896215317,-1.6647131443023682,-0.3063711904687807,58.49420000004102,591.5058000000499,22.95600000002196,369.8383000000831,228.37140000001455,55.380099999865706,1042.794300000196,1271.1657000002106,5,3.9333975106464654,3531.3291015625,7854.0,1500,750,"[500, 500, 500]","[250, 250, 250]",907,76.28019718309858,101.83912061650072,1
20260930-210411-0c0ed5,2026-09-30T21:26:00,final,test,breakfast_box,breakfast_box/test/logical_anomalies/070,hf_assets/mvtec_loco/mvtec_loco_anomaly_detection/breakfast_box/test/logical_anomalies/070.png,logical_anomaly,1,logical,2,"['breakfast_box/train/good/271', 'breakfast_box/train/good/248']",0,visionzip,0.25,True,sdpa,64,401408,Qwen/Qwen2.5-VL-3B-Instruct-AWQ,ok,,ANOMALOUS,1,ANOMALOUS,False,0.7183655964718879,-1.3564904928207397,-0.42012165451887995,54.691100000127335,591.388199999983,24.34159999984331,202.869999999848,277.1039000001565,62.02650000000176,873.2908999998017,1150.3947999999582,5,4.346333971607123,3531.3291015625,7854.0,1500,375,"[500, 500, 500]","[125, 125, 125]",532,70.36201538461536,85.97564211892094,1
20260930-210411-0c0ed5,2026-09-30T21:26:02,final,test,breakfast_box,breakfast_box/test/logical_anomalies/070,hf_assets/mvtec_loco/mvtec_loco_anomaly_detection/breakfast_box/test/logical_anomalies/070.png,logical_anomaly,1,logical,4,"['breakfast_box/train/good/271', 'breakfast_box/train/good/248', 'breakfast_box/train/good/267', 'breakfast_box/train/good/219']",0,none,1.0,True,sdpa,64,401408,Qwen/Qwen2.5-VL-3B-Instruct-AWQ,ok,,ANOMALOUS,1,ANOMALOUS,False,0.8807129830255257,-2.1838293075561523,-0.1846300166216679,92.68850000012208,1037.0832000000973,12.197000000014668,1651.8049000001156,236.6629999999077,60.5167999999594,2793.7736000003497,3030.4366000002574,5,1.6499272745054543,4561.287109375,7854.0,2500,2500,"[500, 500, 500, 500, 500]","[500, 500, 500, 500, 500]",2675,80.83137278106507,249.94201802889106,1
20260930-210411-0c0ed5,2026-09-30T21:26:05,final,test,breakfast_box,breakfast_box/test/logical_anomalies/070,hf_assets/mvtec_loco/mvtec_loco_anomaly_detection/breakfast_box/test/logical_anomalies/070.png,logical_anomaly,1,logical,4,"['breakfast_box/train/good/271', 'breakfast_box/train/good/248', 'breakfast_box/train/good/267', 'breakfast_box/train/good/219']",0,visionzip,0.75,True,sdpa,64,401408,Qwen/Qwen2.5-VL-3B-Instruct-AWQ,ok,,ANOMALOUS,1,ANOMALOUS,False,0.9324076779702064,-2.7490127086639404,-0.12473696406232193,85.80319999987296,1017.3957000001792,50.251699999989796,1159.693500000003,248.72179999988475,63.46109999981309,2313.144100000045,2561.8658999999298,5,1.9517024681112844,4086.39990234375,7854.0,2500,1875,"[500, 500, 500, 500, 500]","[375, 375, 375, 375, 375]",2050,79.33191095890407,208.36268584645458,1
20260930-210411-0c0ed5,2026-09-30T21:26:07,final,test,breakfast_box,breakfast_box/test/logical_anomalies/070,hf_assets/mvtec_loco/mvtec_loco_anomaly_detection/breakfast_box/test/logical_anomalies/070.png,logical_anomaly,1,logical,4,"['breakfast_box/train/good/271', 'breakfast_box/train/good/248', 'breakfast_box/train/good/267', 'breakfast_box/train/good/219']",0,visionzip,0.5,True,sdpa,64,401408,Qwen/Qwen2.5-VL-3B-Instruct-AWQ,ok,,ANOMALOUS,1,ANOMALOUS,False,0.870504655570804,-2.109013080596924,-0.20358490338549018,90.28669999997874,1024.2092000000866,49.87100000016653,639.5762000001923,242.60449999997036,56.28270000011071,1803.9431000004242,2046.5476000003946,5,2.44313887446304,3711.10546875,7854.0,2500,1250,"[500, 500, 500, 500, 500]","[250, 250, 250, 250, 250]",1425,77.58536666666663,163.2386106154397,1
20260930-210411-0c0ed5,2026-09-30T21:26:10,final,test,breakfast_box,breakfast_box/test/logical_anomalies/060,hf_assets/mvtec_loco/mvtec_loco_anomaly_detection/breakfast_box/test/logical_anomalies/060.png,logical_anomaly,1,logical,8,"['breakfast_box/train/good/271', 'breakfast_box/train/good/248', 'breakfast_box/train/good/267', 'breakfast_box/train/good/219', 'breakfast_box/train/good/145', 'breakfast_box/train/good/149', 'breakfast_box/train/good/056', 'breakfast_box/train/good/028']",0,none,1.0,True,sdpa,64,401408,Qwen/Qwen2.5-VL-3B-Instruct-AWQ,ok,,ANOMALOUS,1,ANOMALOUS,False,0.6891080231837007,-1.2285010814666748,-0.4325485505978577,170.625199999904,1806.156000000101,5.184800000051837,9822.75390000018,274.154899999985,60.53980000001502,11804.719900000237,12078.874800000222,5,0.4139458420415044,6854.44287109375,7854.0,4500,4500,"[500, 500, 500, 500, 500, 500, 500, 500, 500]","[500, 500, 500, 500, 500, 500, 500, 500, 500]",4711,57.14001585014422,694.8682190404132,1
20260930-210411-0c0ed5,2026-09-30T21:26:22,final,test,breakfast_box,breakfast_box/test/logical_anomalies/060,hf_assets/mvtec_loco/mvtec_loco_anomaly_detection/breakfast_box/test/logical_anomalies/060.png,logical_anomaly,1,logical,8,"['breakfast_box/train/good/271', 'breakfast_box/train/good/248', 'breakfast_box/train/good/267', 'breakfast_box/train/good/219', 'breakfast_box/train/good/145', 'breakfast_box/train/good/149', 'breakfast_box/train/good/056', 'breakfast_box/train/good/028']",0,visionzip,0.75,True,sdpa,64,401408,Qwen/Qwen2.5-VL-3B-Instruct-AWQ,ok,,ANOMALOUS,1,ANOMALOUS,False,0.5619394233956612,-0.881456732749939,-0.6324198797810823,155.00340000016877,1824.2047000001094,89.16679999992994,2685.6906000000436,244.1191999998864,60.76120000011542,4754.065500000252,4998.184700000138,5,1.0003631918604092,5478.0888671875,7854.0,4500,3375,"[500, 500, 500, 500, 500, 500, 500, 500, 500]","[375, 375, 375, 375, 375, 375, 375, 375, 375]",3586,81.23915714285704,411.08911260996086,1
20260930-210411-0c0ed5,2026-09-30T21:26:27,final,test,breakfast_box,breakfast_box/test/logical_anomalies/060,hf_assets/mvtec_loco/mvtec_loco_anomaly_detection/breakfast_box/test/logical_anomalies/060.png,logical_anomaly,1,logical,8,"['breakfast_box/train/good/271', 'breakfast_box/train/good/248', 'breakfast_box/train/good/267', 'breakfast_box/train/good/219', 'breakfast_box/train/good/145', 'breakfast_box/train/good/149', 'breakfast_box/train/good/056', 'breakfast_box/train/good/028']",0,visionzip,0.5,True,sdpa,64,401408,Qwen/Qwen2.5-VL-3B-Instruct-AWQ,ok,,ANOMALOUS,1,ANOMALOUS,False,0.5961856355173201,-0.9619619846343994,-0.5723651755833998,158.43390000009094,1811.9782000001123,86.95090000014716,1489.4416999998157,223.11450000006516,54.66929999988679,3546.804700000166,3769.9192000002313,5,1.3262883724403678,4403.93701171875,7854.0,4500,2250,"[500, 500, 500, 500, 500, 500, 500, 500, 500]","[250, 250, 250, 250, 250, 250, 250, 250, 250]",2461,80.37392929292936,307.4908171889989,1
20260930-210411-0c0ed5,2026-09-30T21:26:31,final,test,breakfast_box,breakfast_box/test/logical_anomalies/060,hf_assets/mvtec_loco/mvtec_loco_anomaly_detection/breakfast_box/test/logical_anomalies/060.png,logical_anomaly,1,logical,8,"['breakfast_box/train/good/271', 'breakfast_box/train/good/248', 'breakfast_box/train/good/267', 'breakfast_box/train/good/219', 'breakfast_box/train/good/145', 'breakfast_box/train/good/149', 'breakfast_box/train/good/056', 'breakfast_box/train/good/028']",0,visionzip,0.25,True,sdpa,64,401408,Qwen/Qwen2.5-VL-3B-Instruct-AWQ,ok,,ANOMALOUS,1,ANOMALOUS,False,0.7689046102055116,-1.5269372463226318,-0.3248008965747431,163.32299999999123,1805.1907999999912,87.09940000017014,583.8575000000219,226.34579999999005,58.886100000108854,2639.4707000001745,2865.8165000001645,5,1.7447034728147155,4069.875,7854.0,4500,1125,"[500, 500, 500, 500, 500, 500, 500, 500, 500]","[125, 125, 125, 125, 125, 125, 125, 125, 125]",1336,78.5783105590063,229.9086328309852,1
20260930-210411-0c0ed5,2026-09-30T21:26:34,final,test,breakfast_box,breakfast_box/test/logical_anomalies/060,hf_assets/mvtec_loco/mvtec_loco_anomaly_detection/breakfast_box/test/logical_anomalies/060.png,logical_anomaly,1,logical,1,['breakfast_box/train/good/271'],0,none,1.0,True,sdpa,64,401408,Qwen/Qwen2.5-VL-3B-Instruct-AWQ,ok,,ANOMALOUS,1,ANOMALOUS,False,0.7246064066578772,-1.3657329082489014,-0.3983056111028418,40.40929999996479,375.07430000005115,2.537099999926795,461.0832000000755,236.17059999992307,55.178599999862854,879.1039000000183,1115.2744999999413,5,4.483201220865593,3557.0205078125,7854.0,1000,1000,"[500, 500]","[500, 500]",1148,78.30535820895523,92.43827729367943,1
20260930-210411-0c0ed5,2026-09-30T21:26:35,final,test,breakfast_box,breakfast_box/test/logical_anomalies/060,hf_assets/mvtec_loco/mvtec_loco_anomaly_detection/breakfast_box/test/logical_anomalies/060.png,logical_anomaly,1,logical,1,['breakfast_box/train/good/271'],0,visionzip,0.75,True,sdpa,64,401408,Qwen/Qwen2.5-VL-3B-Instruct-AWQ,ok,,ANOMALOUS,1,ANOMALOUS,False,0.6890093320641746,-1.2470933198928833,-0.4516014097025618,38.738299999977244,379.8333999998249,16.406599999982063,368.20060000013655,258.64499999988766,61.087799999995696,803.1788999999208,1061.8238999998084,5,4.708878750987713,3468.9521484375,7854.0,1000,750,"[500, 500]","[375, 375]",898,76.23916666666668,86.03981827649073,1
20260930-210411-0c0ed5,2026-09-30T21:26:36,final,test,breakfast_box,breakfast_box/test/logical_anomalies/060,hf_assets/mvtec_loco/mvtec_loco_anomaly_detection/breakfast_box/test/logical_anomalies/060.png,logical_anomaly,1,logical,1,['breakfast_box/train/good/271'],0,visionzip,0.5,True,sdpa,64,401408,Qwen/Qwen2.5-VL-3B-Instruct-AWQ,ok,,ANOMALOUS,1,ANOMALOUS,False,0.7488551182149795,-1.4623186588287354,-0.369803118519485,36.72570000003361,371.4183000001867,16.135599999870465,250.79159999995682,243.66220000001704,59.93639999996958,675.0712000000476,918.7334000000646,5,5.442275201924354,3442.1181640625,7854.0,1000,500,"[500, 500]","[250, 250]",648,70.1298333333333,69.06523441140256,1
20260930-210411-0c0ed5,2026-09-30T21:26:37,final,test,breakfast_box,breakfast_box/test/logical_anomalies/060,hf_assets/mvtec_loco/mvtec_loco_anomaly_detection/breakfast_box/test/logical_anomalies/060.png,logical_anomaly,1,logical,1,['breakfast_box/train/good/271'],0,visionzip,0.25,True,sdpa,64,401408,Qwen/Qwen2.5-VL-3B-Instruct-AWQ,ok,,ANOMALOUS,1,ANOMALOUS,False,0.7575372047987889,-1.5117300748825073,-0.3725057002156973,39.96510000001763,389.85299999990275,19.652299999961542,161.91239999989193,262.78879999995297,60.79079999994974,611.3827999997739,874.1715999997268,5,5.71970080016505,3442.1181640625,7854.0,1000,250,"[500, 500]","[125, 125]",398,70.53619607843135,66.35526886017522,1
20260930-210411-0c0ed5,2026-09-30T21:26:38,final,test,breakfast_box,breakfast_box/test/logical_anomalies/060,hf_assets/mvtec_loco/mvtec_loco_anomaly_detection/breakfast_box/test/logical_anomalies/060.png,logical_anomaly,1,logical,2,"['breakfast_box/train/good/271', 'breakfast_box/train/good/248']",0,none,1.0,True,sdpa,64,401408,Qwen/Qwen2.5-VL-3B-Instruct-AWQ,ok,,ANOMALOUS,1,ANOMALOUS,False,0.7055682322259174,-1.2983802556991577,-0.42442406225018203,58.039400000097885,599.370399999998,2.0297999999456806,830.1934999999503,284.91490000010344,65.80850000000282,1489.6330999999918,1774.5480000000953,5,2.817618909153053,3811.6455078125,7854.0,1500,1500,"[500, 500, 500]","[500, 500, 500]",1657,78.35766990291266,144.82075521530945,1
20260930-210411-0c0ed5,2026-09-30T21:26:40,final,test,breakfast_box,breakfast_box/test/logical_anomalies/060,hf_assets/mvtec_loco/mvtec_loco_anomaly_detection/breakfast_box/test/logical_anomalies/060.png,logical_anomaly,1,logical,2,"['breakfast_box/train/good/271', 'breakfast_box/train/good/248']",0,visionzip,0.75,True,sdpa,64,401408,Qwen/Qwen2.5-VL-3B-Instruct-AWQ,ok,,ANOMALOUS,1,ANOMALOUS,False,0.6221916318460682,-1.0490251779556274,-0.5501641473965719,57.57610000000568,592.571899999939,22.751199999902383,570.1173999998446,275.1318999999057,72.96739999992496,1243.0165999996916,1518.1484999995973,5,3.2934854528403026,3629.35791015625,7854.0,1500,1125,"[500, 500, 500]","[375, 375, 375]",1282,76.45194565217392,122.39800536942737,1
20260930-210411-0c0ed5,2026-09-30T21:26:41,final,test,breakfast_box,breakfast_box/test/logical_anomalies/060,hf_assets/mvtec_loco/mvtec_loco_anomaly_detection/breakfast_box/test/logical_anomalies/060.png,logical_anomaly,1,logical,2,"['breakfast_box/train/good/271', 'breakfast_box/train/good/248']",0,visionzip,0.5,True,sdpa,64,401408,Qwen/Qwen2.5-VL-3B-Instruct-AWQ,ok,,ANOMALOUS,1,ANOMALOUS,False,0.6720820154643293,-1.1919499635696411,-0.4743331136414781,55.509799999981624,606.5083999999388,22.705399999949805,369.8818000000301,263.39819999998326,62.000800000078016,1054.6053999999003,1318.0035999998836,5,3.793616345206069,3531.3291015625,7854.0,1500,750,"[500, 500, 500]","[250, 250, 250]",907,74.48879729729724,103.38166841945242,1
20260930-210411-0c0ed5,2026-09-30T21:26:43,final,test,breakfast_box,breakfast_box/test/logical_anomalies/060,hf_assets/mvtec_loco/mvtec_loco_anomaly_detection/breakfast_box/test/logical_anomalies/060.png,logical_anomaly,1,logical,2,"['breakfast_box/train/good/271', 'breakfast_box/train/good/248']",0,visionzip,0.25,True,sdpa,64,401408,Qwen/Qwen2.5-VL-3B-Instruct-AWQ,ok,,ANOMALOUS,1,ANOMALOUS,False,0.7632861795964822,-1.526699423789978,-0.35591829393524677,57.142300000123214,594.5487999999841,22.77060000005804,201.82920000002014,256.21830000000045,59.39130000001569,876.2909000001855,1132.509200000186,5,4.414975171944898,3531.3291015625,7854.0,1500,375,"[500, 500, 500]","[125, 125, 125]",532,76.04683582089555,91.24070463993718,1
20260930-210411-0c0ed5,2026-09-30T21:26:44,final,test,breakfast_box,breakfast_box/test/logical_anomalies/060,hf_assets/mvtec_loco/mvtec_loco_anomaly_detection/breakfast_box/test/logical_anomalies/060.png,logical_anomaly,1,logical,4,"['breakfast_box/train/good/271', 'breakfast_box/train/good/248', 'breakfast_box/train/good/267', 'breakfast_box/train/good/219']",0,none,1.0,True,sdpa,64,401408,Qwen/Qwen2.5-VL-3B-Instruct-AWQ,ok,,ANOMALOUS,1,ANOMALOUS,False,0.7689341886789393,-1.5280981063842773,-0.3257952883723192,94.00520000008328,1028.8374000001568,15.146700000059354,1654.7701999998026,230.57779999999184,62.9890999998679,2792.759500000102,3023.337300000094,5,1.6538015788049334,4561.287109375,7854.0,2500,2500,"[500, 500, 500, 500, 500]","[500, 500, 500, 500, 500]",2675,77.68546511627902,239.84742565290367,1
20260930-210411-0c0ed5,2026-09-30T21:26:47,final,test,breakfast_box,breakfast_box/test/logical_anomalies/060,hf_assets/mvtec_loco/mvtec_loco_anomaly_detection/breakfast_box/test/logical_anomalies/060.png,logical_anomaly,1,logical,4,"['breakfast_box/train/good/271', 'breakfast_box/train/good/248', 'breakfast_box/train/good/267', 'breakfast_box/train/good/219']",0,visionzip,0.75,True,sdpa,64,401408,Qwen/Qwen2.5-VL-3B-Instruct-AWQ,ok,,ANOMALOUS,1,ANOMALOUS,False,0.5348403011792817,-0.8236069679260254,-0.6840195530094206,91.6824999999335,1013.3085000002211,50.05800000003546,1163.6555999998563,243.65610000018023,56.79049999980634,2318.7046000000464,2562.3607000002266,5,1.951325588157654,4086.39990234375,7854.0,2500,1875,"[500, 500, 500, 500, 500]","[375, 375, 375, 375, 375]",2050,77.60822875816997,203.36296510428997,1
20260930-210411-0c0ed5,2026-09-30T21:26:50,final,test,breakfast_box,breakfast_box/test/logical_anomalies/060,hf_assets/mvtec_loco/mvtec_loco_anomaly_detection/breakfast_box/test/logical_anomalies/060.png,logical_anomaly,1,logical,4,"['breakfast_box/train/good/271', 'breakfast_box/train/good/248', 'breakfast_box/train/good/267', 'breakfast_box/train/good/219']",0,visionzip,0.5,True,sdpa,64,401408,Qwen/Qwen2.5-VL-3B-Instruct-AWQ,ok,,ANOMALOUS,1,ANOMALOUS,False,0.6258850594652086,-1.0476655960083008,-0.5330619306769222,90.47119999991082,1017.4404000001687,48.748799999884795,635.5287000001226,257.7694999999949,54.61880000007113,1792.189100000087,2049.958600000082,5,2.4390736476335673,3711.10546875,7854.0,2500,1250,"[500, 500, 500, 500, 500]","[250, 250, 250, 250, 250]",1425,79.23264800000004,166.8395609556763,1
20260930-210411-0c0ed5,2026-09-30T21:26:52,final,test,breakfast_box,breakfast_box/test/logical_anomalies/060,hf_assets/mvtec_loco/mvtec_loco_anomaly_detection/breakfast_box/test/logical_anomalies/060.png,logical_anomaly,1,logical,4,"['breakfast_box/train/good/271', 'breakfast_box/train/good/248', 'breakfast_box/train/good/267', 'breakfast_box/train/good/219']",0,visionzip,0.25,True,sdpa,64,401408,Qwen/Qwen2.5-VL-3B-Instruct-AWQ,ok,,ANOMALOUS,1,ANOMALOUS,False,0.7955108821279545,-1.6534457206726074,-0.2949759541079402,92.00039999996079,1013.3160999998836,49.643999999943844,318.89619999992647,254.6936999999616,64.76629999997385,1473.8566999997147,1728.5503999996763,5,2.8925971727529243,3711.10546875,7854.0,2500,625,"[500, 500, 500, 500, 500]","[125, 125, 125, 125, 125]",800,78.87597058823526,141.5501779222763,1
20260930-210411-0c0ed5,2026-09-30T21:26:54,final,test,breakfast_box,breakfast_box/test/logical_anomalies/058,hf_assets/mvtec_loco/mvtec_loco_anomaly_detection/breakfast_box/test/logical_anomalies/058.png,logical_anomaly,1,logical,8,"['breakfast_box/train/good/271', 'breakfast_box/train/good/248', 'breakfast_box/train/good/267', 'breakfast_box/train/good/219', 'breakfast_box/train/good/145', 'breakfast_box/train/good/149', 'breakfast_box/train/good/056', 'breakfast_box/train/good/028']",0,visionzip,0.75,True,sdpa,64,401408,Qwen/Qwen2.5-VL-3B-Instruct-AWQ,ok,,ANOMALOUS,1,ANOMALOUS,False,0.9597380269889066,-3.263474464416504,-0.09222153149312362,163.66659999994226,1827.26219999995,69.4120999999086,2727.2429999998167,251.25039999988985,53.072500000098444,4787.583899999618,5038.8342999995075,5,0.9922929991963595,5478.0888671875,7854.0,4500,3375,"[500, 500, 500, 500, 500, 500, 500, 500, 500]","[375, 375, 375, 375, 375, 375, 375, 375, 375]",3586,81.44218596491223,416.45741954278907,1
20260930-210411-0c0ed5,2026-09-30T21:26:59,final,test,breakfast_box,breakfast_box/test/logical_anomalies/058,hf_assets/mvtec_loco/mvtec_loco_anomaly_detection/breakfast_box/test/logical_anomalies/058.png,logical_anomaly,1,logical,8,"['breakfast_box/train/good/271', 'breakfast_box/train/good/248', 'breakfast_box/train/good/267', 'breakfast_box/train/good/219', 'breakfast_box/train/good/145', 'breakfast_box/train/good/149', 'breakfast_box/train/good/056', 'breakfast_box/train/good/028']",0,visionzip,0.5,True,sdpa,64,401408,Qwen/Qwen2.5-VL-3B-Instruct-AWQ,ok,,ANOMALOUS,1,ANOMALOUS,False,0.9273154529749336,-2.672917604446411,-0.12675260612741113,158.25820000009116,1813.545700000077,82.66309999999066,1489.3839000001208,227.48100000012528,63.8618000000406,3543.8509000002796,3771.331900000405,5,1.3257915592100136,4403.93701171875,7854.0,4500,2250,"[500, 500, 500, 500, 500, 500, 500, 500, 500]","[250, 250, 250, 250, 250, 250, 250, 250, 250]",2461,78.79712558139529,302.300988165659,1
20260930-210411-0c0ed5,2026-09-30T21:27:03,final,test,breakfast_box,breakfast_box/test/logical_anomalies/058,hf_assets/mvtec_loco/mvtec_loco_anomaly_detection/breakfast_box/test/logical_anomalies/058.png,logical_anomaly,1,logical,8,"['breakfast_box/train/good/271', 'breakfast_box/train/good/248', 'breakfast_box/train/good/267', 'breakfast_box/train/good/219', 'breakfast_box/train/good/145', 'breakfast_box/train/good/149', 'breakfast_box/train/good/056', 'breakfast_box/train/good/028']",0,visionzip,0.25,True,sdpa,64,401408,Qwen/Qwen2.5-VL-3B-Instruct-AWQ,ok,,ANOMALOUS,1,ANOMALOUS,False,0.8557488054628749,-1.9940168857574463,-0.21359619061695412,157.80130000007375,1811.1668999999893,87.3493999999937,589.0698999999131,238.036799999918,60.86649999997462,2645.38749999997,2883.424299999888,5,1.7340493384897238,4069.875,7854.0,4500,1125,"[500, 500, 500, 500, 500, 500, 500, 500, 500]","[125, 125, 125, 125, 125, 125, 125, 125, 125]",1336,77.60687341772152,228.5812206217324,1
20260930-210411-0c0ed5,2026-09-30T21:27:06,final,test,breakfast_box,breakfast_box/test/logical_anomalies/058,hf_assets/mvtec_loco/mvtec_loco_anomaly_detection/breakfast_box/test/logical_anomalies/058.png,logical_anomaly,1,logical,1,['breakfast_box/train/good/271'],0,none,1.0,True,sdpa,64,401408,Qwen/Qwen2.5-VL-3B-Instruct-AWQ,ok,,ANOMALOUS,1,ANOMALOUS,False,0.9059185109541398,-2.4255576133728027,-0.16076956660253927,40.56159999981901,379.3521000000055,2.8164999998807616,460.5305000000044,228.34369999986848,67.23269999997683,883.2606999997097,1111.6043999995782,5,4.498003066560278,3557.0205078125,7854.0,1000,1000,"[500, 500]","[500, 500]",1148,76.62177941176469,91.10977792311782,1
20260930-210411-0c0ed5,2026-09-30T21:27:07,final,test,breakfast_box,breakfast_box/test/logical_anomalies/058,hf_assets/mvtec_loco/mvtec_loco_anomaly_detection/breakfast_box/test/logical_anomalies/058.png,logical_anomaly,1,logical,1,['breakfast_box/train/good/271'],0,visionzip,0.75,True,sdpa,64,401408,Qwen/Qwen2.5-VL-3B-Instruct-AWQ,ok,,ANOMALOUS,1,ANOMALOUS,False,0.9304059064106911,-2.73246431350708,-0.13952306559076533,41.69709999996485,371.3281000000279,15.640600000097038,369.4152999999005,240.48130000005585,56.957200000169905,798.0810999999903,1038.5624000000462,5,4.814347216883432,3468.9521484375,7854.0,1000,750,"[500, 500]","[375, 375]",898,70.26931746031744,77.41582650386589,1
20260930-210411-0c0ed5,2026-09-30T21:27:08,final,test,breakfast_box,breakfast_box/test/logical_anomalies/058,hf_assets/mvtec_loco/mvtec_loco_anomaly_detection/breakfast_box/test/logical_anomalies/058.png,logical_anomaly,1,logical,1,['breakfast_box/train/good/271'],0,visionzip,0.5,True,sdpa,64,401408,Qwen/Qwen2.5-VL-3B-Instruct-AWQ,ok,,ANOMALOUS,1,ANOMALOUS,False,0.9240790292564037,-2.652883768081665,-0.15377911122050136,43.38060000009136,375.5087999998068,15.992100000175924,251.46670000003724,262.7391999999418,53.98590000004333,686.3482000001113,949.0874000000531,5,5.268218711996092,3442.1181640625,7854.0,1000,500,"[500, 500]","[250, 250]",648,74.33491525423729,75.12226324311928,1
20260930-210411-0c0ed5,2026-09-30T21:27:09,final,test,breakfast_box,breakfast_box/test/logical_anomalies/058,hf_assets/mvtec_loco/mvtec_loco_anomaly_detection/breakfast_box/test/logical_anomalies/058.png,logical_anomaly,1,logical,1,['breakfast_box/train/good/271'],0,visionzip,0.25,True,sdpa,64,401408,Qwen/Qwen2.5-VL-3B-Instruct-AWQ,ok,,ANOMALOUS,1,ANOMALOUS,False,0.891706847835078,-2.306792974472046,-0.1984974635997787,41.56239999997524,377.66030000011597,16.6381999999885,161.83070000010957,278.668400000015,64.31139999995139,597.6916000001893,876.3600000002043,5,5.705417864803088,3442.1181640625,7854.0,1000,250,"[500, 500]","[125, 125]",398,69.32198076923076,65.63764920310656,1
20260930-210411-0c0ed5,2026-09-30T21:27:10,final,test,breakfast_box,breakfast_box/test/logical_anomalies/058,hf_assets/mvtec_loco/mvtec_loco_anomaly_detection/breakfast_box/test/logical_anomalies/058.png,logical_anomaly,1,logical,2,"['breakfast_box/train/good/271', 'breakfast_box/train/good/248']",0,none,1.0,True,sdpa,64,401408,Qwen/Qwen2.5-VL-3B-Instruct-AWQ,ok,,ANOMALOUS,1,ANOMALOUS,False,0.8632905398346032,-2.065013885498047,-0.22212053363909945,56.17449999999735,601.5600000000632,1.9505000000208383,827.6639000000614,250.02889999996114,59.16839999986223,1487.3489000001427,1737.377800000104,5,2.8779002471423896,3811.6455078125,7854.0,1500,1500,"[500, 500, 500]","[500, 500, 500]",1657,82.62745999999997,149.0794379205555,1
20260930-210411-0c0ed5,2026-09-30T21:27:12,final,test,breakfast_box,breakfast_box/test/logical_anomalies/058,hf_assets/mvtec_loco/mvtec_loco_anomaly_detection/breakfast_box/test/logical_anomalies/058.png,logical_anomaly,1,logical,2,"['breakfast_box/train/good/271', 'breakfast_box/train/good/248']",0,visionzip,0.75,True,sdpa,64,401408,Qwen/Qwen2.5-VL-3B-Instruct-AWQ,ok,,ANOMALOUS,1,ANOMALOUS,False,0.8976209837126287,-2.357027769088745,-0.185961629555095,56.43020000002252,592.0811999999387,23.46839999995609,571.766499999967,253.92310000006546,70.31799999981558,1243.7462999998843,1497.6693999999497,5,3.3385205039244092,3629.35791015625,7854.0,1500,1125,"[500, 500, 500]","[375, 375, 375]",1282,77.99045054945053,122.89189264428735,1
20260930-210411-0c0ed5,2026-09-30T21:27:14,final,test,breakfast_box,breakfast_box/test/logical_anomalies/058,hf_assets/mvtec_loco/mvtec_loco_anomaly_detection/breakfast_box/test/logical_anomalies/058.png,logical_anomaly,1,logical,2,"['breakfast_box/train/good/271', 'breakfast_box/train/good/248']",0,visionzip,0.5,True,sdpa,64,401408,Qwen/Qwen2.5-VL-3B-Instruct-AWQ,ok,,ANOMALOUS,1,ANOMALOUS,False,0.887115593629328,-2.25742244720459,-0.19581149629084393,59.955200000104014,601.6303000001244,23.622100000011415,374.60029999988365,259.3967000000248,65.27699999992365,1059.8079000001235,1319.2046000001483,5,3.7901626480073203,3531.3291015625,7854.0,1500,750,"[500, 500, 500]","[250, 250, 250]",907,73.83173809523812,102.93741270970644,1
20260930-210411-0c0ed5,2026-09-30T21:27:15,final,test,breakfast_box,breakfast_box/test/logical_anomalies/058,hf_assets/mvtec_loco/mvtec_loco_anomaly_detection/breakfast_box/test/logical_anomalies/058.png,logical_anomaly,1,logical,2,"['breakfast_box/train/good/271', 'breakfast_box/train/good/248']",0,visionzip,0.25,True,sdpa,64,401408,Qwen/Qwen2.5-VL-3B-Instruct-AWQ,ok,,ANOMALOUS,1,ANOMALOUS,False,0.8127142013787826,-1.757332682609558,-0.2895889556966722,58.93119999996088,603.9206000000377,24.170799999865267,201.92090000000462,255.75660000004063,57.841800000005605,888.9434999998684,1144.700099999909,5,4.367956288289306,3531.3291015625,7854.0,1500,375,"[500, 500, 500]","[125, 125, 125]",532,72.9074461538462,88.40657037413317,1
20260930-210411-0c0ed5,2026-09-30T21:27:16,final,test,breakfast_box,breakfast_box/test/logical_anomalies/058,hf_assets/mvtec_loco/mvtec_loco_anomaly_detection/breakfast_box/test/logical_anomalies/058.png,logical_anomaly,1,logical,4,"['breakfast_box/train/good/271', 'breakfast_box/train/good/248', 'breakfast_box/train/good/267', 'breakfast_box/train/good/219']",0,none,1.0,True,sdpa,64,401408,Qwen/Qwen2.5-VL-3B-Instruct-AWQ,ok,,ANOMALOUS,1,ANOMALOUS,False,0.9572532033872899,-3.2073543071746826,-0.09858062991406769,93.57410000006894,1001.2213999998494,15.734899999870322,1669.6483999999145,233.74650000005204,65.09070000015527,2780.178799999703,3013.925299999755,5,1.6589661329696546,4561.287109375,7854.0,2500,2500,"[500, 500, 500, 500, 500]","[500, 500, 500, 500, 500]",2675,79.26211445783134,244.13930488804792,1
20260930-210411-0c0ed5,2026-09-30T21:27:19,final,test,breakfast_box,breakfast_box/test/logical_anomalies/058,hf_assets/mvtec_loco/mvtec_loco_anomaly_detection/breakfast_box/test/logical_anomalies/058.png,logical_anomaly,1,logical,4,"['breakfast_box/train/good/271', 'breakfast_box/train/good/248', 'breakfast_box/train/good/267', 'breakfast_box/train/good/219']",0,visionzip,0.75,True,sdpa,64,401408,Qwen/Qwen2.5-VL-3B-Instruct-AWQ,ok,,ANOMALOUS,1,ANOMALOUS,False,0.9304121294832152,-2.7261619567871094,-0.13312459678854793,87.50260000010712,1011.8325000000823,48.261599999932514,1160.4385000000548,234.11650000002737,54.87399999992704,2308.0352000001767,2542.151700000204,5,1.966837777619486,4086.39990234375,7854.0,2500,1875,"[500, 500, 500, 500, 500]","[375, 375, 375, 375, 375]",2050,78.27888652482261,203.39195257855985,1
20260930-210411-0c0ed5,2026-09-30T21:27:22,final,test,breakfast_box,breakfast_box/test/logical_anomalies/058,hf_assets/mvtec_loco/mvtec_loco_anomaly_detection/breakfast_box/test/logical_anomalies/058.png,logical_anomaly,1,logical,4,"['breakfast_box/train/good/271', 'breakfast_box/train/good/248', 'breakfast_box/train/good/267', 'breakfast_box/train/good/219']",0,visionzip,0.5,True,sdpa,64,401408,Qwen/Qwen2.5-VL-3B-Instruct-AWQ,ok,,ANOMALOUS,1,ANOMALOUS,False,0.9072481538536074,-2.4384171962738037,-0.15792879089713097,87.3781999998755,1029.7421000000213,51.560800000061136,646.5628999999353,252.18630000017583,63.257400000111375,1815.2439999998933,2067.430300000069,5,2.418461217289808,3711.10546875,7854.0,2500,1250,"[500, 500, 500, 500, 500]","[250, 250, 250, 250, 250]",1425,71.90679508196716,153.295637222855,1
20260930-210411-0c0ed5,2026-09-30T21:27:24,final,test,breakfast_box,breakfast_box/test/logical_anomalies/058,hf_assets/mvtec_loco/mvtec_loco_anomaly_detection/breakfast_box/test/logical_anomalies/058.png,logical_anomaly,1,logical,4,"['breakfast_box/train/good/271', 'breakfast_box/train/good/248', 'breakfast_box/train/good/267', 'breakfast_box/train/good/219']",0,visionzip,0.25,True,sdpa,64,401408,Qwen/Qwen2.5-VL-3B-Instruct-AWQ,ok,,ANOMALOUS,1,ANOMALOUS,False,0.8595650318312451,-2.0267622470855713,-0.21508028433891013,102.48839999985648,1014.8578999999245,54.49989999988247,319.6435999998357,262.0997999999872,60.811900000089736,1491.4897999994992,1753.5895999994864,5,2.851294282311816,3711.10546875,7854.0,2500,625,"[500, 500, 500, 500, 500]","[125, 125, 125, 125, 125]",800,76.00103636363637,137.99637374306892,1
20260930-210411-0c0ed5,2026-09-30T21:27:26,final,test,breakfast_box,breakfast_box/test/logical_anomalies/058,hf_assets/mvtec_loco/mvtec_loco_anomaly_detection/breakfast_box/test/logical_anomalies/058.png,logical_anomaly,1,logical,8,"['breakfast_box/train/good/271', 'breakfast_box/train/good/248', 'breakfast_box/train/good/267', 'breakfast_box/train/good/219', 'breakfast_box/train/good/145', 'breakfast_box/train/good/149', 'breakfast_box/train/good/056', 'breakfast_box/train/good/028']",0,none,1.0,True,sdpa,64,401408,Qwen/Qwen2.5-VL-3B-Instruct-AWQ,ok,,ANOMALOUS,1,ANOMALOUS,False,0.9766558252893573,-3.80972957611084,-0.07594273914583027,164.77489999988393,1823.4400999999707,5.452999999988606,9826.28139999997,274.4814000000133,59.85489999989113,11819.949399999814,12094.430799999827,5,0.41341342000154907,6854.44287109375,7854.0,4500,4500,"[500, 500, 500, 500, 500, 500, 500, 500, 500]","[500, 500, 500, 500, 500, 500, 500, 500, 500]",4711,57.803819767441844,703.8891365026416,1
20260930-210411-0c0ed5,2026-09-30T21:27:38,final,test,breakfast_box,breakfast_box/test/structural_anomalies/065,hf_assets/mvtec_loco/mvtec_loco_anomaly_detection/breakfast_box/test/structural_anomalies/065.png,structural_anomaly,1,structural,8,"['breakfast_box/train/good/271', 'breakfast_box/train/good/248', 'breakfast_box/train/good/267', 'breakfast_box/train/good/219', 'breakfast_box/train/good/145', 'breakfast_box/train/good/149', 'breakfast_box/train/good/056', 'breakfast_box/train/good/028']",0,visionzip,0.5,True,sdpa,64,401408,Qwen/Qwen2.5-VL-3B-Instruct-AWQ,ok,,ANOMALOUS,1,ANOMALOUS,False,0.6367834026686279,-1.0726778507232666,-0.5112476233625785,158.61489999997502,1804.057000000057,92.35009999997601,1482.6947999999902,220.78220000003057,53.489700000000084,3537.7167999999983,3758.499000000029,5,1.3303182999383427,4403.93701171875,7854.0,4500,2250,"[500, 500, 500, 500, 500, 500, 500, 500, 500]","[250, 250, 250, 250, 250, 250, 250, 250, 250]",2461,80.49255500000002,306.9506473057432,1
20260930-210411-0c0ed5,2026-09-30T21:27:42,final,test,breakfast_box,breakfast_box/test/structural_anomalies/065,hf_assets/mvtec_loco/mvtec_loco_anomaly_detection/breakfast_box/test/structural_anomalies/065.png,structural_anomaly,1,structural,8,"['breakfast_box/train/good/271', 'breakfast_box/train/good/248', 'breakfast_box/train/good/267', 'breakfast_box/train/good/219', 'breakfast_box/train/good/145', 'breakfast_box/train/good/149', 'breakfast_box/train/good/056', 'breakfast_box/train/good/028']",0,visionzip,0.25,True,sdpa,64,401408,Qwen/Qwen2.5-VL-3B-Instruct-AWQ,ok,,ANOMALOUS,1,ANOMALOUS,False,0.6221880136341699,-1.034719467163086,-0.5358738286886364,153.59399999988455,1816.8676999998752,83.9659999999185,585.2892999998858,254.7679999997854,57.814099999859536,2639.716999999564,2894.4849999993494,5,1.727423013075253,4069.875,7854.0,4500,1125,"[500, 500, 500, 500, 500, 500, 500, 500, 500]","[125, 125, 125, 125, 125, 125, 125, 125, 125]",1336,77.92707738095234,230.1562359426518,1
20260930-210411-0c0ed5,2026-09-30T21:27:45,final,test,breakfast_box,breakfast_box/test/structural_anomalies/065,hf_assets/mvtec_loco/mvtec_loco_anomaly_detection/breakfast_box/test/structural_anomalies/065.png,structural_anomaly,1,structural,1,['breakfast_box/train/good/271'],0,none,1.0,True,sdpa,64,401408,Qwen/Qwen2.5-VL-3B-Instruct-AWQ,ok,,ANOMALOUS,1,ANOMALOUS,False,0.7022183921655712,-1.2880849838256836,-0.4302008864469826,36.84629999997924,383.8436000000911,1.6702999998869927,457.12090000006356,257.5560000000223,62.43539999991299,879.4811000000209,1137.0371000000432,5,4.397393893303754,3557.0205078125,7854.0,1000,1000,"[500, 500]","[500, 500]",1148,72.9919130434782,88.32843367201748,1
20260930-210411-0c0ed5,2026-09-30T21:27:46,final,test,breakfast_box,breakfast_box/test/structural_anomalies/065,hf_assets/mvtec_loco/mvtec_loco_anomaly_detection/breakfast_box/test/structural_anomalies/065.png,structural_anomaly,1,structural,1,['breakfast_box/train/good/271'],0,visionzip,0.75,True,sdpa,64,401408,Qwen/Qwen2.5-VL-3B-Instruct-AWQ,ok,,ANOMALOUS,1,ANOMALOUS,False,0.751764988403378,-1.4782108068466187,-0.37016297201626003,38.42299999996612,382.1850000001632,16.249200000174824,367.9245999999239,252.9221999998299,71.97640000003958,804.781800000228,1057.704000000058,5,4.727220469998909,3468.9521484375,7854.0,1000,750,"[500, 500]","[375, 375]",898,72.518921875,82.5280777467853,1
20260930-210411-0c0ed5,2026-09-30T21:27:47,final,test,breakfast_box,breakfast_box/test/structural_anomalies/065,hf_assets/mvtec_loco/mvtec_loco_anomaly_detection/breakfast_box/test/structural_anomalies/065.png,structural_anomaly,1,structural,1,['breakfast_box/train/good/271'],0,visionzip,0.5,True,sdpa,64,401408,Qwen/Qwen2.5-VL-3B-Instruct-AWQ,ok,,ANOMALOUS,1,ANOMALOUS,False,0.7368881609310621,-1.4219679832458496,-0.39211103704292327,40.03370000009454,380.63259999989896,15.80839999996897,249.10320000003594,274.2318000000523,56.18149999986599,685.5778999999984,959.8097000000507,5,5.209365981610454,3442.1181640625,7854.0,1000,500,"[500, 500]","[250, 250]",648,69.7753103448276,71.32402917819262,1
20260930-210411-0c0ed5,2026-09-30T21:27:48,final,test,breakfast_box,breakfast_box/test/structural_anomalies/065,hf_assets/mvtec_loco/mvtec_loco_anomaly_detection/breakfast_box/test/structural_anomalies/065.png,structural_anomaly,1,structural,1,['breakfast_box/train/good/271'],0,visionzip,0.25,True,sdpa,64,401408,Qwen/Qwen2.5-VL-3B-Instruct-AWQ,ok,,ANOMALOUS,1,ANOMALOUS,False,0.7850703408839436,-1.6359424591064453,-0.3404799468116835,44.34159999982512,376.80810000006204,15.856900000017049,162.00330000015128,275.2487000000201,56.34850000001279,599.0099000000555,874.2586000000756,5,5.7191316162055115,3442.1181640625,7854.0,1000,250,"[500, 500]","[125, 125]",398,62.86315384615387,58.850931910872966,1
20260930-210411-0c0ed5,2026-09-30T21:27:49,final,test,breakfast_box,breakfast_box/test/structural_anomalies/065,hf_assets/mvtec_loco/mvtec_loco_anomaly_detection/breakfast_box/test/structural_anomalies/065.png,structural_anomaly,1,structural,2,"['breakfast_box/train/good/271', 'breakfast_box/train/good/248']",0,none,1.0,True,sdpa,64,401408,Qwen/Qwen2.5-VL-3B-Instruct-AWQ,ok,,ANOMALOUS,1,ANOMALOUS,False,0.6147725966737797,-1.03167724609375,-0.5642586260801181,58.84309999987636,581.923000000188,2.0133000000441825,827.7330000000802,242.60670000012396,63.90749999991385,1470.5124000001888,1713.1191000003128,5,2.918652882919283,3811.6455078125,7854.0,1500,1500,"[500, 500, 500]","[500, 500, 500]",1657,83.00893939393936,148.2649644420555,1
20260930-210411-0c0ed5,2026-09-30T21:27:51,final,test,breakfast_box,breakfast_box/test/structural_anomalies/065,hf_assets/mvtec_loco/mvtec_loco_anomaly_detection/breakfast_box/test/structural_anomalies/065.png,structural_anomaly,1,structural,2,"['breakfast_box/train/good/271', 'breakfast_box/train/good/248']",0,visionzip,0.75,True,sdpa,64,401408,Qwen/Qwen2.5-VL-3B-Instruct-AWQ,ok,,ANOMALOUS,1,ANOMALOUS,False,0.6581243255688817,-1.153616189956665,-0.4986694777617231,61.37340000009317,588.194600000179,22.5170999999591,569.8072000000138,244.8400999999194,60.93809999993027,1241.892300000245,1486.7324000001645,5,3.363080000139532,3629.35791015625,7854.0,1500,1125,"[500, 500, 500]","[375, 375, 375]",1282,74.85605617977527,116.55528849361173,1
20260930-210411-0c0ed5,2026-09-30T21:27:53,final,test,breakfast_box,breakfast_box/test/structural_anomalies/065,hf_assets/mvtec_loco/mvtec_loco_anomaly_detection/breakfast_box/test/structural_anomalies/065.png,structural_anomaly,1,structural,2,"['breakfast_box/train/good/271', 'breakfast_box/train/good/248']",0,visionzip,0.5,True,sdpa,64,401408,Qwen/Qwen2.5-VL-3B-Instruct-AWQ,ok,,ANOMALOUS,1,ANOMALOUS,False,0.611054807217832,-1.0213600397109985,-0.5696118248160928,56.449199999860866,590.2584999998908,23.322199999938675,374.6988999998848,241.3122000000385,59.72470000006069,1044.7287999995751,1286.0409999996136,5,3.8879009300648284,3531.3291015625,7854.0,1500,750,"[500, 500, 500]","[250, 250, 250]",907,71.4874936708861,96.72507385023883,1
20260930-210411-0c0ed5,2026-09-30T21:27:54,final,test,breakfast_box,breakfast_box/test/structural_anomalies/065,hf_assets/mvtec_loco/mvtec_loco_anomaly_detection/breakfast_box/test/structural_anomalies/065.png,structural_anomaly,1,structural,2,"['breakfast_box/train/good/271', 'breakfast_box/train/good/248']",0,visionzip,0.25,True,sdpa,64,401408,Qwen/Qwen2.5-VL-3B-Instruct-AWQ,ok,,ANOMALOUS,1,ANOMALOUS,False,0.6822897637897656,-1.2373136281967163,-0.4729989474872127,57.121100000131264,592.8976000000148,23.60939999994116,202.47710000012376,233.10730000002877,62.176099999987855,876.105200000211,1109.2125000002397,5,4.507702536708628,3531.3291015625,7854.0,1500,375,"[500, 500, 500]","[125, 125, 125]",532,76.71082089552235,90.46474122556053,1
20260930-210411-0c0ed5,2026-09-30T21:27:55,final,test,breakfast_box,breakfast_box/test/structural_anomalies/065,hf_assets/mvtec_loco/mvtec_loco_anomaly_detection/breakfast_box/test/structural_anomalies/065.png,structural_anomaly,1,structural,4,"['breakfast_box/train/good/271', 'breakfast_box/train/good/248', 'breakfast_box/train/good/267', 'breakfast_box/train/good/219']",0,none,1.0,True,sdpa,64,401408,Qwen/Qwen2.5-VL-3B-Instruct-AWQ,ok,,ANOMALOUS,1,ANOMALOUS,False,0.550323464079614,-0.8602378964424133,-0.6582601898116991,89.80189999988397,1003.7660000000415,11.296700000002602,1673.9380000001347,234.88650000012967,59.72069999984342,2778.8026000000627,3013.6891000001924,5,1.6590961556053279,4561.287109375,7854.0,2500,2500,"[500, 500, 500, 500, 500]","[500, 500, 500, 500, 500]",2675,78.15531460674158,240.30631072356604,1
20260930-210411-0c0ed5,2026-09-30T21:27:58,final,test,breakfast_box,breakfast_box/test/structural_anomalies/065,hf_assets/mvtec_loco/mvtec_loco_anomaly_detection/breakfast_box/test/structural_anomalies/065.png,structural_anomaly,1,structural,4,"['breakfast_box/train/good/271', 'breakfast_box/train/good/248', 'breakfast_box/train/good/267', 'breakfast_box/train/good/219']",0,visionzip,0.75,True,sdpa,64,401408,Qwen/Qwen2.5-VL-3B-Instruct-AWQ,ok,,ANOMALOUS,1,ANOMALOUS,False,0.59615897068202,-0.9713582992553711,-0.581872247159481,95.25989999997364,1085.2366999999958,46.976800000038565,1160.62450000004,241.3002000000688,53.86539999994966,2388.097900000048,2629.3981000001168,5,1.9015758777644884,4086.39990234375,7854.0,2500,1875,"[500, 500, 500, 500, 500]","[375, 375, 375, 375, 375]",2050,77.26908724832211,207.44672933109155,1
20260930-210411-0c0ed5,2026-09-30T21:28:01,final,test,breakfast_box,breakfast_box/test/structural_anomalies/065,hf_assets/mvtec_loco/mvtec_loco_anomaly_detection/breakfast_box/test/structural_anomalies/065.png,structural_anomaly,1,structural,4,"['breakfast_box/train/good/271', 'breakfast_box/train/good/248', 'breakfast_box/train/good/267', 'breakfast_box/train/good/219']",0,visionzip,0.5,True,sdpa,64,401408,Qwen/Qwen2.5-VL-3B-Instruct-AWQ,ok,,ANOMALOUS,1,ANOMALOUS,False,0.6148225133787805,-1.0190703868865967,-0.5514409891329706,87.90769999995973,1019.4212000001244,52.574999999933425,645.7778999999846,248.25299999997696,65.01390000016727,1805.681800000002,2053.934799999979,5,2.434351859659835,3711.10546875,7854.0,2500,1250,"[500, 500, 500, 500, 500]","[250, 250, 250, 250, 250]",1425,76.8045371900827,162.83221635272372,1
20260930-210411-0c0ed5,2026-09-30T21:28:03,final,test,breakfast_box,breakfast_box/test/structural_anomalies/065,hf_assets/mvtec_loco/mvtec_loco_anomaly_detection/breakfast_box/test/structural_anomalies/065.png,structural_anomaly,1,structural,4,"['breakfast_box/train/good/271', 'breakfast_box/train/good/248', 'breakfast_box/train/good/267', 'breakfast_box/train/good/219']",0,visionzip,0.25,True,sdpa,64,401408,Qwen/Qwen2.5-VL-3B-Instruct-AWQ,ok,,ANOMALOUS,1,ANOMALOUS,False,0.6990300350522295,-1.2681927680969238,-0.4255095337284729,93.81359999997585,1029.403400000092,52.08319999997002,322.05389999990075,243.849100000034,65.95740000011574,1497.3540999999386,1741.2031999999726,5,2.8715775390259326,3711.10546875,7854.0,2500,625,"[500, 500, 500, 500, 500]","[125, 125, 125, 125, 125]",800,76.26894000000001,137.91842077397914,1
20260930-210411-0c0ed5,2026-09-30T21:28:05,final,test,breakfast_box,breakfast_box/test/structural_anomalies/065,hf_assets/mvtec_loco/mvtec_loco_anomaly_detection/breakfast_box/test/structural_anomalies/065.png,structural_anomaly,1,structural,8,"['breakfast_box/train/good/271', 'breakfast_box/train/good/248', 'breakfast_box/train/good/267', 'breakfast_box/train/good/219', 'breakfast_box/train/good/145', 'breakfast_box/train/good/149', 'breakfast_box/train/good/056', 'breakfast_box/train/good/028']",0,none,1.0,True,sdpa,64,401408,Qwen/Qwen2.5-VL-3B-Instruct-AWQ,ok,,ANOMALOUS,1,ANOMALOUS,False,0.6185227968959864,-1.0218582153320312,-0.5385752588044852,153.7665000000743,1814.8132999999689,3.8207000000056723,9759.946799999852,272.84080000003996,60.04269999993994,11732.347299999901,12005.188099999941,5,0.4164866021549487,6854.44287109375,7854.0,4500,4500,"[500, 500, 500, 500, 500, 500, 500, 500, 500]","[500, 500, 500, 500, 500, 500, 500, 500, 500]",4711,59.9430134730538,724.4283416376817,1
20260930-210411-0c0ed5,2026-09-30T21:28:17,final,test,breakfast_box,breakfast_box/test/structural_anomalies/065,hf_assets/mvtec_loco/mvtec_loco_anomaly_detection/breakfast_box/test/structural_anomalies/065.png,structural_anomaly,1,structural,8,"['breakfast_box/train/good/271', 'breakfast_box/train/good/248', 'breakfast_box/train/good/267', 'breakfast_box/train/good/219', 'breakfast_box/train/good/145', 'breakfast_box/train/good/149', 'breakfast_box/train/good/056', 'breakfast_box/train/good/028']",0,visionzip,0.75,True,sdpa,64,401408,Qwen/Qwen2.5-VL-3B-Instruct-AWQ,ok,,ANOMALOUS,1,ANOMALOUS,False,0.6111364909489073,-1.0030755996704102,-0.5509836815763265,169.46450000000368,1839.179999999942,88.52040000010675,2688.9626000001954,242.0812999998816,54.93790000014087,4786.127500000248,5028.2088000001295,5,0.9943898908891514,5478.0888671875,7854.0,4500,3375,"[500, 500, 500, 500, 500, 500, 500, 500, 500]","[375, 375, 375, 375, 375, 375, 375, 375, 375]",3586,83.2151028368796,423.1001254118741,1
20260930-210411-0c0ed5,2026-09-30T21:28:22,final,test,breakfast_box,breakfast_box/test/structural_anomalies/009,hf_assets/mvtec_loco/mvtec_loco_anomaly_detection/breakfast_box/test/structural_anomalies/009.png,structural_anomaly,1,structural,8,"['breakfast_box/train/good/271', 'breakfast_box/train/good/248', 'breakfast_box/train/good/267', 'breakfast_box/train/good/219', 'breakfast_box/train/good/145', 'breakfast_box/train/good/149', 'breakfast_box/train/good/056', 'breakfast_box/train/good/028']",0,visionzip,0.25,True,sdpa,64,401408,Qwen/Qwen2.5-VL-3B-Instruct-AWQ,ok,,ANOMALOUS,1,ANOMALOUS,False,0.661651198501839,-1.142628788948059,-0.47196758282370865,166.8181000000004,1822.2629000001689,84.16349999993145,585.0020000000313,250.22039999998924,64.59939999990638,2658.246500000132,2908.4669000001213,5,1.7191187563454104,4069.875,7854.0,4500,1125,"[500, 500, 500, 500, 500, 500, 500, 500, 500]","[125, 125, 125, 125, 125, 125, 125, 125, 125]",1336,72.63088554216878,216.05736130591484,1
20260930-210411-0c0ed5,2026-09-30T21:28:25,final,test,breakfast_box,breakfast_box/test/structural_anomalies/009,hf_assets/mvtec_loco/mvtec_loco_anomaly_detection/breakfast_box/test/structural_anomalies/009.png,structural_anomaly,1,structural,1,['breakfast_box/train/good/271'],0,none,1.0,True,sdpa,64,401408,Qwen/Qwen2.5-VL-3B-Instruct-AWQ,ok,,ANOMALOUS,1,ANOMALOUS,False,0.9031902130109141,-2.4051620960235596,-0.17197701358236372,37.277800000083516,385.3563000000122,1.8906000000242784,459.20840000007956,251.80969999996705,63.5855000000447,883.7331000001996,1135.5428000001666,5,4.403180575843787,3557.0205078125,7854.0,1000,1000,"[500, 500]","[500, 500]",1148,73.14206153846155,88.45800191041711,1
20260930-210411-0c0ed5,2026-09-30T21:28:27,final,test,breakfast_box,breakfast_box/test/structural_anomalies/009,hf_assets/mvtec_loco/mvtec_loco_anomaly_detection/breakfast_box/test/structural_anomalies/009.png,structural_anomaly,1,structural,1,['breakfast_box/train/good/271'],0,visionzip,0.75,True,sdpa,64,401408,Qwen/Qwen2.5-VL-3B-Instruct-AWQ,ok,,ANOMALOUS,1,ANOMALOUS,False,0.8704581101796054,-2.123915672302246,-0.2189003381645307,38.43860000006316,398.7139999999272,15.732000000070911,367.5936999998157,229.88439999994625,62.74259999986498,820.478299999877,1050.3626999998232,5,4.760260431944928,3468.9521484375,7854.0,1000,750,"[500, 500]","[375, 375]",898,73.68425000000003,82.44389258739581,1
20260930-210411-0c0ed5,2026-09-30T21:28:28,final,test,breakfast_box,breakfast_box/test/structural_anomalies/009,hf_assets/mvtec_loco/mvtec_loco_anomaly_detection/breakfast_box/test/structural_anomalies/009.png,structural_anomaly,1,structural,1,['breakfast_box/train/good/271'],0,visionzip,0.5,True,sdpa,64,401408,Qwen/Qwen2.5-VL-3B-Instruct-AWQ,ok,,ANOMALOUS,1,ANOMALOUS,False,0.8650900399576497,-2.0880608558654785,-0.22983485518489033,39.61099999992257,385.4757999999947,16.25760000001719,249.56769999994322,255.52449999986493,56.19980000005853,690.9120999998777,946.4365999997426,5,5.2829740523574005,3442.1181640625,7854.0,1000,500,"[500, 500]","[250, 250]",648,71.87823214285716,72.62351596848197,1
20260930-210411-0c0ed5,2026-09-30T21:28:29,final,test,breakfast_box,breakfast_box/test/structural_anomalies/009,hf_assets/mvtec_loco/mvtec_loco_anomaly_detection/breakfast_box/test/structural_anomalies/009.png,structural_anomaly,1,structural,1,['breakfast_box/train/good/271'],0,visionzip,0.25,True,sdpa,64,401408,Qwen/Qwen2.5-VL-3B-Instruct-AWQ,ok,,ANOMALOUS,1,ANOMALOUS,False,0.9098114082377249,-2.4903998374938965,-0.17906544508878142,41.186500000094384,373.4216000000288,15.439900000046691,162.0005999998284,233.81439999980103,59.35270000009041,592.0485999999983,825.8629999997993,5,6.054272924203185,3442.1181640625,7854.0,1000,250,"[500, 500]","[125, 125]",398,71.48311320754719,63.70482121009045,1
20260930-210411-0c0ed5,2026-09-30T21:28:30,final,test,breakfast_box,breakfast_box/test/structural_anomalies/009,hf_assets/mvtec_loco/mvtec_loco_anomaly_detection/breakfast_box/test/structural_anomalies/009.png,structural_anomaly,1,structural,2,"['breakfast_box/train/good/271', 'breakfast_box/train/good/248']",0,none,1.0,True,sdpa,64,401408,Qwen/Qwen2.5-VL-3B-Instruct-AWQ,ok,,ANOMALOUS,1,ANOMALOUS,False,0.7929136284843259,-1.6518195867538452,-0.30924124841112643,57.845499999984895,588.8502999998764,1.960800000006202,829.4464999999036,244.94740000000093,55.13580000001639,1478.103099999771,1723.050499999772,5,2.901830213334236,3811.6455078125,7854.0,1500,1500,"[500, 500, 500]","[500, 500, 500]",1657,81.61607920792079,145.75873533159066,1
20260930-210411-0c0ed5,2026-09-30T21:28:31,final,test,breakfast_box,breakfast_box/test/structural_anomalies/009,hf_assets/mvtec_loco/mvtec_loco_anomaly_detection/breakfast_box/test/structural_anomalies/009.png,structural_anomaly,1,structural,2,"['breakfast_box/train/good/271', 'breakfast_box/train/good/248']",0,visionzip,0.75,True,sdpa,64,401408,Qwen/Qwen2.5-VL-3B-Instruct-AWQ,ok,,ANOMALOUS,1,ANOMALOUS,False,0.8004995149803927,-1.692537546157837,-0.30311828712001443,60.529300000098374,593.275500000118,27.21930000006978,569.9732000000495,231.1523999999281,60.341399999970236,1250.9973000003356,1482.1497000002637,5,3.3734784010003245,3629.35791015625,7854.0,1500,1125,"[500, 500, 500]","[375, 375, 375]",1282,78.0015301204819,120.95427390489463,1
20260930-210411-0c0ed5,2026-09-30T21:28:33,final,test,breakfast_box,breakfast_box/test/structural_anomalies/009,hf_assets/mvtec_loco/mvtec_loco_anomaly_detection/breakfast_box/test/structural_anomalies/009.png,structural_anomaly,1,structural,2,"['breakfast_box/train/good/271', 'breakfast_box/train/good/248']",0,visionzip,0.5,True,sdpa,64,401408,Qwen/Qwen2.5-VL-3B-Instruct-AWQ,ok,,ANOMALOUS,1,ANOMALOUS,False,0.7877345798399621,-1.6282161474227905,-0.3168924154015258,57.18819999992775,602.8636999999435,23.098300000128802,372.68919999996797,247.06250000008367,60.56360000002314,1055.839399999968,1302.9019000000517,5,3.837587465333961,3531.3291015625,7854.0,1500,750,"[500, 500, 500]","[250, 250, 250]",907,74.54442857142857,102.22729974681192,1
20260930-210411-0c0ed5,2026-09-30T21:28:34,final,test,breakfast_box,breakfast_box/test/structural_anomalies/009,hf_assets/mvtec_loco/mvtec_loco_anomaly_detection/breakfast_box/test/structural_anomalies/009.png,structural_anomaly,1,structural,2,"['breakfast_box/train/good/271', 'breakfast_box/train/good/248']",0,visionzip,0.25,True,sdpa,64,401408,Qwen/Qwen2.5-VL-3B-Instruct-AWQ,ok,,ANOMALOUS,1,ANOMALOUS,False,0.8478144219402449,-1.9705497026443481,-0.25298861728515476,57.37999999996646,599.7667999999976,24.493699999993623,202.9147999999168,272.2784000000047,59.117900000046575,884.5552999998745,1156.8336999998792,5,4.322142413382773,3531.3291015625,7854.0,1500,375,"[500, 500, 500]","[125, 125, 125]",532,73.70936923076924,90.33849776670591,1
20260930-210411-0c0ed5,2026-09-30T21:28:36,final,test,breakfast_box,breakfast_box/test/structural_anomalies/009,hf_assets/mvtec_loco/mvtec_loco_anomaly_detection/breakfast_box/test/structural_anomalies/009.png,structural_anomaly,1,structural,4,"['breakfast_box/train/good/271', 'breakfast_box/train/good/248', 'breakfast_box/train/good/267', 'breakfast_box/train/good/219']",0,none,1.0,True,sdpa,64,401408,Qwen/Qwen2.5-VL-3B-Instruct-AWQ,ok,,ANOMALOUS,1,ANOMALOUS,False,0.8197433043437364,-1.7749154567718506,-0.2603061309782788,98.27559999985169,1034.3156999999792,15.387600000167367,1647.1298000001298,244.2214000000149,59.99669999982871,2795.108700000128,3039.330100000143,5,1.645099359230432,4561.287109375,7854.0,2500,2500,"[500, 500, 500, 500, 500]","[500, 500, 500, 500, 500]",2675,81.2034345238096,251.7757717723632,1
20260930-210411-0c0ed5,2026-09-30T21:28:39,final,test,breakfast_box,breakfast_box/test/structural_anomalies/009,hf_assets/mvtec_loco/mvtec_loco_anomaly_detection/breakfast_box/test/structural_anomalies/009.png,structural_anomaly,1,structural,4,"['breakfast_box/train/good/271', 'breakfast_box/train/good/248', 'breakfast_box/train/good/267', 'breakfast_box/train/good/219']",0,visionzip,0.75,True,sdpa,64,401408,Qwen/Qwen2.5-VL-3B-Instruct-AWQ,ok,,ANOMALOUS,1,ANOMALOUS,False,0.7851230387487004,-1.6029552221298218,-0.3071803704369813,88.80789999989247,1020.2778999998827,50.011399999903006,1154.9109999998564,257.59289999996327,60.93759999998838,2314.0081999995346,2571.601099999498,5,1.9443139917777204,4086.39990234375,7854.0,2500,1875,"[500, 500, 500, 500, 500]","[375, 375, 375, 375, 375]",2050,81.39444594594586,214.3757475568558,1
20260930-210411-0c0ed5,2026-09-30T21:28:41,final,test,breakfast_box,breakfast_box/test/structural_anomalies/009,hf_assets/mvtec_loco/mvtec_loco_anomaly_detection/breakfast_box/test/structural_anomalies/009.png,structural_anomaly,1,structural,4,"['breakfast_box/train/good/271', 'breakfast_box/train/good/248', 'breakfast_box/train/good/267', 'breakfast_box/train/good/219']",0,visionzip,0.5,True,sdpa,64,401408,Qwen/Qwen2.5-VL-3B-Instruct-AWQ,ok,,ANOMALOUS,1,ANOMALOUS,False,0.8054635093611744,-1.7033188343048096,-0.2825206925626844,90.62380000000303,1022.3087000001669,51.06520000003911,645.9753999999975,225.85049999997864,59.15300000015122,1809.9731000002066,2035.8236000001853,5,2.45600846753105,3711.10546875,7854.0,2500,1250,"[500, 500, 500, 500, 500]","[250, 250, 250, 250, 250]",1425,78.42467226890753,164.38877883106778,1
20260930-210411-0c0ed5,2026-09-30T21:28:43,final,test,breakfast_box,breakfast_box/test/structural_anomalies/009,hf_assets/mvtec_loco/mvtec_loco_anomaly_detection/breakfast_box/test/structural_anomalies/009.png,structural_anomaly,1,structural,4,"['breakfast_box/train/good/271', 'breakfast_box/train/good/248', 'breakfast_box/train/good/267', 'breakfast_box/train/good/219']",0,visionzip,0.25,True,sdpa,64,401408,Qwen/Qwen2.5-VL-3B-Instruct-AWQ,ok,,ANOMALOUS,1,ANOMALOUS,False,0.7575883744328745,-1.4870452880859375,-0.3475423048948869,104.35959999995248,1007.6480999998694,50.798499999928026,318.81810000004407,235.58589999993274,63.63000000010288,1481.624299999794,1717.2101999997267,5,2.9116994529853106,3711.10546875,7854.0,2500,625,"[500, 500, 500, 500, 500]","[125, 125, 125, 125, 125]",800,73.6086960784313,131.1675680421711,1
20260930-210411-0c0ed5,2026-09-30T21:28:45,final,test,breakfast_box,breakfast_box/test/structural_anomalies/009,hf_assets/mvtec_loco/mvtec_loco_anomaly_detection/breakfast_box/test/structural_anomalies/009.png,structural_anomaly,1,structural,8,"['breakfast_box/train/good/271', 'breakfast_box/train/good/248', 'breakfast_box/train/good/267', 'breakfast_box/train/good/219', 'breakfast_box/train/good/145', 'breakfast_box/train/good/149', 'breakfast_box/train/good/056', 'breakfast_box/train/good/028']",0,none,1.0,True,sdpa,64,401408,Qwen/Qwen2.5-VL-3B-Instruct-AWQ,ok,,ANOMALOUS,1,ANOMALOUS,False,0.8669323733780896,-2.074964761734009,-0.20086125854868442,162.0500000001357,1835.607500000151,6.175799999937226,9827.272100000073,274.423600000091,58.823699999948076,11831.105400000297,12105.529000000388,5,0.4130344076661036,6854.44287109375,7854.0,4500,4500,"[500, 500, 500, 500, 500, 500, 500, 500, 500]","[500, 500, 500, 500, 500, 500, 500, 500, 500]",4711,57.46596666666676,700.2678686443912,1
20260930-210411-0c0ed5,2026-09-30T21:28:57,final,test,breakfast_box,breakfast_box/test/structural_anomalies/009,hf_assets/mvtec_loco/mvtec_loco_anomaly_detection/breakfast_box/test/structural_anomalies/009.png,structural_anomaly,1,structural,8,"['breakfast_box/train/good/271', 'breakfast_box/train/good/248', 'breakfast_box/train/good/267', 'breakfast_box/train/good/219', 'breakfast_box/train/good/145', 'breakfast_box/train/good/149', 'breakfast_box/train/good/056', 'breakfast_box/train/good/028']",0,visionzip,0.75,True,sdpa,64,401408,Qwen/Qwen2.5-VL-3B-Instruct-AWQ,ok,,ANOMALOUS,1,ANOMALOUS,False,0.771662665018784,-1.538062572479248,-0.32033915526699275,157.23559999992176,1807.444999999916,94.25680000003922,2683.0145000001266,254.1518000000451,61.677400000007765,4741.951900000004,4996.103700000049,5,1.0007798677197095,5478.0888671875,7854.0,4500,3375,"[500, 500, 500, 500, 500, 500, 500, 500, 500]","[375, 375, 375, 375, 375, 375, 375, 375, 375]",3586,82.78972627737227,418.83175985907326,1
20260930-210411-0c0ed5,2026-09-30T21:29:03,final,test,breakfast_box,breakfast_box/test/structural_anomalies/009,hf_assets/mvtec_loco/mvtec_loco_anomaly_detection/breakfast_box/test/structural_anomalies/009.png,structural_anomaly,1,structural,8,"['breakfast_box/train/good/271', 'breakfast_box/train/good/248', 'breakfast_box/train/good/267', 'breakfast_box/train/good/219', 'breakfast_box/train/good/145', 'breakfast_box/train/good/149', 'breakfast_box/train/good/056', 'breakfast_box/train/good/028']",0,visionzip,0.5,True,sdpa,64,401408,Qwen/Qwen2.5-VL-3B-Instruct-AWQ,ok,,ANOMALOUS,1,ANOMALOUS,False,0.7575960260622512,-1.4775123596191406,-0.3379677113844082,152.51400000011017,1833.6309999999685,88.5648000000856,1473.377600000049,235.3461000000152,56.017899999915244,3548.087400000213,3783.4335000002284,5,1.3215509140043555,4403.93701171875,7854.0,4500,2250,"[500, 500, 500, 500, 500, 500, 500, 500, 500]","[250, 250, 250, 250, 250, 250, 250, 250, 250]",2461,80.67954761904768,309.85586166498075,1
20260930-210411-0c0ed5,2026-09-30T21:29:06,final,test,breakfast_box,breakfast_box/test/structural_anomalies/047,hf_assets/mvtec_loco/mvtec_loco_anomaly_detection/breakfast_box/test/structural_anomalies/047.png,structural_anomaly,1,structural,1,['breakfast_box/train/good/271'],0,none,1.0,True,sdpa,64,401408,Qwen/Qwen2.5-VL-3B-Instruct-AWQ,ok,,ANOMALOUS,1,ANOMALOUS,False,0.7054663657431529,-1.3048384189605713,-0.4313725277315825,40.21209999996245,376.29450000008546,1.5969000000950473,457.06089999998767,244.74350000014056,58.79460000005565,875.1644000001306,1119.9079000002712,5,4.464652852255788,3557.0205078125,7854.0,1000,1000,"[500, 500]","[500, 500]",1148,70.61956521739133,84.04317934240036,1
20260930-210411-0c0ed5,2026-09-30T21:29:08,final,test,breakfast_box,breakfast_box/test/structural_anomalies/047,hf_assets/mvtec_loco/mvtec_loco_anomaly_detection/breakfast_box/test/structural_anomalies/047.png,structural_anomaly,1,structural,1,['breakfast_box/train/good/271'],0,visionzip,0.75,True,sdpa,64,401408,Qwen/Qwen2.5-VL-3B-Instruct-AWQ,ok,,ANOMALOUS,1,ANOMALOUS,False,0.7307580226156882,-1.4007810354232788,-0.40230917232111096,38.225999999895066,372.9134000000158,15.308900000036374,367.7876000001561,233.91700000001947,56.13369999991846,794.2359000001034,1028.1529000001228,5,4.863089915905896,3468.9521484375,7854.0,1000,750,"[500, 500]","[375, 375]",898,75.52850793650795,82.31545434257953,1
20260930-210411-0c0ed5,2026-09-30T21:29:09,final,test,breakfast_box,breakfast_box/test/structural_anomalies/047,hf_assets/mvtec_loco/mvtec_loco_anomaly_detection/breakfast_box/test/structural_anomalies/047.png,structural_anomaly,1,structural,1,['breakfast_box/train/good/271'],0,visionzip,0.5,True,sdpa,64,401408,Qwen/Qwen2.5-VL-3B-Instruct-AWQ,ok,,ANOMALOUS,1,ANOMALOUS,False,0.705460900020665,-1.3130398988723755,-0.43960031238384545,41.493299999956434,376.499400000057,15.421199999991586,250.91059999999743,241.33990000018457,54.50339999993048,684.3245000000024,925.664400000187,5,5.401525650115733,3442.1181640625,7854.0,1000,500,"[500, 500]","[250, 250]",648,73.18603636363639,72.21865601636861,1
20260930-210411-0c0ed5,2026-09-30T21:29:10,final,test,breakfast_box,breakfast_box/test/structural_anomalies/047,hf_assets/mvtec_loco/mvtec_loco_anomaly_detection/breakfast_box/test/structural_anomalies/047.png,structural_anomaly,1,structural,1,['breakfast_box/train/good/271'],0,visionzip,0.25,True,sdpa,64,401408,Qwen/Qwen2.5-VL-3B-Instruct-AWQ,ok,,ANOMALOUS,1,ANOMALOUS,False,0.7398774761478474,-1.4470758438110352,-0.4017440096940845,43.4000999998716,375.55079999992813,15.824000000066007,162.09330000015143,265.81559999999627,63.44490000014957,596.8682000000172,862.6838000000134,5,5.795866341758037,3442.1181640625,7854.0,1000,250,"[500, 500]","[125, 125]",398,71.33758823529413,66.51685083767009,1
20260930-210411-0c0ed5,2026-09-30T21:29:11,final,test,breakfast_box,breakfast_box/test/structural_anomalies/047,hf_assets/mvtec_loco/mvtec_loco_anomaly_detection/breakfast_box/test/structural_anomalies/047.png,structural_anomaly,1,structural,2,"['breakfast_box/train/good/271', 'breakfast_box/train/good/248']",0,none,1.0,True,sdpa,64,401408,Qwen/Qwen2.5-VL-3B-Instruct-AWQ,ok,,ANOMALOUS,1,ANOMALOUS,False,0.5809368123465309,-0.9490609169006348,-0.6224406370893121,56.24390000002677,593.2904999999664,2.271199999995588,828.374599999961,252.53399999996873,55.06369999989147,1480.1801999999498,1732.7141999999185,5,2.8856461152105957,3811.6455078125,7854.0,1500,1500,"[500, 500, 500]","[500, 500, 500]",1657,83.56434375,150.07410743553763,1
20260930-210411-0c0ed5,2026-09-30T21:29:12,final,test,breakfast_box,breakfast_box/test/structural_anomalies/047,hf_assets/mvtec_loco/mvtec_loco_anomaly_detection/breakfast_box/test/structural_anomalies/047.png,structural_anomaly,1,structural,2,"['breakfast_box/train/good/271', 'breakfast_box/train/good/248']",0,visionzip,0.75,True,sdpa,64,401408,Qwen/Qwen2.5-VL-3B-Instruct-AWQ,ok,,ANOMALOUS,1,ANOMALOUS,False,0.6221055675752124,-1.0555095672607422,-0.5570146434474736,57.123000000046886,593.6179999998785,23.073199999998906,571.1092999999892,248.04459999995743,62.17379999998229,1244.9234999999135,1492.968099999871,5,3.349033378543341,3629.35791015625,7854.0,1500,1125,"[500, 500, 500]","[375, 375, 375]",1282,77.57873563218388,121.31263846889439,1
20260930-210411-0c0ed5,2026-09-30T21:29:14,final,test,breakfast_box,breakfast_box/test/structural_anomalies/047,hf_assets/mvtec_loco/mvtec_loco_anomaly_detection/breakfast_box/test/structural_anomalies/047.png,structural_anomaly,1,structural,2,"['breakfast_box/train/good/271', 'breakfast_box/train/good/248']",0,visionzip,0.5,True,sdpa,64,401408,Qwen/Qwen2.5-VL-3B-Instruct-AWQ,ok,,ANOMALOUS,1,ANOMALOUS,False,0.6474576019035576,-1.122220754623413,-0.5143383361864835,53.27779999993254,588.0581000001257,22.819900000058624,370.29099999995196,263.0087000000003,68.97949999984121,1034.4468000000688,1297.4555000000692,5,3.8536967163804334,3531.3291015625,7854.0,1500,750,"[500, 500, 500]","[250, 250, 250]",907,74.25944444444445,102.046051293109,1
20260930-210411-0c0ed5,2026-09-30T21:29:15,final,test,breakfast_box,breakfast_box/test/structural_anomalies/047,hf_assets/mvtec_loco/mvtec_loco_anomaly_detection/breakfast_box/test/structural_anomalies/047.png,structural_anomaly,1,structural,2,"['breakfast_box/train/good/271', 'breakfast_box/train/good/248']",0,visionzip,0.25,True,sdpa,64,401408,Qwen/Qwen2.5-VL-3B-Instruct-AWQ,ok,,ANOMALOUS,1,ANOMALOUS,False,0.6221116164547364,-1.0642979145050049,-0.5657772605773062,58.51149999989502,608.2440000000133,23.555800000167437,201.84840000001714,249.8334000001705,71.25380000002224,892.1597000000929,1141.9931000002634,5,4.378310166671626,3531.3291015625,7854.0,1500,375,"[500, 500, 500]","[125, 125, 125]",532,71.09042647058821,86.81573544152249,1
20260930-210411-0c0ed5,2026-09-30T21:29:17,final,test,breakfast_box,breakfast_box/test/structural_anomalies/047,hf_assets/mvtec_loco/mvtec_loco_anomaly_detection/breakfast_box/test/structural_anomalies/047.png,structural_anomaly,1,structural,4,"['breakfast_box/train/good/271', 'breakfast_box/train/good/248', 'breakfast_box/train/good/267', 'breakfast_box/train/good/219']",0,none,1.0,True,sdpa,64,401408,Qwen/Qwen2.5-VL-3B-Instruct-AWQ,ok,,ANOMALOUS,1,ANOMALOUS,False,0.5153017418901886,-0.7846673130989075,-0.7234412265243009,87.34830000003058,1022.0827000000554,16.014700000141602,1648.2743999999911,228.70449999982156,54.89749999992455,2773.7201000002187,3002.4246000000403,5,1.6653207544329116,4561.287109375,7854.0,2500,2500,"[500, 500, 500, 500, 500]","[500, 500, 500, 500, 500]",2675,81.95516071428563,250.66048190386275,1
20260930-210411-0c0ed5,2026-09-30T21:29:20,final,test,breakfast_box,breakfast_box/test/structural_anomalies/047,hf_assets/mvtec_loco/mvtec_loco_anomaly_detection/breakfast_box/test/structural_anomalies/047.png,structural_anomaly,1,structural,4,"['breakfast_box/train/good/271', 'breakfast_box/train/good/248', 'breakfast_box/train/good/267', 'breakfast_box/train/good/219']",0,visionzip,0.75,True,sdpa,64,401408,Qwen/Qwen2.5-VL-3B-Instruct-AWQ,ok,,ANOMALOUS,1,ANOMALOUS,False,0.5152865442203122,-0.7840365767478943,-0.7228713377844542,87.9631000000245,1015.1270999999724,50.9841000000506,1164.8854000000028,232.38979999996445,62.076200000092285,2318.9597000000504,2551.349500000015,5,1.959747184774164,4086.39990234375,7854.0,2500,1875,"[500, 500, 500, 500, 500]","[375, 375, 375, 375, 375]",2050,78.99439041095881,206.55206742158364,1
20260930-210411-0c0ed5,2026-09-30T21:29:22,final,test,breakfast_box,breakfast_box/test/structural_anomalies/047,hf_assets/mvtec_loco/mvtec_loco_anomaly_detection/breakfast_box/test/structural_anomalies/047.png,structural_anomaly,1,structural,4,"['breakfast_box/train/good/271', 'breakfast_box/train/good/248', 'breakfast_box/train/good/267', 'breakfast_box/train/good/219']",0,visionzip,0.5,True,sdpa,64,401408,Qwen/Qwen2.5-VL-3B-Instruct-AWQ,ok,,ANOMALOUS,1,ANOMALOUS,False,0.6036246261953968,-0.9895655512809753,-0.5689747022697702,84.95079999988775,1021.7341000000033,49.85820000001695,638.6664000001474,245.42029999997794,58.96529999995437,1795.2095000000554,2040.6298000000334,5,2.450223945568137,3711.10546875,7854.0,2500,1250,"[500, 500, 500, 500, 500]","[250, 250, 250, 250, 250]",1425,77.93684800000005,163.72282507367797,1
20260930-210411-0c0ed5,2026-09-30T21:29:25,final,test,breakfast_box,breakfast_box/test/structural_anomalies/047,hf_assets/mvtec_loco/mvtec_loco_anomaly_detection/breakfast_box/test/structural_anomalies/047.png,structural_anomaly,1,structural,4,"['breakfast_box/train/good/271', 'breakfast_box/train/good/248', 'breakfast_box/train/good/267', 'breakfast_box/train/good/219']",0,visionzip,0.25,True,sdpa,64,401408,Qwen/Qwen2.5-VL-3B-Instruct-AWQ,ok,,ANOMALOUS,1,ANOMALOUS,False,0.6439488639975719,-1.1001288890838623,-0.5075839308556169,86.89409999988129,1011.884400000099,49.56579999998212,320.71640000003754,245.06829999995716,60.63419999986763,1469.0607,1714.1289999999572,5,2.916933322988016,3711.10546875,7854.0,2500,625,"[500, 500, 500, 500, 500]","[125, 125, 125, 125, 125]",800,74.40110526315782,132.13552221489354,1
20260930-210411-0c0ed5,2026-09-30T21:29:26,final,test,breakfast_box,breakfast_box/test/structural_anomalies/047,hf_assets/mvtec_loco/mvtec_loco_anomaly_detection/breakfast_box/test/structural_anomalies/047.png,structural_anomaly,1,structural,8,"['breakfast_box/train/good/271', 'breakfast_box/train/good/248', 'breakfast_box/train/good/267', 'breakfast_box/train/good/219', 'breakfast_box/train/good/145', 'breakfast_box/train/good/149', 'breakfast_box/train/good/056', 'breakfast_box/train/good/028']",0,none,1.0,True,sdpa,64,401408,Qwen/Qwen2.5-VL-3B-Instruct-AWQ,ok,,ANOMALOUS,1,ANOMALOUS,False,0.5270144150350402,-0.8026226758956909,-0.694459686987102,164.89959999989878,1839.0994999999748,5.147599999872909,9822.812099999965,275.67229999999654,58.9774000000034,11831.958799999711,12107.631099999708,5,0.4129626975503177,6854.44287109375,7854.0,4500,4500,"[500, 500, 500, 500, 500, 500, 500, 500, 500]","[500, 500, 500, 500, 500, 500, 500, 500, 500]",4711,57.12829429429424,696.7704114709909,1
20260930-210411-0c0ed5,2026-09-30T21:29:39,final,test,breakfast_box,breakfast_box/test/structural_anomalies/047,hf_assets/mvtec_loco/mvtec_loco_anomaly_detection/breakfast_box/test/structural_anomalies/047.png,structural_anomaly,1,structural,8,"['breakfast_box/train/good/271', 'breakfast_box/train/good/248', 'breakfast_box/train/good/267', 'breakfast_box/train/good/219', 'breakfast_box/train/good/145', 'breakfast_box/train/good/149', 'breakfast_box/train/good/056', 'breakfast_box/train/good/028']",0,visionzip,0.75,True,sdpa,64,401408,Qwen/Qwen2.5-VL-3B-Instruct-AWQ,ok,,ANOMALOUS,1,ANOMALOUS,False,0.5153170563321383,-0.7769399881362915,-0.7156525863101706,157.73030000013932,1826.8961999999647,89.82579999997142,2691.606899999897,237.8799999999046,61.82109999986096,4766.059199999972,5003.939199999877,5,0.9992127802032692,5478.0888671875,7854.0,4500,3375,"[500, 500, 500, 500, 500, 500, 500, 500, 500]","[375, 375, 375, 375, 375, 375, 375, 375, 375]",3586,82.1463917910448,416.2331631645937,1
20260930-210411-0c0ed5,2026-09-30T21:29:44,final,test,breakfast_box,breakfast_box/test/structural_anomalies/047,hf_assets/mvtec_loco/mvtec_loco_anomaly_detection/breakfast_box/test/structural_anomalies/047.png,structural_anomaly,1,structural,8,"['breakfast_box/train/good/271', 'breakfast_box/train/good/248', 'breakfast_box/train/good/267', 'breakfast_box/train/good/219', 'breakfast_box/train/good/145', 'breakfast_box/train/good/149', 'breakfast_box/train/good/056', 'breakfast_box/train/good/028']",0,visionzip,0.5,True,sdpa,64,401408,Qwen/Qwen2.5-VL-3B-Instruct-AWQ,ok,,ANOMALOUS,1,ANOMALOUS,False,0.5502937425041748,-0.8525212407112122,-0.6506636362755671,161.5435000001071,1812.9555999998956,81.10130000000026,1479.0305999999873,223.39850000003025,71.85810000009951,3534.6309999999903,3758.0295000000206,5,1.3304844999220928,4403.93701171875,7854.0,4500,2250,"[500, 500, 500, 500, 500, 500, 500, 500, 500]","[250, 250, 250, 250, 250, 250, 250, 250, 250]",2461,80.14062735849058,307.0226943432985,1
20260930-210411-0c0ed5,2026-09-30T21:29:47,final,test,breakfast_box,breakfast_box/test/structural_anomalies/047,hf_assets/mvtec_loco/mvtec_loco_anomaly_detection/breakfast_box/test/structural_anomalies/047.png,structural_anomaly,1,structural,8,"['breakfast_box/train/good/271', 'breakfast_box/train/good/248', 'breakfast_box/train/good/267', 'breakfast_box/train/good/219', 'breakfast_box/train/good/145', 'breakfast_box/train/good/149', 'breakfast_box/train/good/056', 'breakfast_box/train/good/028']",0,visionzip,0.25,True,sdpa,64,401408,Qwen/Qwen2.5-VL-3B-Instruct-AWQ,ok,,ANOMALOUS,1,ANOMALOUS,False,0.5998803015735492,-0.97484290599823,-0.5698765164706856,152.4807000000692,1817.941000000019,89.98249999990549,584.5598999999311,256.9435999998859,56.595199999947,2644.9640999999247,2901.9076999998106,5,1.723004491149159,4069.875,7854.0,4500,1125,"[500, 500, 500, 500, 500, 500, 500, 500, 500]","[125, 125, 125, 125, 125, 125, 125, 125, 125]",1336,75.75210179640705,224.2210550240261,1
20260930-210411-0c0ed5,2026-09-30T21:29:50,final,test,breakfast_box,breakfast_box/test/structural_anomalies/007,hf_assets/mvtec_loco/mvtec_loco_anomaly_detection/breakfast_box/test/structural_anomalies/007.png,structural_anomaly,1,structural,1,['breakfast_box/train/good/271'],0,visionzip,0.75,True,sdpa,64,401408,Qwen/Qwen2.5-VL-3B-Instruct-AWQ,ok,,ANOMALOUS,1,ANOMALOUS,False,0.7850827312625013,-1.617436408996582,-0.3219004641287029,39.65790000006564,371.81600000008075,15.735899999981484,367.68030000007457,230.22040000000743,56.0373000000709,794.8901000002024,1025.1105000002099,5,4.877522959718954,3468.9521484375,7854.0,1000,750,"[500, 500]","[375, 375]",898,69.38275409836068,75.73996975745146,1
20260930-210411-0c0ed5,2026-09-30T21:29:52,final,test,breakfast_box,breakfast_box/test/structural_anomalies/007,hf_assets/mvtec_loco/mvtec_loco_anomaly_detection/breakfast_box/test/structural_anomalies/007.png,structural_anomaly,1,structural,1,['breakfast_box/train/good/271'],0,visionzip,0.5,True,sdpa,64,401408,Qwen/Qwen2.5-VL-3B-Instruct-AWQ,ok,,ANOMALOUS,1,ANOMALOUS,False,0.7022176171459877,-1.299970269203186,-0.44208987813908607,40.56759999980386,383.8115999999445,16.574699999864606,249.2855000000418,250.34000000005108,60.48129999999219,690.2393999996548,940.5793999997059,5,5.31587232295494,3442.1181640625,7854.0,1000,500,"[500, 500]","[250, 250]",648,71.0927090909091,71.58197622414252,1
20260930-210411-0c0ed5,2026-09-30T21:29:53,final,test,breakfast_box,breakfast_box/test/structural_anomalies/007,hf_assets/mvtec_loco/mvtec_loco_anomaly_detection/breakfast_box/test/structural_anomalies/007.png,structural_anomaly,1,structural,1,['breakfast_box/train/good/271'],0,visionzip,0.25,True,sdpa,64,401408,Qwen/Qwen2.5-VL-3B-Instruct-AWQ,ok,,ANOMALOUS,1,ANOMALOUS,False,0.7458670749134546,-1.4626866579055786,-0.3859967145835981,37.68169999989368,373.56520000003,20.31570000008287,163.18660000001728,239.37999999998283,61.625300000059724,594.7492000000238,834.1292000000067,5,5.9942752273867885,3442.1181640625,7854.0,1000,250,"[500, 500]","[125, 125]",398,67.86098076923072,61.268741156073105,1
20260930-210411-0c0ed5,2026-09-30T21:29:54,final,test,breakfast_box,breakfast_box/test/structural_anomalies/007,hf_assets/mvtec_loco/mvtec_loco_anomaly_detection/breakfast_box/test/structural_anomalies/007.png,structural_anomaly,1,structural,2,"['breakfast_box/train/good/271', 'breakfast_box/train/good/248']",0,none,1.0,True,sdpa,64,401408,Qwen/Qwen2.5-VL-3B-Instruct-AWQ,ok,,ANOMALOUS,1,ANOMALOUS,False,0.7338885060385247,-1.4022986888885498,-0.38785694213584065,57.39169999992555,598.9266999999927,1.893299999892406,826.4700000001994,231.5429000000222,67.2380000000885,1484.68170000001,1716.2246000000323,5,2.9133715948366583,3811.6455078125,7854.0,1500,1500,"[500, 500, 500]","[500, 500, 500]",1657,74.62936363636359,133.72016239588388,1
20260930-210411-0c0ed5,2026-09-30T21:29:55,final,test,breakfast_box,breakfast_box/test/structural_anomalies/007,hf_assets/mvtec_loco/mvtec_loco_anomaly_detection/breakfast_box/test/structural_anomalies/007.png,structural_anomaly,1,structural,2,"['breakfast_box/train/good/271', 'breakfast_box/train/good/248']",0,visionzip,0.75,True,sdpa,64,401408,Qwen/Qwen2.5-VL-3B-Instruct-AWQ,ok,,ANOMALOUS,1,ANOMALOUS,False,0.7246233282849586,-1.3725619316101074,-0.4050498347496614,57.77560000001358,589.4487000000481,22.772700000132318,565.952199999856,252.94829999984358,54.23949999999422,1235.94920000005,1488.8974999998936,5,3.358189532859285,3629.35791015625,7854.0,1500,1125,"[500, 500, 500]","[375, 375, 375]",1282,78.24439560439563,121.36201045266905,1
20260930-210411-0c0ed5,2026-09-30T21:29:57,final,test,breakfast_box,breakfast_box/test/structural_anomalies/007,hf_assets/mvtec_loco/mvtec_loco_anomaly_detection/breakfast_box/test/structural_anomalies/007.png,structural_anomaly,1,structural,2,"['breakfast_box/train/good/271', 'breakfast_box/train/good/248']",0,visionzip,0.5,True,sdpa,64,401408,Qwen/Qwen2.5-VL-3B-Instruct-AWQ,ok,,ANOMALOUS,1,ANOMALOUS,False,0.658121141899727,-1.15549635887146,-0.5005637964932248,53.909299999986615,583.5798000000523,22.81370000014249,369.9775000000045,259.4073999998727,60.35620000011477,1030.280300000186,1289.6877000000586,5,3.876907564521064,3531.3291015625,7854.0,1500,750,"[500, 500, 500]","[250, 250, 250]",907,74.8823088235294,101.70547383805493,1
20260930-210411-0c0ed5,2026-09-30T21:29:58,final,test,breakfast_box,breakfast_box/test/structural_anomalies/007,hf_assets/mvtec_loco/mvtec_loco_anomaly_detection/breakfast_box/test/structural_anomalies/007.png,structural_anomaly,1,structural,2,"['breakfast_box/train/good/271', 'breakfast_box/train/good/248']",0,visionzip,0.25,True,sdpa,64,401408,Qwen/Qwen2.5-VL-3B-Instruct-AWQ,ok,,ANOMALOUS,1,ANOMALOUS,False,0.6754846240034212,-1.218729853630066,-0.48563237756025046,57.106399999838686,589.978500000143,23.69799999996758,202.57940000010421,237.3878999999306,59.01330000006055,873.3623000000534,1110.750199999984,5,4.501462164940481,3531.3291015625,7854.0,1500,375,"[500, 500, 500]","[125, 125, 125]",532,74.5538676470588,87.83218732431511,1
20260930-210411-0c0ed5,2026-09-30T21:30:00,final,test,breakfast_box,breakfast_box/test/structural_anomalies/007,hf_assets/mvtec_loco/mvtec_loco_anomaly_detection/breakfast_box/test/structural_anomalies/007.png,structural_anomaly,1,structural,4,"['breakfast_box/train/good/271', 'breakfast_box/train/good/248', 'breakfast_box/train/good/267', 'breakfast_box/train/good/219']",0,none,1.0,True,sdpa,64,401408,Qwen/Qwen2.5-VL-3B-Instruct-AWQ,ok,,ANOMALOUS,1,ANOMALOUS,False,0.7459469701599211,-1.4365170001983643,-0.3594055122230202,89.6712999999636,1002.893800000038,15.143999999963853,1647.9953000000478,256.187700000055,71.76490000006197,2755.7044000000133,3011.8921000000682,5,1.6600860303062936,4561.287109375,7854.0,2500,2500,"[500, 500, 500, 500, 500]","[500, 500, 500, 500, 500]",2675,80.34394642857146,247.84723950455648,1
20260930-210411-0c0ed5,2026-09-30T21:30:03,final,test,breakfast_box,breakfast_box/test/structural_anomalies/007,hf_assets/mvtec_loco/mvtec_loco_anomaly_detection/breakfast_box/test/structural_anomalies/007.png,structural_anomaly,1,structural,4,"['breakfast_box/train/good/271', 'breakfast_box/train/good/248', 'breakfast_box/train/good/267', 'breakfast_box/train/good/219']",0,visionzip,0.75,True,sdpa,64,401408,Qwen/Qwen2.5-VL-3B-Instruct-AWQ,ok,,ANOMALOUS,1,ANOMALOUS,False,0.6890807617618931,-1.2385125160217285,-0.4426872303010896,85.13800000014271,1019.4745999999668,52.52340000015465,1149.7386999999435,246.2011000000075,67.25319999986823,2306.8747000002077,2553.075800000215,5,1.958422072701319,4086.39990234375,7854.0,2500,1875,"[500, 500, 500, 500, 500]","[375, 375, 375, 375, 375]",2050,79.98950326797389,209.70110568544524,1
20260930-210411-0c0ed5,2026-09-30T21:30:05,final,test,breakfast_box,breakfast_box/test/structural_anomalies/007,hf_assets/mvtec_loco/mvtec_loco_anomaly_detection/breakfast_box/test/structural_anomalies/007.png,structural_anomaly,1,structural,4,"['breakfast_box/train/good/271', 'breakfast_box/train/good/248', 'breakfast_box/train/good/267', 'breakfast_box/train/good/219']",0,visionzip,0.5,True,sdpa,64,401408,Qwen/Qwen2.5-VL-3B-Instruct-AWQ,ok,,ANOMALOUS,1,ANOMALOUS,False,0.6616676978287038,-1.1540861129760742,-0.4833512051263824,88.32379999989826,1025.0372999998945,48.75640000000203,640.5706000000464,246.85629999999037,60.2928000000702,1802.6880999998411,2049.5443999998315,5,2.439566569038666,3711.10546875,7854.0,2500,1250,"[500, 500, 500, 500, 500]","[250, 250, 250, 250, 250]",1425,76.11868595041321,160.68507695068553,1
20260930-210411-0c0ed5,2026-09-30T21:30:07,final,test,breakfast_box,breakfast_box/test/structural_anomalies/007,hf_assets/mvtec_loco/mvtec_loco_anomaly_detection/breakfast_box/test/structural_anomalies/007.png,structural_anomaly,1,structural,4,"['breakfast_box/train/good/271', 'breakfast_box/train/good/248', 'breakfast_box/train/good/267', 'breakfast_box/train/good/219']",0,visionzip,0.25,True,sdpa,64,401408,Qwen/Qwen2.5-VL-3B-Instruct-AWQ,ok,,ANOMALOUS,1,ANOMALOUS,False,0.6857236579265955,-1.2284550666809082,-0.44825302029494196,87.40089999992051,1017.4762000001465,51.77729999991243,319.2894000001161,254.97130000007928,58.50420000001577,1475.9438000000955,1730.9151000001748,5,2.888645433851432,3711.10546875,7854.0,2500,625,"[500, 500, 500, 500, 500]","[125, 125, 125, 125, 125]",800,74.74775490196073,133.8398915307371,1
20260930-210411-0c0ed5,2026-09-30T21:30:09,final,test,breakfast_box,breakfast_box/test/structural_anomalies/007,hf_assets/mvtec_loco/mvtec_loco_anomaly_detection/breakfast_box/test/structural_anomalies/007.png,structural_anomaly,1,structural,8,"['breakfast_box/train/good/271', 'breakfast_box/train/good/248', 'breakfast_box/train/good/267', 'breakfast_box/train/good/219', 'breakfast_box/train/good/145', 'breakfast_box/train/good/149', 'breakfast_box/train/good/056', 'breakfast_box/train/good/028']",0,none,1.0,True,sdpa,64,401408,Qwen/Qwen2.5-VL-3B-Instruct-AWQ,ok,,ANOMALOUS,1,ANOMALOUS,False,0.7744094118546881,-1.5543465614318848,-0.32096767134498805,154.24110000003566,1803.7282000000232,3.931199999897217,9818.463900000097,273.0229999999665,57.1201000000201,11780.364400000053,12053.38740000002,5,0.4148211481197387,6854.44287109375,7854.0,4500,4500,"[500, 500, 500, 500, 500, 500, 500, 500, 500]","[500, 500, 500, 500, 500, 500, 500, 500, 500]",4711,57.96502798232704,703.24201407056,1
20260930-210411-0c0ed5,2026-09-30T21:30:21,final,test,breakfast_box,breakfast_box/test/structural_anomalies/007,hf_assets/mvtec_loco/mvtec_loco_anomaly_detection/breakfast_box/test/structural_anomalies/007.png,structural_anomaly,1,structural,8,"['breakfast_box/train/good/271', 'breakfast_box/train/good/248', 'breakfast_box/train/good/267', 'breakfast_box/train/good/219', 'breakfast_box/train/good/145', 'breakfast_box/train/good/149', 'breakfast_box/train/good/056', 'breakfast_box/train/good/028']",0,visionzip,0.75,True,sdpa,64,401408,Qwen/Qwen2.5-VL-3B-Instruct-AWQ,ok,,ANOMALOUS,1,ANOMALOUS,False,0.6789478685392567,-1.2017616033554077,-0.4528207688126713,160.9456000001046,1819.312200000013,84.86640000000989,2695.2264999999898,252.23819999996522,56.51509999984228,4760.350700000117,5012.5889000000825,5,0.9974885432954451,5478.0888671875,7854.0,4500,3375,"[500, 500, 500, 500, 500, 500, 500, 500, 500]","[375, 375, 375, 375, 375, 375, 375, 375, 375]",3586,79.95839068100355,405.4398543099642,1
20260930-210411-0c0ed5,2026-09-30T21:30:27,final,test,breakfast_box,breakfast_box/test/structural_anomalies/007,hf_assets/mvtec_loco/mvtec_loco_anomaly_detection/breakfast_box/test/structural_anomalies/007.png,structural_anomaly,1,structural,8,"['breakfast_box/train/good/271', 'breakfast_box/train/good/248', 'breakfast_box/train/good/267', 'breakfast_box/train/good/219', 'breakfast_box/train/good/145', 'breakfast_box/train/good/149', 'breakfast_box/train/good/056', 'breakfast_box/train/good/028']",0,visionzip,0.5,True,sdpa,64,401408,Qwen/Qwen2.5-VL-3B-Instruct-AWQ,ok,,ANOMALOUS,1,ANOMALOUS,False,0.592390944773278,-0.9611438512802124,-0.587285571731627,153.347199999871,1805.7286000000659,87.86850000001323,1496.3513000000148,232.1553000001586,56.81869999989431,3543.295599999965,3775.4509000001235,5,1.3243451265648394,4403.93701171875,7854.0,4500,2250,"[500, 500, 500, 500, 500, 500, 500, 500, 500]","[250, 250, 250, 250, 250, 250, 250, 250, 250]",2461,78.19983902439019,299.78188245423183,1
20260930-210411-0c0ed5,2026-09-30T21:30:30,final,test,breakfast_box,breakfast_box/test/structural_anomalies/007,hf_assets/mvtec_loco/mvtec_loco_anomaly_detection/breakfast_box/test/structural_anomalies/007.png,structural_anomaly,1,structural,8,"['breakfast_box/train/good/271', 'breakfast_box/train/good/248', 'breakfast_box/train/good/267', 'breakfast_box/train/good/219', 'breakfast_box/train/good/145', 'breakfast_box/train/good/149', 'breakfast_box/train/good/056', 'breakfast_box/train/good/028']",0,visionzip,0.25,True,sdpa,64,401408,Qwen/Qwen2.5-VL-3B-Instruct-AWQ,ok,,ANOMALOUS,1,ANOMALOUS,False,0.6616675957993025,-1.1494449377059937,-0.4787104856222868,160.67929999985608,1794.743900000185,93.51059999994504,582.0224999999937,235.3381000000354,66.60270000020319,2630.95629999998,2866.2944000000152,5,1.7444125767401888,4069.875,7854.0,4500,1125,"[500, 500, 500, 500, 500, 500, 500, 500, 500]","[125, 125, 125, 125, 125, 125, 125, 125, 125]",1336,77.86347093023255,228.46620219608587,1
20260930-210411-0c0ed5,2026-09-30T21:30:33,final,test,breakfast_box,breakfast_box/test/structural_anomalies/007,hf_assets/mvtec_loco/mvtec_loco_anomaly_detection/breakfast_box/test/structural_anomalies/007.png,structural_anomaly,1,structural,1,['breakfast_box/train/good/271'],0,none,1.0,True,sdpa,64,401408,Qwen/Qwen2.5-VL-3B-Instruct-AWQ,ok,,ANOMALOUS,1,ANOMALOUS,False,0.6889785942404358,-1.2480047941207886,-0.45265633007511497,33.72859999990396,375.369899999896,1.606899999842426,457.27609999994456,230.3838000000269,54.907400000047346,867.981499999587,1098.3652999996139,5,4.552219557556814,3557.0205078125,7854.0,1000,1000,"[500, 500]","[500, 500]",1148,79.4107424242424,92.40204606509204,1
20260930-210411-0c0ed5,2026-09-30T21:30:35,final,test,breakfast_box,breakfast_box/test/structural_anomalies/087,hf_assets/mvtec_loco/mvtec_loco_anomaly_detection/breakfast_box/test/structural_anomalies/087.png,structural_anomaly,1,structural,1,['breakfast_box/train/good/271'],0,visionzip,0.5,True,sdpa,64,401408,Qwen/Qwen2.5-VL-3B-Instruct-AWQ,ok,,ANOMALOUS,1,ANOMALOUS,False,0.7276991784092658,-1.389646291732788,-0.4066659623058513,38.187699999980396,378.2846999999947,15.300799999977244,250.56739999990896,243.4657999999672,54.54850000000988,682.3405999998613,925.8063999998285,5,5.400697165196661,3442.1181640625,7854.0,1000,500,"[500, 500]","[250, 250]",648,69.43049090909086,68.49631754000094,1
20260930-210411-0c0ed5,2026-09-30T21:30:36,final,test,breakfast_box,breakfast_box/test/structural_anomalies/087,hf_assets/mvtec_loco/mvtec_loco_anomaly_detection/breakfast_box/test/structural_anomalies/087.png,structural_anomaly,1,structural,1,['breakfast_box/train/good/271'],0,visionzip,0.25,True,sdpa,64,401408,Qwen/Qwen2.5-VL-3B-Instruct-AWQ,ok,,ANOMALOUS,1,ANOMALOUS,False,0.7399008859814938,-1.4478988647460938,-0.40244539151899517,36.64329999992333,379.16709999990417,15.321399999947971,161.72339999980068,242.71229999999377,60.296299999890834,592.8551999995761,835.5674999995699,5,5.983957011255911,3442.1181640625,7854.0,1000,250,"[500, 500]","[125, 125]",398,71.38631914893618,64.36223372174379,1
20260930-210411-0c0ed5,2026-09-30T21:30:36,final,test,breakfast_box,breakfast_box/test/structural_anomalies/087,hf_assets/mvtec_loco/mvtec_loco_anomaly_detection/breakfast_box/test/structural_anomalies/087.png,structural_anomaly,1,structural,2,"['breakfast_box/train/good/271', 'breakfast_box/train/good/248']",0,none,1.0,True,sdpa,64,401408,Qwen/Qwen2.5-VL-3B-Instruct-AWQ,ok,,ANOMALOUS,1,ANOMALOUS,False,0.5923653779101186,-0.9724624156951904,-0.5987100178608671,57.34179999990374,592.3792000000958,8.96710000006351,827.7296000001115,235.1231000000098,59.908299999960946,1486.4177000001746,1721.5408000001844,5,2.904374964566314,3811.6455078125,7854.0,1500,1500,"[500, 500, 500]","[500, 500, 500]",1657,81.19004901960788,144.7370538419985,1
20260930-210411-0c0ed5,2026-09-30T21:30:38,final,test,breakfast_box,breakfast_box/test/structural_anomalies/087,hf_assets/mvtec_loco/mvtec_loco_anomaly_detection/breakfast_box/test/structural_anomalies/087.png,structural_anomaly,1,structural,2,"['breakfast_box/train/good/271', 'breakfast_box/train/good/248']",0,visionzip,0.75,True,sdpa,64,401408,Qwen/Qwen2.5-VL-3B-Instruct-AWQ,ok,,ANOMALOUS,1,ANOMALOUS,False,0.6789291990475768,-1.2182074785232544,-0.46935229131486267,55.17890000010084,596.6502999999648,23.054200000160563,568.3425999998235,258.83440000006885,63.40139999997518,1243.2260000000497,1502.0604000001185,5,3.328760947295865,3629.35791015625,7854.0,1500,1125,"[500, 500, 500]","[375, 375, 375]",1282,74.02608045977007,116.57485760990548,1
20260930-210411-0c0ed5,2026-09-30T21:30:40,final,test,breakfast_box,breakfast_box/test/structural_anomalies/087,hf_assets/mvtec_loco/mvtec_loco_anomaly_detection/breakfast_box/test/structural_anomalies/087.png,structural_anomaly,1,structural,2,"['breakfast_box/train/good/271', 'breakfast_box/train/good/248']",0,visionzip,0.5,True,sdpa,64,401408,Qwen/Qwen2.5-VL-3B-Instruct-AWQ,ok,,ANOMALOUS,1,ANOMALOUS,False,0.6823068538660167,-1.225904941558838,-0.4615114202024415,55.42140000011386,595.2366999999867,22.992400000021007,370.66009999989546,270.3089000001455,72.25190000008297,1044.310600000017,1314.6195000001626,5,3.8033818911094666,3531.3291015625,7854.0,1500,750,"[500, 500, 500]","[250, 250, 250]",907,75.43883544303786,105.34618456025943,1
20260930-210411-0c0ed5,2026-09-30T21:30:41,final,test,breakfast_box,breakfast_box/test/structural_anomalies/087,hf_assets/mvtec_loco/mvtec_loco_anomaly_detection/breakfast_box/test/structural_anomalies/087.png,structural_anomaly,1,structural,2,"['breakfast_box/train/good/271', 'breakfast_box/train/good/248']",0,visionzip,0.25,True,sdpa,64,401408,Qwen/Qwen2.5-VL-3B-Instruct-AWQ,ok,,ANOMALOUS,1,ANOMALOUS,False,0.592344601220496,-0.9852564930915833,-0.6115901375887915,56.15489999991041,596.6344999999365,24.426899999980378,203.31229999987954,240.21110000012413,60.70169999998143,880.5285999997068,1120.739699999831,5,4.46133923871953,3531.3291015625,7854.0,1500,375,"[500, 500, 500]","[125, 125, 125]",532,71.7765633802817,85.54390398209922,1
20260930-210411-0c0ed5,2026-09-30T21:30:42,final,test,breakfast_box,breakfast_box/test/structural_anomalies/087,hf_assets/mvtec_loco/mvtec_loco_anomaly_detection/breakfast_box/test/structural_anomalies/087.png,structural_anomaly,1,structural,4,"['breakfast_box/train/good/271', 'breakfast_box/train/good/248', 'breakfast_box/train/good/267', 'breakfast_box/train/good/219']",0,none,1.0,True,sdpa,64,401408,Qwen/Qwen2.5-VL-3B-Instruct-AWQ,ok,,ANOMALOUS,1,ANOMALOUS,False,0.5580670249102149,-0.878555178642273,-0.6452343376586214,85.17559999995683,1015.0610000000597,14.903500000173153,1652.731700000004,260.5588000001262,67.52430000005916,2767.8718000001936,3028.43060000032,5,1.6510201686640835,4561.287109375,7854.0,2500,2500,"[500, 500, 500, 500, 500]","[500, 500, 500, 500, 500]",2675,80.47091566265063,249.22232864664088,1
20260930-210411-0c0ed5,2026-09-30T21:30:46,final,test,breakfast_box,breakfast_box/test/structural_anomalies/087,hf_assets/mvtec_loco/mvtec_loco_anomaly_detection/breakfast_box/test/structural_anomalies/087.png,structural_anomaly,1,structural,4,"['breakfast_box/train/good/271', 'breakfast_box/train/good/248', 'breakfast_box/train/good/267', 'breakfast_box/train/good/219']",0,visionzip,0.75,True,sdpa,64,401408,Qwen/Qwen2.5-VL-3B-Instruct-AWQ,ok,,ANOMALOUS,1,ANOMALOUS,False,0.6404161476580623,-1.0883359909057617,-0.5111651922343299,84.21419999990576,1014.6219000000656,49.33159999995951,1147.935999999845,257.9829000001155,55.09010000014314,2296.103699999776,2554.0865999998914,5,1.9576470116558353,4086.39990234375,7854.0,2500,1875,"[500, 500, 500, 500, 500]","[375, 375, 375, 375, 375]",2050,79.7304840764331,208.12108056333292,1
20260930-210411-0c0ed5,2026-09-30T21:30:48,final,test,breakfast_box,breakfast_box/test/structural_anomalies/087,hf_assets/mvtec_loco/mvtec_loco_anomaly_detection/breakfast_box/test/structural_anomalies/087.png,structural_anomaly,1,structural,4,"['breakfast_box/train/good/271', 'breakfast_box/train/good/248', 'breakfast_box/train/good/267', 'breakfast_box/train/good/219']",0,visionzip,0.5,True,sdpa,64,401408,Qwen/Qwen2.5-VL-3B-Instruct-AWQ,ok,,ANOMALOUS,1,ANOMALOUS,False,0.6616955832947099,-1.1469013690948486,-0.4760418941732496,97.76729999998679,1006.8625000001248,47.550900000032925,638.8832999998613,268.5233999998218,62.31870000010531,1791.0640000000058,2059.5873999998275,5,2.427670707249626,3711.10546875,7854.0,2500,1250,"[500, 500, 500, 500, 500]","[250, 250, 250, 250, 250]",1425,75.50139830508469,160.30832885098684,1
20260930-210411-0c0ed5,2026-09-30T21:30:50,final,test,breakfast_box,breakfast_box/test/structural_anomalies/087,hf_assets/mvtec_loco/mvtec_loco_anomaly_detection/breakfast_box/test/structural_anomalies/087.png,structural_anomaly,1,structural,4,"['breakfast_box/train/good/271', 'breakfast_box/train/good/248', 'breakfast_box/train/good/267', 'breakfast_box/train/good/219']",0,visionzip,0.25,True,sdpa,64,401408,Qwen/Qwen2.5-VL-3B-Instruct-AWQ,ok,,ANOMALOUS,1,ANOMALOUS,False,0.6404000384567693,-1.087100625038147,-0.5099997795186937,91.24550000001364,1012.7215999998498,51.11680000004526,321.88640000003943,233.35550000001604,63.39360000015404,1476.970299999948,1710.3257999999641,5,2.9234196198175253,3711.10546875,7854.0,2500,625,"[500, 500, 500, 500, 500]","[125, 125, 125, 125, 125]",800,75.11582692307698,133.32073008037483,1
20260930-210411-0c0ed5,2026-09-30T21:30:52,final,test,breakfast_box,breakfast_box/test/structural_anomalies/087,hf_assets/mvtec_loco/mvtec_loco_anomaly_detection/breakfast_box/test/structural_anomalies/087.png,structural_anomaly,1,structural,8,"['breakfast_box/train/good/271', 'breakfast_box/train/good/248', 'breakfast_box/train/good/267', 'breakfast_box/train/good/219', 'breakfast_box/train/good/145', 'breakfast_box/train/good/149', 'breakfast_box/train/good/056', 'breakfast_box/train/good/028']",0,none,1.0,True,sdpa,64,401408,Qwen/Qwen2.5-VL-3B-Instruct-AWQ,ok,,ANOMALOUS,1,ANOMALOUS,False,0.5772444107784144,-0.9173551797866821,-0.6058836228912696,161.961200000178,1829.7997999998188,5.839400000013484,9823.83219999997,272.98610000002554,56.70620000000781,11821.43259999998,12094.418700000006,5,0.4134138336057439,6854.44287109375,7854.0,4500,4500,"[500, 500, 500, 500, 500, 500, 500, 500, 500]","[500, 500, 500, 500, 500, 500, 500, 500, 500]",4711,57.69670995670996,702.308811228425,1
20260930-210411-0c0ed5,2026-09-30T21:31:04,final,test,breakfast_box,breakfast_box/test/structural_anomalies/087,hf_assets/mvtec_loco/mvtec_loco_anomaly_detection/breakfast_box/test/structural_anomalies/087.png,structural_anomaly,1,structural,8,"['breakfast_box/train/good/271', 'breakfast_box/train/good/248', 'breakfast_box/train/good/267', 'breakfast_box/train/good/219', 'breakfast_box/train/good/145', 'breakfast_box/train/good/149', 'breakfast_box/train/good/056', 'breakfast_box/train/good/028']",0,visionzip,0.75,True,sdpa,64,401408,Qwen/Qwen2.5-VL-3B-Instruct-AWQ,ok,,ANOMALOUS,1,ANOMALOUS,False,0.6440161950861701,-1.0920581817626953,-0.4992195463273674,159.50900000007096,1820.9208999999191,94.67080000013084,2683.9884999999413,244.75680000000466,55.05279999988488,4759.089200000062,5003.846000000067,5,0.999231391213865,5478.0888671875,7854.0,4500,3375,"[500, 500, 500, 500, 500, 500, 500, 500, 500]","[375, 375, 375, 375, 375, 375, 375, 375, 375]",3586,82.00662641509436,414.9605986315838,1
20260930-210411-0c0ed5,2026-09-30T21:31:09,final,test,breakfast_box,breakfast_box/test/structural_anomalies/087,hf_assets/mvtec_loco/mvtec_loco_anomaly_detection/breakfast_box/test/structural_anomalies/087.png,structural_anomaly,1,structural,8,"['breakfast_box/train/good/271', 'breakfast_box/train/good/248', 'breakfast_box/train/good/267', 'breakfast_box/train/good/219', 'breakfast_box/train/good/145', 'breakfast_box/train/good/149', 'breakfast_box/train/good/056', 'breakfast_box/train/good/028']",0,visionzip,0.5,True,sdpa,64,401408,Qwen/Qwen2.5-VL-3B-Instruct-AWQ,ok,,ANOMALOUS,1,ANOMALOUS,False,0.6074138896863116,-0.9901571273803711,-0.5537026100791991,149.04430000001412,1801.9773999999416,81.42850000012913,1487.0553999999174,232.1230000000014,52.869900000132475,3519.5056000000022,3751.6286000000036,5,1.3327545269273178,4403.93701171875,7854.0,4500,2250,"[500, 500, 500, 500, 500, 500, 500, 500, 500]","[250, 250, 250, 250, 250, 250, 250, 250, 250]",2461,77.65846634615403,295.538255467294,1
20260930-210411-0c0ed5,2026-09-30T21:31:13,final,test,breakfast_box,breakfast_box/test/structural_anomalies/087,hf_assets/mvtec_loco/mvtec_loco_anomaly_detection/breakfast_box/test/structural_anomalies/087.png,structural_anomaly,1,structural,8,"['breakfast_box/train/good/271', 'breakfast_box/train/good/248', 'breakfast_box/train/good/267', 'breakfast_box/train/good/219', 'breakfast_box/train/good/145', 'breakfast_box/train/good/149', 'breakfast_box/train/good/056', 'breakfast_box/train/good/028']",0,visionzip,0.25,True,sdpa,64,401408,Qwen/Qwen2.5-VL-3B-Instruct-AWQ,ok,,ANOMALOUS,1,ANOMALOUS,False,0.6222008633051906,-1.0287001132965088,-0.5297998113092035,152.09010000012313,1839.2094999999244,89.85039999993205,582.7457000000322,265.35760000001574,63.219000000117376,2663.895700000012,2929.2533000000276,5,1.7069196439925332,4069.875,7854.0,4500,1125,"[500, 500, 500, 500, 500, 500, 500, 500, 500]","[125, 125, 125, 125, 125, 125, 125, 125, 125]",1336,76.06841818181816,227.72276778260445,1
20260930-210411-0c0ed5,2026-09-30T21:31:16,final,test,breakfast_box,breakfast_box/test/structural_anomalies/087,hf_assets/mvtec_loco/mvtec_loco_anomaly_detection/breakfast_box/test/structural_anomalies/087.png,structural_anomaly,1,structural,1,['breakfast_box/train/good/271'],0,none,1.0,True,sdpa,64,401408,Qwen/Qwen2.5-VL-3B-Instruct-AWQ,ok,,ANOMALOUS,1,ANOMALOUS,False,0.675458806036218,-1.2058732509613037,-0.4728935523889959,39.31420000003527,380.01859999985754,1.6911000000163767,460.8952999999474,256.26469999997425,59.353500000042914,881.9191999998566,1138.1838999998308,5,4.392963210954524,3557.0205078125,7854.0,1000,1000,"[500, 500]","[500, 500]",1148,77.17270967741932,93.41257970747488,1
20260930-210411-0c0ed5,2026-09-30T21:31:17,final,test,breakfast_box,breakfast_box/test/structural_anomalies/087,hf_assets/mvtec_loco/mvtec_loco_anomaly_detection/breakfast_box/test/structural_anomalies/087.png,structural_anomaly,1,structural,1,['breakfast_box/train/good/271'],0,visionzip,0.75,True,sdpa,64,401408,Qwen/Qwen2.5-VL-3B-Instruct-AWQ,ok,,ANOMALOUS,1,ANOMALOUS,False,0.763263238640007,-1.5281450748443604,-0.3574909105664119,36.73419999995531,390.25310000010904,17.852599999969243,367.6636000000144,278.2815999999002,55.87340000010954,812.503500000048,1090.7850999999482,5,4.583854326576552,3468.9521484375,7854.0,1000,750,"[500, 500]","[375, 375]",898,74.98278787878787,86.41278165082086,1
20260930-210411-0c0ed5,2026-09-30T21:31:19,final,test,breakfast_box,breakfast_box/test/structural_anomalies/026,hf_assets/mvtec_loco/mvtec_loco_anomaly_detection/breakfast_box/test/structural_anomalies/026.png,structural_anomaly,1,structural,1,['breakfast_box/train/good/271'],0,visionzip,0.25,True,sdpa,64,401408,Qwen/Qwen2.5-VL-3B-Instruct-AWQ,ok,,ANOMALOUS,1,ANOMALOUS,False,0.9642872228297013,-3.3937463760375977,-0.09786570549476892,38.90419999993355,383.4961000000021,15.93759999991562,162.25069999995867,251.16620000017065,60.746199999812234,600.58859999981,851.7547999999806,5,5.870234015705123,3442.1181640625,7854.0,1000,250,"[500, 500]","[125, 125]",398,68.48421999999997,62.919418280723235,1
20260930-210411-0c0ed5,2026-09-30T21:31:20,final,test,breakfast_box,breakfast_box/test/structural_anomalies/026,hf_assets/mvtec_loco/mvtec_loco_anomaly_detection/breakfast_box/test/structural_anomalies/026.png,structural_anomaly,1,structural,2,"['breakfast_box/train/good/271', 'breakfast_box/train/good/248']",0,none,1.0,True,sdpa,64,401408,Qwen/Qwen2.5-VL-3B-Instruct-AWQ,ok,,ANOMALOUS,1,ANOMALOUS,False,0.9751840020747203,-3.734649419784546,-0.06351176934549585,58.70360000017172,591.8300000000727,2.040500000020984,823.436700000002,253.1096999998681,69.66450000004443,1476.0108000002674,1729.1205000001355,5,2.8916434684567145,3811.6455078125,7854.0,1500,1500,"[500, 500, 500]","[500, 500, 500]",1657,76.97480412371135,139.28341407820685,1
20260930-210411-0c0ed5,2026-09-30T21:31:21,final,test,breakfast_box,breakfast_box/test/structural_anomalies/026,hf_assets/mvtec_loco/mvtec_loco_anomaly_detection/breakfast_box/test/structural_anomalies/026.png,structural_anomaly,1,structural,2,"['breakfast_box/train/good/271', 'breakfast_box/train/good/248']",0,visionzip,0.75,True,sdpa,64,401408,Qwen/Qwen2.5-VL-3B-Instruct-AWQ,ok,,ANOMALOUS,1,ANOMALOUS,False,0.9723932327918096,-3.6331369876861572,-0.07143763592466712,58.35739999997713,597.1506000000772,23.327699999981633,568.6258000000635,247.6676999999654,57.49539999987974,1247.4615000000995,1495.1292000000649,5,3.3441925955293916,3629.35791015625,7854.0,1500,1125,"[500, 500, 500]","[375, 375, 375]",1282,76.56651648351647,119.70703202456227,1
20260930-210411-0c0ed5,2026-09-30T21:31:23,final,test,breakfast_box,breakfast_box/test/structural_anomalies/026,hf_assets/mvtec_loco/mvtec_loco_anomaly_detection/breakfast_box/test/structural_anomalies/026.png,structural_anomaly,1,structural,2,"['breakfast_box/train/good/271', 'breakfast_box/train/good/248']",0,visionzip,0.5,True,sdpa,64,401408,Qwen/Qwen2.5-VL-3B-Instruct-AWQ,ok,,ANOMALOUS,1,ANOMALOUS,False,0.9697592651443206,-3.542980432510376,-0.07512242387747392,52.83670000017082,590.7957999997961,23.137399999995978,373.89699999994264,230.23239999997713,57.10500000009233,1040.6668999999056,1270.8992999998827,5,3.9342220111384605,3531.3291015625,7854.0,1500,750,"[500, 500, 500]","[250, 250, 250]",907,75.3854225352112,100.83936322402407,1
20260930-210411-0c0ed5,2026-09-30T21:31:24,final,test,breakfast_box,breakfast_box/test/structural_anomalies/026,hf_assets/mvtec_loco/mvtec_loco_anomaly_detection/breakfast_box/test/structural_anomalies/026.png,structural_anomaly,1,structural,2,"['breakfast_box/train/good/271', 'breakfast_box/train/good/248']",0,visionzip,0.25,True,sdpa,64,401408,Qwen/Qwen2.5-VL-3B-Instruct-AWQ,ok,,ANOMALOUS,1,ANOMALOUS,False,0.9702126383967709,-3.5601601600646973,-0.07672909402754158,60.726800000111325,589.1163999999662,25.174999999990177,202.18670000008387,248.25890000010986,58.979600000157006,877.2049000001516,1125.4638000002615,5,4.442612903230507,3531.3291015625,7854.0,1500,375,"[500, 500, 500]","[125, 125, 125]",532,67.54698550724635,80.73613559570714,1
20260930-210411-0c0ed5,2026-09-30T21:31:26,final,test,breakfast_box,breakfast_box/test/structural_anomalies/026,hf_assets/mvtec_loco/mvtec_loco_anomaly_detection/breakfast_box/test/structural_anomalies/026.png,structural_anomaly,1,structural,4,"['breakfast_box/train/good/271', 'breakfast_box/train/good/248', 'breakfast_box/train/good/267', 'breakfast_box/train/good/219']",0,none,1.0,True,sdpa,64,401408,Qwen/Qwen2.5-VL-3B-Instruct-AWQ,ok,,ANOMALOUS,1,ANOMALOUS,False,0.9852628291159773,-4.249862194061279,-0.047326690633781254,95.74909999992087,1007.1745000000192,15.77169999995931,1645.0104000000465,220.90229999980693,56.725899999946705,2763.705699999946,2984.607999999753,5,1.6752618769367416,4561.287109375,7854.0,2500,2500,"[500, 500, 500, 500, 500]","[500, 500, 500, 500, 500]",2675,82.6969197530864,251.59458640073345,1
20260930-210411-0c0ed5,2026-09-30T21:31:29,final,test,breakfast_box,breakfast_box/test/structural_anomalies/026,hf_assets/mvtec_loco/mvtec_loco_anomaly_detection/breakfast_box/test/structural_anomalies/026.png,structural_anomaly,1,structural,4,"['breakfast_box/train/good/271', 'breakfast_box/train/good/248', 'breakfast_box/train/good/267', 'breakfast_box/train/good/219']",0,visionzip,0.75,True,sdpa,64,401408,Qwen/Qwen2.5-VL-3B-Instruct-AWQ,ok,,ANOMALOUS,1,ANOMALOUS,False,0.9822765284864466,-4.070174694061279,-0.05519166344311088,91.14079999994829,1014.1556999999466,52.18769999987671,1151.8627000000379,253.77259999982016,62.61359999984961,2309.3468999998095,2563.1194999996296,5,1.9507479069940838,4086.39990234375,7854.0,2500,1875,"[500, 500, 500, 500, 500]","[375, 375, 375, 375, 375]",2050,78.65514666666668,206.71512473003764,1
20260930-210411-0c0ed5,2026-09-30T21:31:31,final,test,breakfast_box,breakfast_box/test/structural_anomalies/026,hf_assets/mvtec_loco/mvtec_loco_anomaly_detection/breakfast_box/test/structural_anomalies/026.png,structural_anomaly,1,structural,4,"['breakfast_box/train/good/271', 'breakfast_box/train/good/248', 'breakfast_box/train/good/267', 'breakfast_box/train/good/219']",0,visionzip,0.5,True,sdpa,64,401408,Qwen/Qwen2.5-VL-3B-Instruct-AWQ,ok,,ANOMALOUS,1,ANOMALOUS,False,0.979962420981818,-3.946746587753296,-0.05684182420372963,88.91990000006444,1029.2068999999628,52.27439999998751,638.8240999999653,286.32200000015473,62.351799999987634,1809.22529999998,2095.547300000135,5,2.3860115207133137,3711.10546875,7854.0,2500,1250,"[500, 500, 500, 500, 500]","[250, 250, 250, 250, 250]",1425,75.91299193548399,163.89502607642632,1
20260930-210411-0c0ed5,2026-09-30T21:31:33,final,test,breakfast_box,breakfast_box/test/structural_anomalies/026,hf_assets/mvtec_loco/mvtec_loco_anomaly_detection/breakfast_box/test/structural_anomalies/026.png,structural_anomaly,1,structural,4,"['breakfast_box/train/good/271', 'breakfast_box/train/good/248', 'breakfast_box/train/good/267', 'breakfast_box/train/good/219']",0,visionzip,0.25,True,sdpa,64,401408,Qwen/Qwen2.5-VL-3B-Instruct-AWQ,ok,,ANOMALOUS,1,ANOMALOUS,False,0.9822745145661425,-4.0685648918151855,-0.05369753512786701,92.66370000000279,1023.2451000001674,49.742000000151165,319.88030000002254,255.341000000044,70.81419999985883,1485.531100000344,1740.872100000388,5,2.872123690188892,3711.10546875,7854.0,2500,625,"[500, 500, 500, 500, 500]","[125, 125, 125, 125, 125]",800,74.03370754716987,134.21327270328214,1
20260930-210411-0c0ed5,2026-09-30T21:31:35,final,test,breakfast_box,breakfast_box/test/structural_anomalies/026,hf_assets/mvtec_loco/mvtec_loco_anomaly_detection/breakfast_box/test/structural_anomalies/026.png,structural_anomaly,1,structural,8,"['breakfast_box/train/good/271', 'breakfast_box/train/good/248', 'breakfast_box/train/good/267', 'breakfast_box/train/good/219', 'breakfast_box/train/good/145', 'breakfast_box/train/good/149', 'breakfast_box/train/good/056', 'breakfast_box/train/good/028']",0,none,1.0,True,sdpa,64,401408,Qwen/Qwen2.5-VL-3B-Instruct-AWQ,ok,,ANOMALOUS,1,ANOMALOUS,False,0.9877521819250991,-4.4344706535339355,-0.04438662005122751,157.7215999998316,1827.1138999998584,3.761200000099052,9800.48510000006,271.98070000008556,61.69769999996788,11789.081799999849,12061.062499999935,5,0.41455717520741037,6854.44287109375,7854.0,4500,4500,"[500, 500, 500, 500, 500, 500, 500, 500, 500]","[500, 500, 500, 500, 500, 500, 500, 500, 500]",4711,57.03738746438753,693.0108740292558,1
20260930-210411-0c0ed5,2026-09-30T21:31:47,final,test,breakfast_box,breakfast_box/test/structural_anomalies/026,hf_assets/mvtec_loco/mvtec_loco_anomaly_detection/breakfast_box/test/structural_anomalies/026.png,structural_anomaly,1,structural,8,"['breakfast_box/train/good/271', 'breakfast_box/train/good/248', 'breakfast_box/train/good/267', 'breakfast_box/train/good/219', 'breakfast_box/train/good/145', 'breakfast_box/train/good/149', 'breakfast_box/train/good/056', 'breakfast_box/train/good/028']",0,visionzip,0.75,True,sdpa,64,401408,Qwen/Qwen2.5-VL-3B-Instruct-AWQ,ok,,ANOMALOUS,1,ANOMALOUS,False,0.9828127117865972,-4.101820945739746,-0.055572424142155796,156.95389999996223,1811.2230000001546,83.04449999991448,2682.7786999999716,248.3254000001125,59.43210000009458,4734.000100000003,4982.325500000115,5,1.0035474398450852,5478.0888671875,7854.0,4500,3375,"[500, 500, 500, 500, 500, 500, 500, 500, 500]","[375, 375, 375, 375, 375, 375, 375, 375, 375]",3586,82.18273144876323,414.4515991778833,1
20260930-210411-0c0ed5,2026-09-30T21:31:53,final,test,breakfast_box,breakfast_box/test/structural_anomalies/026,hf_assets/mvtec_loco/mvtec_loco_anomaly_detection/breakfast_box/test/structural_anomalies/026.png,structural_anomaly,1,structural,8,"['breakfast_box/train/good/271', 'breakfast_box/train/good/248', 'breakfast_box/train/good/267', 'breakfast_box/train/good/219', 'breakfast_box/train/good/145', 'breakfast_box/train/good/149', 'breakfast_box/train/good/056', 'breakfast_box/train/good/028']",0,visionzip,0.5,True,sdpa,64,401408,Qwen/Qwen2.5-VL-3B-Instruct-AWQ,ok,,ANOMALOUS,1,ANOMALOUS,False,0.9776982896919538,-3.842898368835449,-0.06236061459640041,157.2940999999446,1817.3051999999643,89.62380000002668,1473.8113999999314,252.3438000000624,67.6452000000154,3538.034499999867,3790.3782999999294,5,1.319129544404603,4403.93701171875,7854.0,4500,2250,"[500, 500, 500, 500, 500, 500, 500, 500, 500]","[250, 250, 250, 250, 250, 250, 250, 250, 250]",2461,80.99836725663722,312.5839742160726,1
20260930-210411-0c0ed5,2026-09-30T21:31:56,final,test,breakfast_box,breakfast_box/test/structural_anomalies/026,hf_assets/mvtec_loco/mvtec_loco_anomaly_detection/breakfast_box/test/structural_anomalies/026.png,structural_anomaly,1,structural,8,"['breakfast_box/train/good/271', 'breakfast_box/train/good/248', 'breakfast_box/train/good/267', 'breakfast_box/train/good/219', 'breakfast_box/train/good/145', 'breakfast_box/train/good/149', 'breakfast_box/train/good/056', 'breakfast_box/train/good/028']",0,visionzip,0.25,True,sdpa,64,401408,Qwen/Qwen2.5-VL-3B-Instruct-AWQ,ok,,ANOMALOUS,1,ANOMALOUS,False,0.9854857668452918,-4.269025802612305,-0.05102088354760781,154.74729999982628,1809.050900000102,82.1134999998776,580.1728000001276,230.08809999987534,54.0545999999722,2626.0844999999335,2856.172599999809,5,1.7505944843810681,4069.875,7854.0,4500,1125,"[500, 500, 500, 500, 500, 500, 500, 500, 500]","[125, 125, 125, 125, 125, 125, 125, 125, 125]",1336,78.92377456647408,229.77615171204957,1
20260930-210411-0c0ed5,2026-09-30T21:31:59,final,test,breakfast_box,breakfast_box/test/structural_anomalies/026,hf_assets/mvtec_loco/mvtec_loco_anomaly_detection/breakfast_box/test/structural_anomalies/026.png,structural_anomaly,1,structural,1,['breakfast_box/train/good/271'],0,none,1.0,True,sdpa,64,401408,Qwen/Qwen2.5-VL-3B-Instruct-AWQ,ok,,ANOMALOUS,1,ANOMALOUS,False,0.9780324805727845,-3.8590660095214844,-0.0630881015677005,39.012499999898864,374.90550000006806,1.6912999999476597,457.0816000000377,227.66349999983504,61.232900000049995,872.6908999999523,1100.3543999997873,5,4.543990554316833,3557.0205078125,7854.0,1000,1000,"[500, 500]","[500, 500]",1148,81.49629850746271,95.52670125849518,1
20260930-210411-0c0ed5,2026-09-30T21:32:00,final,test,breakfast_box,breakfast_box/test/structural_anomalies/026,hf_assets/mvtec_loco/mvtec_loco_anomaly_detection/breakfast_box/test/structural_anomalies/026.png,structural_anomaly,1,structural,1,['breakfast_box/train/good/271'],0,visionzip,0.75,True,sdpa,64,401408,Qwen/Qwen2.5-VL-3B-Instruct-AWQ,ok,,ANOMALOUS,1,ANOMALOUS,False,0.9762909056023567,-3.7868995666503906,-0.06899767002323642,38.9625000000251,374.40110000011373,15.383499999870764,367.5284000000829,227.33030000017607,59.59120000011353,796.2755000000925,1023.6058000002686,5,4.884692915963048,3468.9521484375,7854.0,1000,750,"[500, 500]","[375, 375]",898,76.14261904761902,83.02608693755145,1
20260930-210411-0c0ed5,2026-09-30T21:32:02,final,test,breakfast_box,breakfast_box/test/structural_anomalies/026,hf_assets/mvtec_loco/mvtec_loco_anomaly_detection/breakfast_box/test/structural_anomalies/026.png,structural_anomaly,1,structural,1,['breakfast_box/train/good/271'],0,visionzip,0.5,True,sdpa,64,401408,Qwen/Qwen2.5-VL-3B-Instruct-AWQ,ok,,ANOMALOUS,1,ANOMALOUS,False,0.9719667079903275,-3.6252965927124023,-0.0793678440968506,38.56919999998354,371.9883999999638,15.156500000102824,249.1775000000871,219.68040000001565,56.50800000012168,674.8916000001373,894.5720000001529,5,5.589265034004133,3442.1181640625,7854.0,1000,500,"[500, 500]","[250, 250]",648,74.36692156862743,71.1485517405839,1
20260930-210411-0c0ed5,2026-09-30T21:32:03,final,test,breakfast_box,breakfast_box/test/structural_anomalies/071,hf_assets/mvtec_loco/mvtec_loco_anomaly_detection/breakfast_box/test/structural_anomalies/071.png,structural_anomaly,1,structural,2,"['breakfast_box/train/good/271', 'breakfast_box/train/good/248']",0,none,1.0,True,sdpa,64,401408,Qwen/Qwen2.5-VL-3B-Instruct-AWQ,ok,,ANOMALOUS,1,ANOMALOUS,False,0.6073803555514071,-1.005629301071167,-0.5693154082400724,57.39529999982551,583.2496000000447,2.275100000133534,829.4381000000612,218.9799000000221,59.29110000010951,1472.358100000065,1691.338000000087,5,2.956239379709876,3811.6455078125,7854.0,1500,1500,"[500, 500, 500]","[500, 500, 500]",1657,80.35989473684211,141.54737310356046,1
20260930-210411-0c0ed5,2026-09-30T21:32:04,final,test,breakfast_box,breakfast_box/test/structural_anomalies/071,hf_assets/mvtec_loco/mvtec_loco_anomaly_detection/breakfast_box/test/structural_anomalies/071.png,structural_anomaly,1,structural,2,"['breakfast_box/train/good/271', 'breakfast_box/train/good/248']",0,visionzip,0.75,True,sdpa,64,401408,Qwen/Qwen2.5-VL-3B-Instruct-AWQ,ok,,ANOMALOUS,1,ANOMALOUS,False,0.6439486178479997,-1.1083743572235107,-0.5158304725773633,57.6958999999988,592.247400000133,23.114200000009077,569.9202999999216,245.39609999987988,57.01320000002852,1242.9778000000624,1488.3738999999423,5,3.3593709215138707,3629.35791015625,7854.0,1500,1125,"[500, 500, 500]","[375, 375, 375]",1282,74.58931034482758,115.85639079507203,1
20260930-210411-0c0ed5,2026-09-30T21:32:06,final,test,breakfast_box,breakfast_box/test/structural_anomalies/071,hf_assets/mvtec_loco/mvtec_loco_anomaly_detection/breakfast_box/test/structural_anomalies/071.png,structural_anomaly,1,structural,2,"['breakfast_box/train/good/271', 'breakfast_box/train/good/248']",0,visionzip,0.5,True,sdpa,64,401408,Qwen/Qwen2.5-VL-3B-Instruct-AWQ,ok,,ANOMALOUS,1,ANOMALOUS,False,0.6923765205419286,-1.2499362230300903,-0.4386828764108941,56.21279999991202,588.9440999999351,23.970800000142845,372.7437000000009,242.52660000001924,59.69649999997273,1041.871399999991,1284.3980000000101,5,3.8928743271166417,3531.3291015625,7854.0,1500,750,"[500, 500, 500]","[250, 250, 250]",907,75.00487341772151,101.5416951392458,1
20260930-210411-0c0ed5,2026-09-30T21:32:07,final,test,breakfast_box,breakfast_box/test/structural_anomalies/071,hf_assets/mvtec_loco/mvtec_loco_anomaly_detection/breakfast_box/test/structural_anomalies/071.png,structural_anomaly,1,structural,2,"['breakfast_box/train/good/271', 'breakfast_box/train/good/248']",0,visionzip,0.25,True,sdpa,64,401408,Qwen/Qwen2.5-VL-3B-Instruct-AWQ,ok,,ANOMALOUS,1,ANOMALOUS,False,0.7022487958145242,-1.3022040128707886,-0.4441745141521096,54.65320000007523,594.5681999999124,24.97710000011466,202.8106000000207,228.40980000000854,60.30460000010862,877.009100000123,1105.4189000001315,5,4.523172165772998,3531.3291015625,7854.0,1500,375,"[500, 500, 500]","[125, 125, 125]",532,75.56756060606061,88.86525225671654,1
20260930-210411-0c0ed5,2026-09-30T21:32:09,final,test,breakfast_box,breakfast_box/test/structural_anomalies/071,hf_assets/mvtec_loco/mvtec_loco_anomaly_detection/breakfast_box/test/structural_anomalies/071.png,structural_anomaly,1,structural,4,"['breakfast_box/train/good/271', 'breakfast_box/train/good/248', 'breakfast_box/train/good/267', 'breakfast_box/train/good/219']",0,none,1.0,True,sdpa,64,401408,Qwen/Qwen2.5-VL-3B-Instruct-AWQ,ok,,ANOMALOUS,1,ANOMALOUS,False,0.5848565684867719,-0.9386107325553894,-0.5958681760821491,92.85879999993085,1023.5155000000304,11.480399999982183,1657.2415000000547,254.57950000009077,64.92619999994531,2785.096199999998,3039.675700000089,5,1.6449123174553961,4561.287109375,7854.0,2500,2500,"[500, 500, 500, 500, 500]","[500, 500, 500, 500, 500]",2675,81.65781818181819,253.61400308431595,1
20260930-210411-0c0ed5,2026-09-30T21:32:12,final,test,breakfast_box,breakfast_box/test/structural_anomalies/071,hf_assets/mvtec_loco/mvtec_loco_anomaly_detection/breakfast_box/test/structural_anomalies/071.png,structural_anomaly,1,structural,4,"['breakfast_box/train/good/271', 'breakfast_box/train/good/248', 'breakfast_box/train/good/267', 'breakfast_box/train/good/219']",0,visionzip,0.75,True,sdpa,64,401408,Qwen/Qwen2.5-VL-3B-Instruct-AWQ,ok,,ANOMALOUS,1,ANOMALOUS,False,0.5695920540283249,-0.9033229947090149,-0.6231360553065315,88.7703999999303,1030.9389999999894,49.79530000014165,1152.4045999999544,229.05229999992116,61.01910000006683,2321.9093000000157,2550.961599999937,5,1.9600451845296785,4086.39990234375,7854.0,2500,1875,"[500, 500, 500, 500, 500]","[375, 375, 375, 375, 375]",2050,80.5082083333333,210.38394535600474,1
20260930-210411-0c0ed5,2026-09-30T21:32:14,final,test,breakfast_box,breakfast_box/test/structural_anomalies/071,hf_assets/mvtec_loco/mvtec_loco_anomaly_detection/breakfast_box/test/structural_anomalies/071.png,structural_anomaly,1,structural,4,"['breakfast_box/train/good/271', 'breakfast_box/train/good/248', 'breakfast_box/train/good/267', 'breakfast_box/train/good/219']",0,visionzip,0.5,True,sdpa,64,401408,Qwen/Qwen2.5-VL-3B-Instruct-AWQ,ok,,ANOMALOUS,1,ANOMALOUS,False,0.6403877163702224,-1.085477590560913,-0.5084302519680932,89.58480000001146,1011.7655999999897,48.48019999985809,642.0594999999594,235.6836999999814,53.978199999846765,1791.8900999998186,2027.5737999998,5,2.4660014841385762,3711.10546875,7854.0,2500,1250,"[500, 500, 500, 500, 500]","[250, 250, 250, 250, 250]",1425,79.76216379310335,166.1232268735531,1
20260930-210411-0c0ed5,2026-09-30T21:32:16,final,test,breakfast_box,breakfast_box/test/structural_anomalies/071,hf_assets/mvtec_loco/mvtec_loco_anomaly_detection/breakfast_box/test/structural_anomalies/071.png,structural_anomaly,1,structural,4,"['breakfast_box/train/good/271', 'breakfast_box/train/good/248', 'breakfast_box/train/good/267', 'breakfast_box/train/good/219']",0,visionzip,0.25,True,sdpa,64,401408,Qwen/Qwen2.5-VL-3B-Instruct-AWQ,ok,,ANOMALOUS,1,ANOMALOUS,False,0.7429656113496818,-1.424052357673645,-0.3626124814618379,86.70439999991686,1021.2927000000036,48.61200000004828,321.89119999998184,249.01470000008885,59.875800000099844,1478.5002999999506,1727.5150000000394,5,2.8943308741168012,3711.10546875,7854.0,2500,625,"[500, 500, 500, 500, 500]","[125, 125, 125, 125, 125]",800,77.63729523809535,138.85403856652326,1
20260930-210411-0c0ed5,2026-09-30T21:32:18,final,test,breakfast_box,breakfast_box/test/structural_anomalies/071,hf_assets/mvtec_loco/mvtec_loco_anomaly_detection/breakfast_box/test/structural_anomalies/071.png,structural_anomaly,1,structural,8,"['breakfast_box/train/good/271', 'breakfast_box/train/good/248', 'breakfast_box/train/good/267', 'breakfast_box/train/good/219', 'breakfast_box/train/good/145', 'breakfast_box/train/good/149', 'breakfast_box/train/good/056', 'breakfast_box/train/good/028']",0,none,1.0,True,sdpa,64,401408,Qwen/Qwen2.5-VL-3B-Instruct-AWQ,ok,,ANOMALOUS,1,ANOMALOUS,False,0.6036891982515795,-0.9855110049247742,-0.5646502681775019,148.84509999978945,1807.2711999998319,4.023199999892313,9820.537299999842,272.9931999999735,59.56340000011551,11780.676799999355,12053.669999999329,5,0.4148114225792044,6854.44287109375,7854.0,4500,4500,"[500, 500, 500, 500, 500, 500, 500, 500, 500]","[500, 500, 500, 500, 500, 500, 500, 500, 500]",4711,57.73654599406525,700.8171883143204,1
20260930-210411-0c0ed5,2026-09-30T21:32:30,final,test,breakfast_box,breakfast_box/test/structural_anomalies/071,hf_assets/mvtec_loco/mvtec_loco_anomaly_detection/breakfast_box/test/structural_anomalies/071.png,structural_anomaly,1,structural,8,"['breakfast_box/train/good/271', 'breakfast_box/train/good/248', 'breakfast_box/train/good/267', 'breakfast_box/train/good/219', 'breakfast_box/train/good/145', 'breakfast_box/train/good/149', 'breakfast_box/train/good/056', 'breakfast_box/train/good/028']",0,visionzip,0.75,True,sdpa,64,401408,Qwen/Qwen2.5-VL-3B-Instruct-AWQ,ok,,ANOMALOUS,1,ANOMALOUS,False,0.6074332670271568,-0.9953025579452515,-0.5587667803629301,157.62629999994715,1824.8110999998062,84.2609999999695,2686.7945999999847,231.25020000020413,51.98229999996329,4753.4929999997075,4984.743199999912,5,1.0030606992954199,5478.0888671875,7854.0,4500,3375,"[500, 500, 500, 500, 500, 500, 500, 500, 500]","[375, 375, 375, 375, 375, 375, 375, 375, 375]",3586,81.43838489208642,410.31139736221013,1
20260930-210411-0c0ed5,2026-09-30T21:32:35,final,test,breakfast_box,breakfast_box/test/structural_anomalies/071,hf_assets/mvtec_loco/mvtec_loco_anomaly_detection/breakfast_box/test/structural_anomalies/071.png,structural_anomaly,1,structural,8,"['breakfast_box/train/good/271', 'breakfast_box/train/good/248', 'breakfast_box/train/good/267', 'breakfast_box/train/good/219', 'breakfast_box/train/good/145', 'breakfast_box/train/good/149', 'breakfast_box/train/good/056', 'breakfast_box/train/good/028']",0,visionzip,0.5,True,sdpa,64,401408,Qwen/Qwen2.5-VL-3B-Instruct-AWQ,ok,,ANOMALOUS,1,ANOMALOUS,False,0.6074148309388611,-0.9904569387435913,-0.5539984742645174,153.42660000010255,1814.9852999999894,88.57429999989108,1471.0669999999482,224.74540000007437,57.847499999979846,3528.053199999931,3752.7986000000055,5,1.3323390176067516,4403.93701171875,7854.0,4500,2250,"[500, 500, 500, 500, 500, 500, 500, 500, 500]","[250, 250, 250, 250, 250, 250, 250, 250, 250]",2461,80.24660526315787,305.87963650211157,1
20260930-210411-0c0ed5,2026-09-30T21:32:39,final,test,breakfast_box,breakfast_box/test/structural_anomalies/071,hf_assets/mvtec_loco/mvtec_loco_anomaly_detection/breakfast_box/test/structural_anomalies/071.png,structural_anomaly,1,structural,8,"['breakfast_box/train/good/271', 'breakfast_box/train/good/248', 'breakfast_box/train/good/267', 'breakfast_box/train/good/219', 'breakfast_box/train/good/145', 'breakfast_box/train/good/149', 'breakfast_box/train/good/056', 'breakfast_box/train/good/028']",0,visionzip,0.25,True,sdpa,64,401408,Qwen/Qwen2.5-VL-3B-Instruct-AWQ,ok,,ANOMALOUS,1,ANOMALOUS,False,0.6924017148957744,-1.2392218112945557,-0.42785017378628254,160.92060000005404,1797.580299999936,84.89639999993415,581.2252000000626,272.3034999999072,64.23710000012761,2624.6224999999868,2896.925999999894,5,1.7259674565384766,4069.875,7854.0,4500,1125,"[500, 500, 500, 500, 500, 500, 500, 500, 500]","[125, 125, 125, 125, 125, 125, 125, 125, 125]",1336,76.94634090909095,227.94690986322976,1
20260930-210411-0c0ed5,2026-09-30T21:32:42,final,test,breakfast_box,breakfast_box/test/structural_anomalies/071,hf_assets/mvtec_loco/mvtec_loco_anomaly_detection/breakfast_box/test/structural_anomalies/071.png,structural_anomaly,1,structural,1,['breakfast_box/train/good/271'],0,none,1.0,True,sdpa,64,401408,Qwen/Qwen2.5-VL-3B-Instruct-AWQ,ok,,ANOMALOUS,1,ANOMALOUS,False,0.7054983426737341,-1.303175449371338,-0.42955565790180117,36.99910000000273,386.75339999986136,1.4885000000504078,456.3898999999765,273.80840000000717,58.16630000003897,881.630899999891,1155.4392999998981,5,4.327358434147463,3557.0205078125,7854.0,1000,1000,"[500, 500]","[500, 500]",1148,76.39958904109592,93.54696492411172,1
20260930-210411-0c0ed5,2026-09-30T21:32:43,final,test,breakfast_box,breakfast_box/test/structural_anomalies/071,hf_assets/mvtec_loco/mvtec_loco_anomaly_detection/breakfast_box/test/structural_anomalies/071.png,structural_anomaly,1,structural,1,['breakfast_box/train/good/271'],0,visionzip,0.75,True,sdpa,64,401408,Qwen/Qwen2.5-VL-3B-Instruct-AWQ,ok,,ANOMALOUS,1,ANOMALOUS,False,0.7054789716138208,-1.3041932582855225,-0.43066669802647084,39.32079999981397,372.6531999998315,15.444200000047204,367.58949999989454,254.85269999990123,65.81310000001395,795.0076999995872,1049.8603999994884,5,4.762537952667265,3468.9521484375,7854.0,1000,750,"[500, 500]","[375, 375]",898,72.1248181818182,80.94413276186316,1
20260930-210411-0c0ed5,2026-09-30T21:32:45,final,test,breakfast_box,breakfast_box/test/structural_anomalies/071,hf_assets/mvtec_loco/mvtec_loco_anomaly_detection/breakfast_box/test/structural_anomalies/071.png,structural_anomaly,1,structural,1,['breakfast_box/train/good/271'],0,visionzip,0.5,True,sdpa,64,401408,Qwen/Qwen2.5-VL-3B-Instruct-AWQ,ok,,ANOMALOUS,1,ANOMALOUS,False,0.7575404347017981,-1.4987410306930542,-0.3594990710262209,37.19550000005256,377.3622000001069,17.318000000159373,249.81130000014673,259.49579999996786,62.09560000002057,681.6870000004656,941.1828000004334,5,5.312464273675313,3442.1181640625,7854.0,1000,500,"[500, 500]","[250, 250]",648,69.05596551724139,69.69931851438544,1
20260930-210411-0c0ed5,2026-09-30T21:32:46,final,test,breakfast_box,breakfast_box/test/structural_anomalies/071,hf_assets/mvtec_loco/mvtec_loco_anomaly_detection/breakfast_box/test/structural_anomalies/071.png,structural_anomaly,1,structural,1,['breakfast_box/train/good/271'],0,visionzip,0.25,True,sdpa,64,401408,Qwen/Qwen2.5-VL-3B-Instruct-AWQ,ok,,ANOMALOUS,1,ANOMALOUS,False,0.8102698132403657,-1.7586894035339355,-0.3069251017877832,42.13039999990542,390.47179999988657,15.658999999914158,162.12509999991198,261.6244999999253,63.14499999984946,610.3862999996181,872.0107999995435,5,5.733873938261564,3442.1181640625,7854.0,1000,250,"[500, 500]","[125, 125]",398,65.2252745098039,61.33946573583222,1
20260930-210411-0c0ed5,2026-09-30T21:32:47,final,test,breakfast_box,breakfast_box/test/structural_anomalies/048,hf_assets/mvtec_loco/mvtec_loco_anomaly_detection/breakfast_box/test/structural_anomalies/048.png,structural_anomaly,1,structural,2,"['breakfast_box/train/good/271', 'breakfast_box/train/good/248']",0,visionzip,0.75,True,sdpa,64,401408,Qwen/Qwen2.5-VL-3B-Instruct-AWQ,ok,,ANOMALOUS,1,ANOMALOUS,False,0.9085316457261757,-2.461160898208618,-0.16532423556782305,54.667500000050495,597.0809000000372,28.44310000000405,567.846199999849,261.41310000002704,57.45500000011816,1248.0376999999407,1509.4507999999678,5,3.312463049474754,3629.35791015625,7854.0,1500,1125,"[500, 500, 500]","[375, 375, 375]",1282,67.1476896551724,105.32577098519248,1
20260930-210411-0c0ed5,2026-09-30T21:32:48,final,test,breakfast_box,breakfast_box/test/structural_anomalies/048,hf_assets/mvtec_loco/mvtec_loco_anomaly_detection/breakfast_box/test/structural_anomalies/048.png,structural_anomaly,1,structural,2,"['breakfast_box/train/good/271', 'breakfast_box/train/good/248']",0,visionzip,0.5,True,sdpa,64,401408,Qwen/Qwen2.5-VL-3B-Instruct-AWQ,ok,,ANOMALOUS,1,ANOMALOUS,False,0.6956422645189919,-1.2697091102600098,-0.44307734083849937,53.90609999994922,589.3028999998933,23.835700000063298,370.13999999999214,258.5834999999861,56.69290000014371,1037.184699999898,1295.768199999884,5,3.85871485347491,3531.3291015625,7854.0,1500,750,"[500, 500, 500]","[250, 250, 250]",907,74.19272151898733,101.12390040679728,1
20260930-210411-0c0ed5,2026-09-30T21:32:50,final,test,breakfast_box,breakfast_box/test/structural_anomalies/048,hf_assets/mvtec_loco/mvtec_loco_anomaly_detection/breakfast_box/test/structural_anomalies/048.png,structural_anomaly,1,structural,2,"['breakfast_box/train/good/271', 'breakfast_box/train/good/248']",0,visionzip,0.25,True,sdpa,64,401408,Qwen/Qwen2.5-VL-3B-Instruct-AWQ,ok,,ANOMALOUS,1,ANOMALOUS,False,0.6650943531211244,-1.190352439880371,-0.5042723659425974,59.01790000007168,592.2858999999789,23.42599999997219,201.97089999987838,236.5502000000106,56.05429999991429,876.7006999999012,1113.2508999999118,5,4.491350512270321,3531.3291015625,7854.0,1500,375,"[500, 500, 500]","[125, 125, 125]",532,74.29717187499995,87.43576487389633,1
20260930-210411-0c0ed5,2026-09-30T21:32:51,final,test,breakfast_box,breakfast_box/test/structural_anomalies/048,hf_assets/mvtec_loco/mvtec_loco_anomaly_detection/breakfast_box/test/structural_anomalies/048.png,structural_anomaly,1,structural,4,"['breakfast_box/train/good/271', 'breakfast_box/train/good/248', 'breakfast_box/train/good/267', 'breakfast_box/train/good/219']",0,none,1.0,True,sdpa,64,401408,Qwen/Qwen2.5-VL-3B-Instruct-AWQ,ok,,ANOMALOUS,1,ANOMALOUS,False,0.8437706022877145,-1.9230830669403076,-0.2365278328070417,93.06289999994988,1012.6482999999098,11.17789999989327,1647.8715000000648,233.87210000009873,64.65170000001308,2764.7605999998177,2998.6326999999164,5,1.667426624141109,4561.287109375,7854.0,2500,2500,"[500, 500, 500, 500, 500]","[500, 500, 500, 500, 500]",2675,81.82358720930233,250.74121525667053,1
20260930-210411-0c0ed5,2026-09-30T21:32:54,final,test,breakfast_box,breakfast_box/test/structural_anomalies/048,hf_assets/mvtec_loco/mvtec_loco_anomaly_detection/breakfast_box/test/structural_anomalies/048.png,structural_anomaly,1,structural,4,"['breakfast_box/train/good/271', 'breakfast_box/train/good/248', 'breakfast_box/train/good/267', 'breakfast_box/train/good/219']",0,visionzip,0.75,True,sdpa,64,401408,Qwen/Qwen2.5-VL-3B-Instruct-AWQ,ok,,ANOMALOUS,1,ANOMALOUS,False,0.8416890906850979,-1.9109904766082764,-0.24014066148083657,91.89949999995406,1007.0261999999275,49.45729999985815,1152.3078000000169,241.2813000000824,57.37180000005537,2300.6907999997566,2541.972099999839,5,1.9669767421917481,4086.39990234375,7854.0,2500,1875,"[500, 500, 500, 500, 500]","[375, 375, 375, 375, 375]",2050,81.27614893617017,211.36463161591465,1
20260930-210411-0c0ed5,2026-09-30T21:32:56,final,test,breakfast_box,breakfast_box/test/structural_anomalies/048,hf_assets/mvtec_loco/mvtec_loco_anomaly_detection/breakfast_box/test/structural_anomalies/048.png,structural_anomaly,1,structural,4,"['breakfast_box/train/good/271', 'breakfast_box/train/good/248', 'breakfast_box/train/good/267', 'breakfast_box/train/good/219']",0,visionzip,0.5,True,sdpa,64,401408,Qwen/Qwen2.5-VL-3B-Instruct-AWQ,ok,,ANOMALOUS,1,ANOMALOUS,False,0.654610423741602,-1.130311131477356,-0.4909438322065398,93.47569999999905,1016.7876999998953,51.21299999996154,637.9520000000412,241.87189999997827,65.97310000006473,1799.428399999897,2041.3002999998753,5,2.449419127602296,3711.10546875,7854.0,2500,1250,"[500, 500, 500, 500, 500]","[250, 250, 250, 250, 250]",1425,78.41962162162164,165.35203037463728,1
20260930-210411-0c0ed5,2026-09-30T21:32:59,final,test,breakfast_box,breakfast_box/test/structural_anomalies/048,hf_assets/mvtec_loco/mvtec_loco_anomaly_detection/breakfast_box/test/structural_anomalies/048.png,structural_anomaly,1,structural,4,"['breakfast_box/train/good/271', 'breakfast_box/train/good/248', 'breakfast_box/train/good/267', 'breakfast_box/train/good/219']",0,visionzip,0.25,True,sdpa,64,401408,Qwen/Qwen2.5-VL-3B-Instruct-AWQ,ok,,ANOMALOUS,1,ANOMALOUS,False,0.6990040527872878,-1.2708981037139893,-0.4283383637666702,89.66779999991559,1036.4545999998427,51.01710000008097,318.43109999999797,260.0072000000182,71.40159999994466,1495.5705999998372,1755.5777999998554,5,2.848065178313608,3711.10546875,7854.0,2500,625,"[500, 500, 500, 500, 500]","[125, 125, 125, 125, 125]",800,74.63022857142865,136.4428571831443,1
20260930-210411-0c0ed5,2026-09-30T21:33:00,final,test,breakfast_box,breakfast_box/test/structural_anomalies/048,hf_assets/mvtec_loco/mvtec_loco_anomaly_detection/breakfast_box/test/structural_anomalies/048.png,structural_anomaly,1,structural,8,"['breakfast_box/train/good/271', 'breakfast_box/train/good/248', 'breakfast_box/train/good/267', 'breakfast_box/train/good/219', 'breakfast_box/train/good/145', 'breakfast_box/train/good/149', 'breakfast_box/train/good/056', 'breakfast_box/train/good/028']",0,none,1.0,True,sdpa,64,401408,Qwen/Qwen2.5-VL-3B-Instruct-AWQ,ok,,ANOMALOUS,1,ANOMALOUS,False,0.8576606613249241,-2.0120956897735596,-0.21610108390450478,157.36820000006446,1835.9780999999202,11.105499999985113,9831.837200000109,274.18469999997797,66.05930000000626,11836.289000000079,12110.473700000057,5,0.4128657659361398,6854.44287109375,7854.0,4500,4500,"[500, 500, 500, 500, 500, 500, 500, 500, 500]","[500, 500, 500, 500, 500, 500, 500, 500, 500]",4711,55.91822624434383,682.0761024179654,1
20260930-210411-0c0ed5,2026-09-30T21:33:13,final,test,breakfast_box,breakfast_box/test/structural_anomalies/048,hf_assets/mvtec_loco/mvtec_loco_anomaly_detection/breakfast_box/test/structural_anomalies/048.png,structural_anomaly,1,structural,8,"['breakfast_box/train/good/271', 'breakfast_box/train/good/248', 'breakfast_box/train/good/267', 'breakfast_box/train/good/219', 'breakfast_box/train/good/145', 'breakfast_box/train/good/149', 'breakfast_box/train/good/056', 'breakfast_box/train/good/028']",0,visionzip,0.75,True,sdpa,64,401408,Qwen/Qwen2.5-VL-3B-Instruct-AWQ,ok,,ANOMALOUS,1,ANOMALOUS,False,0.7825013694932775,-1.5895037651062012,-0.30920064653037116,163.22459999992134,1826.5986000001249,85.91290000003937,2677.991499999962,241.85929999998734,55.88919999991049,4753.7276000000475,4995.586900000035,5,1.0008833997062418,5478.0888671875,7854.0,4500,3375,"[500, 500, 500, 500, 500, 500, 500, 500, 500]","[375, 375, 375, 375, 375, 375, 375, 375, 375]",3586,82.37612982456137,416.21852669369355,1
20260930-210411-0c0ed5,2026-09-30T21:33:18,final,test,breakfast_box,breakfast_box/test/structural_anomalies/048,hf_assets/mvtec_loco/mvtec_loco_anomaly_detection/breakfast_box/test/structural_anomalies/048.png,structural_anomaly,1,structural,8,"['breakfast_box/train/good/271', 'breakfast_box/train/good/248', 'breakfast_box/train/good/267', 'breakfast_box/train/good/219', 'breakfast_box/train/good/145', 'breakfast_box/train/good/149', 'breakfast_box/train/good/056', 'breakfast_box/train/good/028']",0,visionzip,0.5,True,sdpa,64,401408,Qwen/Qwen2.5-VL-3B-Instruct-AWQ,ok,,ANOMALOUS,1,ANOMALOUS,False,0.5961402400889877,-0.9634481072425842,-0.5740398544585332,154.6585999999479,1898.9976999998817,89.78780000006736,1478.4320999999636,242.94069999996282,62.567799999897034,3621.8761999998605,3864.8168999998234,5,1.293722349434,4403.93701171875,7854.0,4500,2250,"[500, 500, 500, 500, 500, 500, 500, 500, 500]","[250, 250, 250, 250, 250, 250, 250, 250, 250]",2461,78.40125438596486,308.00605468289433,1
20260930-210411-0c0ed5,2026-09-30T21:33:22,final,test,breakfast_box,breakfast_box/test/structural_anomalies/048,hf_assets/mvtec_loco/mvtec_loco_anomaly_detection/breakfast_box/test/structural_anomalies/048.png,structural_anomaly,1,structural,8,"['breakfast_box/train/good/271', 'breakfast_box/train/good/248', 'breakfast_box/train/good/267', 'breakfast_box/train/good/219', 'breakfast_box/train/good/145', 'breakfast_box/train/good/149', 'breakfast_box/train/good/056', 'breakfast_box/train/good/028']",0,visionzip,0.25,True,sdpa,64,401408,Qwen/Qwen2.5-VL-3B-Instruct-AWQ,ok,,ANOMALOUS,1,ANOMALOUS,False,0.6720566501622302,-1.1778929233551025,-0.4603911651065573,154.89559999991798,1808.864900000117,84.417300000041,583.7991999999304,267.47290000002977,52.40600000001905,2631.9770000000062,2899.449900000036,5,1.7244650442140552,4069.875,7854.0,4500,1125,"[500, 500, 500, 500, 500, 500, 500, 500, 500]","[125, 125, 125, 125, 125, 125, 125, 125, 125]",1336,75.3290944444444,222.4559608465174,1
20260930-210411-0c0ed5,2026-09-30T21:33:25,final,test,breakfast_box,breakfast_box/test/structural_anomalies/048,hf_assets/mvtec_loco/mvtec_loco_anomaly_detection/breakfast_box/test/structural_anomalies/048.png,structural_anomaly,1,structural,1,['breakfast_box/train/good/271'],0,none,1.0,True,sdpa,64,401408,Qwen/Qwen2.5-VL-3B-Instruct-AWQ,ok,,ANOMALOUS,1,ANOMALOUS,False,0.9380596711738696,-2.8465006351470947,-0.1288585561560467,37.075499999900785,372.13169999995444,1.648500000101194,461.1013000001094,273.39310000002115,61.72900000001391,871.9570000000658,1145.350100000087,5,4.365477420397152,3557.0205078125,7854.0,1000,1000,"[500, 500]","[500, 500]",1148,75.68255714285708,92.07900150971898,1
20260930-210411-0c0ed5,2026-09-30T21:33:26,final,test,breakfast_box,breakfast_box/test/structural_anomalies/048,hf_assets/mvtec_loco/mvtec_loco_anomaly_detection/breakfast_box/test/structural_anomalies/048.png,structural_anomaly,1,structural,1,['breakfast_box/train/good/271'],0,visionzip,0.75,True,sdpa,64,401408,Qwen/Qwen2.5-VL-3B-Instruct-AWQ,ok,,ANOMALOUS,1,ANOMALOUS,False,0.9207072257995317,-2.6023759841918945,-0.15038089046720415,38.82219999991321,375.989699999991,15.443999999888547,367.4203000000489,251.70729999990726,59.15849999996681,797.6761999998416,1049.383499999749,5,4.76470232284117,3468.9521484375,7854.0,1000,750,"[500, 500]","[375, 375]",898,77.09961904761906,85.90730990845371,1
20260930-210411-0c0ed5,2026-09-30T21:33:27,final,test,breakfast_box,breakfast_box/test/structural_anomalies/048,hf_assets/mvtec_loco/mvtec_loco_anomaly_detection/breakfast_box/test/structural_anomalies/048.png,structural_anomaly,1,structural,1,['breakfast_box/train/good/271'],0,visionzip,0.5,True,sdpa,64,401408,Qwen/Qwen2.5-VL-3B-Instruct-AWQ,ok,,ANOMALOUS,1,ANOMALOUS,False,0.7575251060979303,-1.505164384841919,-0.36600587936118245,42.774100000087856,376.930399999992,16.279700000040975,249.68939999985196,237.4654999998711,59.76439999994909,685.6735999999728,923.1390999998439,5,5.4163018336032405,3442.1181640625,7854.0,1000,500,"[500, 500]","[250, 250]",648,73.40226415094338,72.55617827274706,1
20260930-210411-0c0ed5,2026-09-30T21:33:28,final,test,breakfast_box,breakfast_box/test/structural_anomalies/048,hf_assets/mvtec_loco/mvtec_loco_anomaly_detection/breakfast_box/test/structural_anomalies/048.png,structural_anomaly,1,structural,1,['breakfast_box/train/good/271'],0,visionzip,0.25,True,sdpa,64,401408,Qwen/Qwen2.5-VL-3B-Instruct-AWQ,ok,,ANOMALOUS,1,ANOMALOUS,False,0.8078649212775475,-1.7485079765319824,-0.3123117682989687,41.947499999878346,385.4182000000037,15.454499999805194,161.41940000011346,243.37130000003526,59.528500000169515,604.2395999998007,847.610899999836,5,5.898933107161515,3442.1181640625,7854.0,1000,250,"[500, 500]","[125, 125]",398,69.11799999999997,63.212551168190174,1
20260930-210411-0c0ed5,2026-09-30T21:33:29,final,test,breakfast_box,breakfast_box/test/structural_anomalies/048,hf_assets/mvtec_loco/mvtec_loco_anomaly_detection/breakfast_box/test/structural_anomalies/048.png,structural_anomaly,1,structural,2,"['breakfast_box/train/good/271', 'breakfast_box/train/good/248']",0,none,1.0,True,sdpa,64,401408,Qwen/Qwen2.5-VL-3B-Instruct-AWQ,ok,,ANOMALOUS,1,ANOMALOUS,False,0.8823136325094043,-2.211034059524536,-0.19650965766049922,55.172899999888614,596.1590000001706,3.164299999980358,826.475599999867,245.79559999983758,62.3700999999528,1480.9717999999066,1726.7673999997442,5,2.89558396805542,3811.6455078125,7854.0,1500,1500,"[500, 500, 500]","[500, 500, 500]",1657,81.16673684210525,145.83778730564833,1
20260930-210411-0c0ed5,2026-09-30T21:33:31,final,test,breakfast_box,breakfast_box/test/structural_anomalies/021,hf_assets/mvtec_loco/mvtec_loco_anomaly_detection/breakfast_box/test/structural_anomalies/021.png,structural_anomaly,1,structural,2,"['breakfast_box/train/good/271', 'breakfast_box/train/good/248']",0,visionzip,0.5,True,sdpa,64,401408,Qwen/Qwen2.5-VL-3B-Instruct-AWQ,ok,,ANOMALOUS,1,ANOMALOUS,False,0.7151695235116217,-1.3329901695251465,-0.41236474306788296,61.110999999982596,591.16680000011,23.183300000027884,370.1238999999532,229.4564999999693,69.69970000000103,1045.5850000000737,1275.041500000043,5,3.921440988391226,3531.3291015625,7854.0,1500,750,"[500, 500, 500]","[250, 250, 250]",907,77.2396486486486,104.56232472196557,1
20260930-210411-0c0ed5,2026-09-30T21:33:32,final,test,breakfast_box,breakfast_box/test/structural_anomalies/021,hf_assets/mvtec_loco/mvtec_loco_anomaly_detection/breakfast_box/test/structural_anomalies/021.png,structural_anomaly,1,structural,2,"['breakfast_box/train/good/271', 'breakfast_box/train/good/248']",0,visionzip,0.25,True,sdpa,64,401408,Qwen/Qwen2.5-VL-3B-Instruct-AWQ,ok,,ANOMALOUS,1,ANOMALOUS,False,0.6720419617246695,-1.2111215591430664,-0.49368644563946873,58.131499999944936,593.4826999998677,23.10529999999744,202.0125999999891,260.91070000006766,61.879000000089945,876.7320999997992,1137.6427999998668,5,4.395052647457168,3531.3291015625,7854.0,1500,375,"[500, 500, 500]","[125, 125, 125]",532,77.71240845070423,93.89239611232975,1
20260930-210411-0c0ed5,2026-09-30T21:33:33,final,test,breakfast_box,breakfast_box/test/structural_anomalies/021,hf_assets/mvtec_loco/mvtec_loco_anomaly_detection/breakfast_box/test/structural_anomalies/021.png,structural_anomaly,1,structural,4,"['breakfast_box/train/good/271', 'breakfast_box/train/good/248', 'breakfast_box/train/good/267', 'breakfast_box/train/good/219']",0,none,1.0,True,sdpa,64,401408,Qwen/Qwen2.5-VL-3B-Instruct-AWQ,ok,,ANOMALOUS,1,ANOMALOUS,False,0.6111306658954367,-1.0058906078338623,-0.553823200869374,91.87259999998787,1024.04179999985,15.257799999972121,1648.5938999999235,238.00790000018424,62.213600000177394,2779.7660999997333,3017.7739999999176,5,1.6568503804460295,4561.287109375,7854.0,2500,2500,"[500, 500, 500, 500, 500]","[500, 500, 500, 500, 500]",2675,80.85349112426027,249.1232542231569,1
20260930-210411-0c0ed5,2026-09-30T21:33:36,final,test,breakfast_box,breakfast_box/test/structural_anomalies/021,hf_assets/mvtec_loco/mvtec_loco_anomaly_detection/breakfast_box/test/structural_anomalies/021.png,structural_anomaly,1,structural,4,"['breakfast_box/train/good/271', 'breakfast_box/train/good/248', 'breakfast_box/train/good/267', 'breakfast_box/train/good/219']",0,visionzip,0.75,True,sdpa,64,401408,Qwen/Qwen2.5-VL-3B-Instruct-AWQ,ok,,ANOMALOUS,1,ANOMALOUS,False,0.5810405311461505,-0.9295843839645386,-0.602538050734438,84.53819999999723,1018.2479000000058,47.14109999986249,1156.426700000111,286.4073999999164,66.61659999986114,2306.3538999999764,2592.761299999893,5,1.9284459390844066,4086.39990234375,7854.0,2500,1875,"[500, 500, 500, 500, 500]","[375, 375, 375, 375, 375]",2050,79.04201360544218,210.30092032294692,1
20260930-210411-0c0ed5,2026-09-30T21:33:39,final,test,breakfast_box,breakfast_box/test/structural_anomalies/021,hf_assets/mvtec_loco/mvtec_loco_anomaly_detection/breakfast_box/test/structural_anomalies/021.png,structural_anomaly,1,structural,4,"['breakfast_box/train/good/271', 'breakfast_box/train/good/248', 'breakfast_box/train/good/267', 'breakfast_box/train/good/219']",0,visionzip,0.5,True,sdpa,64,401408,Qwen/Qwen2.5-VL-3B-Instruct-AWQ,ok,,ANOMALOUS,1,ANOMALOUS,False,0.6789470163131089,-1.1994060277938843,-0.4504691029433161,84.10780000008344,1033.7870000000748,49.35040000009394,646.1442999998326,243.3662999999342,62.039099999992686,1813.3895000000848,2056.755800000019,5,2.431012957396281,3711.10546875,7854.0,2500,1250,"[500, 500, 500, 500, 500]","[250, 250, 250, 250, 250]",1425,77.80865254237295,164.95002500961255,1
20260930-210411-0c0ed5,2026-09-30T21:33:41,final,test,breakfast_box,breakfast_box/test/structural_anomalies/021,hf_assets/mvtec_loco/mvtec_loco_anomaly_detection/breakfast_box/test/structural_anomalies/021.png,structural_anomaly,1,structural,4,"['breakfast_box/train/good/271', 'breakfast_box/train/good/248', 'breakfast_box/train/good/267', 'breakfast_box/train/good/219']",0,visionzip,0.25,True,sdpa,64,401408,Qwen/Qwen2.5-VL-3B-Instruct-AWQ,ok,,ANOMALOUS,1,ANOMALOUS,False,0.7429702224165327,-1.4263383150100708,-0.3648742928635329,95.8180000000084,1019.8032000000694,51.3300000000072,319.24080000021604,229.1715999999724,54.76910000015778,1486.192000000301,1715.3636000002734,5,2.9148339162607875,3711.10546875,7854.0,2500,625,"[500, 500, 500, 500, 500]","[125, 125, 125, 125, 125]",800,73.68882000000004,130.5285881426528,1
20260930-210411-0c0ed5,2026-09-30T21:33:43,final,test,breakfast_box,breakfast_box/test/structural_anomalies/021,hf_assets/mvtec_loco/mvtec_loco_anomaly_detection/breakfast_box/test/structural_anomalies/021.png,structural_anomaly,1,structural,8,"['breakfast_box/train/good/271', 'breakfast_box/train/good/248', 'breakfast_box/train/good/267', 'breakfast_box/train/good/219', 'breakfast_box/train/good/145', 'breakfast_box/train/good/149', 'breakfast_box/train/good/056', 'breakfast_box/train/good/028']",0,none,1.0,True,sdpa,64,401408,Qwen/Qwen2.5-VL-3B-Instruct-AWQ,ok,,ANOMALOUS,1,ANOMALOUS,False,0.633163540496546,-1.06172776222229,-0.5159151499392465,157.17880000011064,1823.6052999998265,4.778600000008737,9821.950799999968,274.34410000000753,62.24429999997483,11807.513499999914,12081.857599999921,5,0.4138436460300635,6854.44287109375,7854.0,4500,4500,"[500, 500, 500, 500, 500, 500, 500, 500, 500]","[500, 500, 500, 500, 500, 500, 500, 500, 500]",4711,57.243615269461166,696.7168155621277,1
20260930-210411-0c0ed5,2026-09-30T21:33:55,final,test,breakfast_box,breakfast_box/test/structural_anomalies/021,hf_assets/mvtec_loco/mvtec_loco_anomaly_detection/breakfast_box/test/structural_anomalies/021.png,structural_anomaly,1,structural,8,"['breakfast_box/train/good/271', 'breakfast_box/train/good/248', 'breakfast_box/train/good/267', 'breakfast_box/train/good/219', 'breakfast_box/train/good/145', 'breakfast_box/train/good/149', 'breakfast_box/train/good/056', 'breakfast_box/train/good/028']",0,visionzip,0.75,True,sdpa,64,401408,Qwen/Qwen2.5-VL-3B-Instruct-AWQ,ok,,ANOMALOUS,1,ANOMALOUS,False,0.5999413221146138,-0.9720921516418457,-0.5668715287465602,159.94820000014442,1832.516799999894,83.25800000011441,2692.6902000000155,280.7308000001285,59.41710000001876,4768.413200000168,5049.144000000297,5,0.9902668650368669,5478.0888671875,7854.0,4500,3375,"[500, 500, 500, 500, 500, 500, 500, 500, 500]","[375, 375, 375, 375, 375, 375, 375, 375, 375]",3586,80.58652029520296,411.7826614867581,1
20260930-210411-0c0ed5,2026-09-30T21:34:00,final,test,breakfast_box,breakfast_box/test/structural_anomalies/021,hf_assets/mvtec_loco/mvtec_loco_anomaly_detection/breakfast_box/test/structural_anomalies/021.png,structural_anomaly,1,structural,8,"['breakfast_box/train/good/271', 'breakfast_box/train/good/248', 'breakfast_box/train/good/267', 'breakfast_box/train/good/219', 'breakfast_box/train/good/145', 'breakfast_box/train/good/149', 'breakfast_box/train/good/056', 'breakfast_box/train/good/028']",0,visionzip,0.5,True,sdpa,64,401408,Qwen/Qwen2.5-VL-3B-Instruct-AWQ,ok,,ANOMALOUS,1,ANOMALOUS,False,0.6295220791477294,-1.048926830291748,-0.5187597534386441,147.07819999989624,1824.7160000000804,87.42370000004485,1474.368400000003,232.08599999998114,57.14239999997517,3533.5863000000245,3765.6723000000056,5,1.327784151584298,4403.93701171875,7854.0,4500,2250,"[500, 500, 500, 500, 500, 500, 500, 500, 500]","[250, 250, 250, 250, 250, 250, 250, 250, 250]",2461,80.5274975369457,307.9313203904533,1
20260930-210411-0c0ed5,2026-09-30T21:34:04,final,test,breakfast_box,breakfast_box/test/structural_anomalies/021,hf_assets/mvtec_loco/mvtec_loco_anomaly_detection/breakfast_box/test/structural_anomalies/021.png,structural_anomaly,1,structural,8,"['breakfast_box/train/good/271', 'breakfast_box/train/good/248', 'breakfast_box/train/good/267', 'breakfast_box/train/good/219', 'breakfast_box/train/good/145', 'breakfast_box/train/good/149', 'breakfast_box/train/good/056', 'breakfast_box/train/good/028']",0,visionzip,0.25,True,sdpa,64,401408,Qwen/Qwen2.5-VL-3B-Instruct-AWQ,ok,,ANOMALOUS,1,ANOMALOUS,False,0.6686202695482647,-1.16329026222229,-0.4613389120204374,164.7941000001083,1851.0099000000082,165.05499999993845,584.7059999998692,830.8494000000337,211.13009999999122,2765.564999999924,3596.414399999958,5,1.3902736013958954,4069.875,7854.0,4500,1125,"[500, 500, 500, 500, 500, 500, 500, 500, 500]","[125, 125, 125, 125, 125, 125, 125, 125, 125]",1336,67.15952525252523,255.8483686240969,1
20260930-210411-0c0ed5,2026-09-30T21:34:08,final,test,breakfast_box,breakfast_box/test/structural_anomalies/021,hf_assets/mvtec_loco/mvtec_loco_anomaly_detection/breakfast_box/test/structural_anomalies/021.png,structural_anomaly,1,structural,1,['breakfast_box/train/good/271'],0,none,1.0,True,sdpa,64,401408,Qwen/Qwen2.5-VL-3B-Instruct-AWQ,ok,,ANOMALOUS,1,ANOMALOUS,False,0.6856412652622891,-1.2351791858673096,-0.4553594329627231,130.3891999998541,514.1758999998274,3.808499999877313,463.74740000010206,603.5200999999688,165.525099999968,1112.1209999996609,1715.6410999996297,5,2.914362450282334,3557.0205078125,7854.0,1000,1000,"[500, 500]","[500, 500]",1148,53.270444444444486,101.1806303223343,1
20260930-210411-0c0ed5,2026-09-30T21:34:10,final,test,breakfast_box,breakfast_box/test/structural_anomalies/021,hf_assets/mvtec_loco/mvtec_loco_anomaly_detection/breakfast_box/test/structural_anomalies/021.png,structural_anomaly,1,structural,1,['breakfast_box/train/good/271'],0,visionzip,0.75,True,sdpa,64,401408,Qwen/Qwen2.5-VL-3B-Instruct-AWQ,ok,,ANOMALOUS,1,ANOMALOUS,False,0.7399215415708426,-1.4261523485183716,-0.3805915415287018,76.430099999925,454.3926999999712,20.361299999876792,370.2802000000247,568.7043999998878,90.15900000008514,921.4642999997977,1490.1686999996855,5,3.355324803158901,3468.9521484375,7854.0,1000,750,"[500, 500]","[375, 375]",898,53.59477777777776,85.11010423548663,1
20260930-210411-0c0ed5,2026-09-30T21:34:12,final,test,breakfast_box,breakfast_box/test/structural_anomalies/021,hf_assets/mvtec_loco/mvtec_loco_anomaly_detection/breakfast_box/test/structural_anomalies/021.png,structural_anomaly,1,structural,1,['breakfast_box/train/good/271'],0,visionzip,0.5,True,sdpa,64,401408,Qwen/Qwen2.5-VL-3B-Instruct-AWQ,ok,,ANOMALOUS,1,ANOMALOUS,False,0.754666703854113,-1.492916226387024,-0.36925770493689924,52.44960000004539,378.21469999994406,15.787700000146287,251.05050000001938,266.3611000000401,138.78629999999248,697.5025000001551,963.8636000001952,5,5.187455984434921,3442.1181640625,7854.0,1000,500,"[500, 500]","[250, 250]",648,68.52498181818187,76.10368034730901,1
20260930-210411-0c0ed5,2026-09-30T21:34:13,final,test,breakfast_box,breakfast_box/test/structural_anomalies/021,hf_assets/mvtec_loco/mvtec_loco_anomaly_detection/breakfast_box/test/structural_anomalies/021.png,structural_anomaly,1,structural,1,['breakfast_box/train/good/271'],0,visionzip,0.25,True,sdpa,64,401408,Qwen/Qwen2.5-VL-3B-Instruct-AWQ,ok,,ANOMALOUS,1,ANOMALOUS,False,0.7517397500692639,-1.4956395626068115,-0.38772696640808135,50.017900000057125,403.4560000000056,17.45959999993829,163.80350000008548,252.42840000009892,63.18870000018251,634.7370000000865,887.1654000001854,5,5.63592764100015,3442.1181640625,7854.0,1000,250,"[500, 500]","[125, 125]",398,66.51641666666667,63.69900076083984,1
20260930-210411-0c0ed5,2026-09-30T21:34:14,final,test,breakfast_box,breakfast_box/test/structural_anomalies/021,hf_assets/mvtec_loco/mvtec_loco_anomaly_detection/breakfast_box/test/structural_anomalies/021.png,structural_anomaly,1,structural,2,"['breakfast_box/train/good/271', 'breakfast_box/train/good/248']",0,none,1.0,True,sdpa,64,401408,Qwen/Qwen2.5-VL-3B-Instruct-AWQ,ok,,ANOMALOUS,1,ANOMALOUS,False,0.6957121236533466,-1.2687108516693115,-0.4417491073254496,63.59489999999823,599.5442999999341,7.459400000016103,830.8073999999124,250.06570000005013,61.25489999999445,1501.4059999998608,1751.471699999911,5,2.8547421006004576,3811.6455078125,7854.0,1500,1500,"[500, 500, 500]","[500, 500, 500]",1657,78.95676595744688,143.24176987332146,1
20260930-210411-0c0ed5,2026-09-30T21:34:15,final,test,breakfast_box,breakfast_box/test/structural_anomalies/021,hf_assets/mvtec_loco/mvtec_loco_anomaly_detection/breakfast_box/test/structural_anomalies/021.png,structural_anomaly,1,structural,2,"['breakfast_box/train/good/271', 'breakfast_box/train/good/248']",0,visionzip,0.75,True,sdpa,64,401408,Qwen/Qwen2.5-VL-3B-Instruct-AWQ,ok,,ANOMALOUS,1,ANOMALOUS,False,0.7087694422295733,-1.3122459650039673,-0.4228309268364683,56.0784000001604,590.3557999999975,22.81360000006316,571.1774999999761,233.7345999999343,55.879300000015064,1240.4253000001972,1474.1599000001315,5,3.3917623183207968,3629.35791015625,7854.0,1500,1125,"[500, 500, 500]","[375, 375, 375]",1282,73.50896296296298,113.05998267692286,1
20260930-210411-0c0ed5,2026-09-30T21:34:17,final,test,breakfast_box,breakfast_box/test/structural_anomalies/063,hf_assets/mvtec_loco/mvtec_loco_anomaly_detection/breakfast_box/test/structural_anomalies/063.png,structural_anomaly,1,structural,2,"['breakfast_box/train/good/271', 'breakfast_box/train/good/248']",0,visionzip,0.25,True,sdpa,64,401408,Qwen/Qwen2.5-VL-3B-Instruct-AWQ,ok,,ANOMALOUS,1,ANOMALOUS,False,0.69238377018747,-1.2695887088775635,-0.4583013247465715,56.456299999808834,595.0718999999935,24.325800000042364,202.97709999999825,245.9332999999333,58.32089999989876,878.831099999843,1124.7643999997763,5,4.445375404841222,3531.3291015625,7854.0,1500,375,"[500, 500, 500]","[125, 125, 125]",532,65.5520793650794,78.10456838021078,1
20260930-210411-0c0ed5,2026-09-30T21:34:18,final,test,breakfast_box,breakfast_box/test/structural_anomalies/063,hf_assets/mvtec_loco/mvtec_loco_anomaly_detection/breakfast_box/test/structural_anomalies/063.png,structural_anomaly,1,structural,4,"['breakfast_box/train/good/271', 'breakfast_box/train/good/248', 'breakfast_box/train/good/267', 'breakfast_box/train/good/219']",0,none,1.0,True,sdpa,64,401408,Qwen/Qwen2.5-VL-3B-Instruct-AWQ,ok,,NORMAL,0,NORMAL,False,0.4879803048639986,-0.7256191968917847,-0.7737072421004996,99.85330000017711,1013.7812000000395,13.306999999940672,1696.3848999998845,54.93589999991855,55.45000000006439,2823.3264000000418,2878.2622999999603,2,0.6948637030058128,4561.287109375,7854.0,2500,2500,"[500, 500, 500, 500, 500]","[500, 500, 500, 500, 500]",2675,78.32100680272113,229.86239616853968,0
20260930-210411-0c0ed5,2026-09-30T21:34:21,final,test,breakfast_box,breakfast_box/test/structural_anomalies/063,hf_assets/mvtec_loco/mvtec_loco_anomaly_detection/breakfast_box/test/structural_anomalies/063.png,structural_anomaly,1,structural,4,"['breakfast_box/train/good/271', 'breakfast_box/train/good/248', 'breakfast_box/train/good/267', 'breakfast_box/train/good/219']",0,visionzip,0.75,True,sdpa,64,401408,Qwen/Qwen2.5-VL-3B-Instruct-AWQ,ok,,NORMAL,0,NORMAL,False,0.437504350109055,-0.6299868822097778,-0.8812836338765919,94.29550000004383,1008.5113999998612,47.60800000008203,1173.4919999998965,65.66259999999602,56.479400000171154,2323.9068999998835,2389.5694999998796,2,0.836970843492981,4086.39990234375,7854.0,2500,1875,"[500, 500, 500, 500, 500]","[375, 375, 375, 375, 375]",2050,79.20318656716427,193.82752718706973,0
20260930-210411-0c0ed5,2026-09-30T21:34:24,final,test,breakfast_box,breakfast_box/test/structural_anomalies/063,hf_assets/mvtec_loco/mvtec_loco_anomaly_detection/breakfast_box/test/structural_anomalies/063.png,structural_anomaly,1,structural,4,"['breakfast_box/train/good/271', 'breakfast_box/train/good/248', 'breakfast_box/train/good/267', 'breakfast_box/train/good/219']",0,visionzip,0.5,True,sdpa,64,401408,Qwen/Qwen2.5-VL-3B-Instruct-AWQ,ok,,ANOMALOUS,1,ANOMALOUS,False,0.4996856957273109,-0.7522135376930237,-0.753470754949376,94.7556999999506,1017.6369000000705,50.314299999854484,644.4516999999905,242.64070000003812,58.4956999998667,1807.158599999866,2049.799299999904,5,2.439263200060725,3711.10546875,7854.0,2500,1250,"[500, 500, 500, 500, 500]","[250, 250, 250, 250, 250]",1425,77.48900000000009,163.4710966070933,1
20260930-210411-0c0ed5,2026-09-30T21:34:26,final,test,breakfast_box,breakfast_box/test/structural_anomalies/063,hf_assets/mvtec_loco/mvtec_loco_anomaly_detection/breakfast_box/test/structural_anomalies/063.png,structural_anomaly,1,structural,4,"['breakfast_box/train/good/271', 'breakfast_box/train/good/248', 'breakfast_box/train/good/267', 'breakfast_box/train/good/219']",0,visionzip,0.25,True,sdpa,64,401408,Qwen/Qwen2.5-VL-3B-Instruct-AWQ,ok,,ANOMALOUS,1,ANOMALOUS,False,0.6686419594434423,-1.1716558933258057,-0.4696066484320909,90.43300000007548,1020.6054000000222,47.42319999991196,325.7582999999613,274.0067999998246,58.53520000005119,1484.219899999971,1758.2266999997955,5,2.8437743551503236,3711.10546875,7854.0,2500,625,"[500, 500, 500, 500, 500]","[125, 125, 125, 125, 125]",800,75.64600000000007,137.5437252945992,1
20260930-210411-0c0ed5,2026-09-30T21:34:28,final,test,breakfast_box,breakfast_box/test/structural_anomalies/063,hf_assets/mvtec_loco/mvtec_loco_anomaly_detection/breakfast_box/test/structural_anomalies/063.png,structural_anomaly,1,structural,8,"['breakfast_box/train/good/271', 'breakfast_box/train/good/248', 'breakfast_box/train/good/267', 'breakfast_box/train/good/219', 'breakfast_box/train/good/145', 'breakfast_box/train/good/149', 'breakfast_box/train/good/056', 'breakfast_box/train/good/028']",0,none,1.0,True,sdpa,64,401408,Qwen/Qwen2.5-VL-3B-Instruct-AWQ,ok,,ANOMALOUS,1,ANOMALOUS,False,0.5387026221489187,-0.828417181968689,-0.6732963910326362,160.0909999999658,1825.3385000000435,4.680300000018178,9833.25190000005,274.7108000000935,57.91640000006737,11823.361700000078,12098.072500000171,5,0.41328897640511986,6854.44287109375,7854.0,4500,4500,"[500, 500, 500, 500, 500, 500, 500, 500, 500]","[500, 500, 500, 500, 500, 500, 500, 500, 500]",4711,57.359309559939256,698.5382314536067,1
20260930-210411-0c0ed5,2026-09-30T21:34:40,final,test,breakfast_box,breakfast_box/test/structural_anomalies/063,hf_assets/mvtec_loco/mvtec_loco_anomaly_detection/breakfast_box/test/structural_anomalies/063.png,structural_anomaly,1,structural,8,"['breakfast_box/train/good/271', 'breakfast_box/train/good/248', 'breakfast_box/train/good/267', 'breakfast_box/train/good/219', 'breakfast_box/train/good/145', 'breakfast_box/train/good/149', 'breakfast_box/train/good/056', 'breakfast_box/train/good/028']",0,visionzip,0.75,True,sdpa,64,401408,Qwen/Qwen2.5-VL-3B-Instruct-AWQ,ok,,ANOMALOUS,1,ANOMALOUS,False,0.515332621093668,-0.7787008881568909,-0.7173511687433347,163.08300000014242,1829.1557000000012,84.53069999995932,2691.004099999873,235.37899999996625,59.438499999941996,4767.773499999976,5003.152499999942,5,0.9993698972797767,5478.0888671875,7854.0,4500,3375,"[500, 500, 500, 500, 500, 500, 500, 500, 500]","[375, 375, 375, 375, 375, 375, 375, 375, 375]",3586,81.89006106870214,414.6801977156445,1
20260930-210411-0c0ed5,2026-09-30T21:34:45,final,test,breakfast_box,breakfast_box/test/structural_anomalies/063,hf_assets/mvtec_loco/mvtec_loco_anomaly_detection/breakfast_box/test/structural_anomalies/063.png,structural_anomaly,1,structural,8,"['breakfast_box/train/good/271', 'breakfast_box/train/good/248', 'breakfast_box/train/good/267', 'breakfast_box/train/good/219', 'breakfast_box/train/good/145', 'breakfast_box/train/good/149', 'breakfast_box/train/good/056', 'breakfast_box/train/good/028']",0,visionzip,0.5,True,sdpa,64,401408,Qwen/Qwen2.5-VL-3B-Instruct-AWQ,ok,,ANOMALOUS,1,ANOMALOUS,False,0.5386968821064171,-0.8254517316818237,-0.6703540392918512,156.0028000001239,1834.035399999948,83.19050000000061,1477.0184000001336,252.14280000000144,70.90369999991708,3550.247100000206,3802.3899000002075,5,1.3149624661057844,4403.93701171875,7854.0,4500,2250,"[500, 500, 500, 500, 500, 500, 500, 500, 500]","[250, 250, 250, 250, 250, 250, 250, 250, 250]",2461,80.05263926940638,310.1690261866401,1
20260930-210411-0c0ed5,2026-09-30T21:34:49,final,test,breakfast_box,breakfast_box/test/structural_anomalies/063,hf_assets/mvtec_loco/mvtec_loco_anomaly_detection/breakfast_box/test/structural_anomalies/063.png,structural_anomaly,1,structural,8,"['breakfast_box/train/good/271', 'breakfast_box/train/good/248', 'breakfast_box/train/good/267', 'breakfast_box/train/good/219', 'breakfast_box/train/good/145', 'breakfast_box/train/good/149', 'breakfast_box/train/good/056', 'breakfast_box/train/good/028']",0,visionzip,0.25,True,sdpa,64,401408,Qwen/Qwen2.5-VL-3B-Instruct-AWQ,ok,,ANOMALOUS,1,ANOMALOUS,False,0.6651657688502093,-1.152497410774231,-0.46609670168254524,154.4535000000451,1810.7675999999628,83.93979999982548,586.0016000001451,260.0108999999975,55.20000000001346,2635.1624999999785,2895.173399999976,5,1.7270122749815404,4069.875,7854.0,4500,1125,"[500, 500, 500, 500, 500, 500, 500, 500, 500]","[125, 125, 125, 125, 125, 125, 125, 125, 125]",1336,75.50313529411766,222.8540801436797,1
20260930-210411-0c0ed5,2026-09-30T21:34:52,final,test,breakfast_box,breakfast_box/test/structural_anomalies/063,hf_assets/mvtec_loco/mvtec_loco_anomaly_detection/breakfast_box/test/structural_anomalies/063.png,structural_anomaly,1,structural,1,['breakfast_box/train/good/271'],0,none,1.0,True,sdpa,64,401408,Qwen/Qwen2.5-VL-3B-Instruct-AWQ,ok,,ANOMALOUS,1,ANOMALOUS,False,0.6923572875940012,-1.2523798942565918,-0.44121684529818594,37.956300000132615,377.35879999991084,1.6134999998485,463.2337999998981,236.82460000009087,57.46910000016214,880.1623999997901,1116.986999999881,5,4.476327835507963,3557.0205078125,7854.0,1000,1000,"[500, 500]","[500, 500]",1148,77.26496969696971,91.61212421057101,1
20260930-210411-0c0ed5,2026-09-30T21:34:53,final,test,breakfast_box,breakfast_box/test/structural_anomalies/063,hf_assets/mvtec_loco/mvtec_loco_anomaly_detection/breakfast_box/test/structural_anomalies/063.png,structural_anomaly,1,structural,1,['breakfast_box/train/good/271'],0,visionzip,0.75,True,sdpa,64,401408,Qwen/Qwen2.5-VL-3B-Instruct-AWQ,ok,,ANOMALOUS,1,ANOMALOUS,False,0.7054981971607409,-1.3000136613845825,-0.4263945702696219,40.00140000016472,383.0345000001216,15.624000000116212,373.2246000001851,260.8588000000509,54.97209999998631,811.8845000005876,1072.7433000006386,5,4.660947311436971,3468.9521484375,7854.0,1000,750,"[500, 500]","[375, 375]",898,70.71638596491225,80.16220700230885,1
20260930-210411-0c0ed5,2026-09-30T21:34:54,final,test,breakfast_box,breakfast_box/test/structural_anomalies/063,hf_assets/mvtec_loco/mvtec_loco_anomaly_detection/breakfast_box/test/structural_anomalies/063.png,structural_anomaly,1,structural,1,['breakfast_box/train/good/271'],0,visionzip,0.5,True,sdpa,64,401408,Qwen/Qwen2.5-VL-3B-Instruct-AWQ,ok,,ANOMALOUS,1,ANOMALOUS,False,0.7183355097710242,-1.347504734992981,-0.4112846029456705,37.594500000068365,375.3260999999384,16.70230000013362,249.200399999836,240.73609999982182,54.62770000008277,678.8232999999764,919.5593999997982,5,5.437386644083131,3442.1181640625,7854.0,1000,500,"[500, 500]","[250, 250]",648,71.59794545454545,70.17001750977558,1
20260930-210411-0c0ed5,2026-09-30T21:34:55,final,test,breakfast_box,breakfast_box/test/structural_anomalies/063,hf_assets/mvtec_loco/mvtec_loco_anomaly_detection/breakfast_box/test/structural_anomalies/063.png,structural_anomaly,1,structural,1,['breakfast_box/train/good/271'],0,visionzip,0.25,True,sdpa,64,401408,Qwen/Qwen2.5-VL-3B-Instruct-AWQ,ok,,ANOMALOUS,1,ANOMALOUS,False,0.8632481027417512,-2.079180955886841,-0.23664713255129755,38.27539999997498,384.6797000001061,15.406499999926382,162.6408000001902,257.8625999999531,65.37460000004103,601.0024000001977,858.8650000001508,5,5.821636694939394,3442.1181640625,7854.0,1000,250,"[500, 500]","[125, 125]",398,73.79836538461538,68.6325831254066,1
20260930-210411-0c0ed5,2026-09-30T21:34:56,final,test,breakfast_box,breakfast_box/test/structural_anomalies/063,hf_assets/mvtec_loco/mvtec_loco_anomaly_detection/breakfast_box/test/structural_anomalies/063.png,structural_anomaly,1,structural,2,"['breakfast_box/train/good/271', 'breakfast_box/train/good/248']",0,none,1.0,True,sdpa,64,401408,Qwen/Qwen2.5-VL-3B-Instruct-AWQ,ok,,ANOMALOUS,1,ANOMALOUS,False,0.550285288929606,-0.869989812374115,-0.668166367802769,66.17070000015701,590.4366999998274,2.074300000003859,831.4058999999361,237.22129999987374,63.28170000006139,1490.0875999999244,1727.308899999798,5,2.8946762214914683,3811.6455078125,7854.0,1500,1500,"[500, 500, 500]","[500, 500, 500]",1657,79.74030851063826,143.42780844988542,1
20260930-210411-0c0ed5,2026-09-30T21:34:58,final,test,breakfast_box,breakfast_box/test/structural_anomalies/063,hf_assets/mvtec_loco/mvtec_loco_anomaly_detection/breakfast_box/test/structural_anomalies/063.png,structural_anomaly,1,structural,2,"['breakfast_box/train/good/271', 'breakfast_box/train/good/248']",0,visionzip,0.75,True,sdpa,64,401408,Qwen/Qwen2.5-VL-3B-Instruct-AWQ,ok,,ANOMALOUS,1,ANOMALOUS,False,0.5386424255556294,-0.8462937474250793,-0.6914151919772848,63.64670000016304,589.5043000000442,23.1532000000243,572.615100000121,249.87659999987955,63.955300000088755,1248.9193000003525,1498.795900000232,5,3.3360112607722145,3629.35791015625,7854.0,1500,1125,"[500, 500, 500]","[375, 375, 375]",1282,74.37535294117647,116.80097314291744,1
20260930-210411-0c0ed5,2026-09-30T21:34:59,final,test,breakfast_box,breakfast_box/test/structural_anomalies/063,hf_assets/mvtec_loco/mvtec_loco_anomaly_detection/breakfast_box/test/structural_anomalies/063.png,structural_anomaly,1,structural,2,"['breakfast_box/train/good/271', 'breakfast_box/train/good/248']",0,visionzip,0.5,True,sdpa,64,401408,Qwen/Qwen2.5-VL-3B-Instruct-AWQ,ok,,ANOMALOUS,1,ANOMALOUS,False,0.5998645097870905,-0.9902109503746033,-0.5853103529661894,60.05079999999907,597.6479999999356,23.149899999907575,374.68889999991006,254.93340000002718,61.72219999984918,1055.5375999997523,1310.4709999997795,5,3.8154220887000485,3531.3291015625,7854.0,1500,750,"[500, 500, 500]","[250, 250, 250]",907,69.59958441558445,96.0331585787054,1
20260930-210411-0c0ed5,2026-09-30T21:35:01,final,calibration,breakfast_box,breakfast_box/validation/good/002,hf_assets/mvtec_loco/mvtec_loco_anomaly_detection/breakfast_box/validation/good/002.png,normal,0,none,4,"['breakfast_box/train/good/271', 'breakfast_box/train/good/248', 'breakfast_box/train/good/267', 'breakfast_box/train/good/219']",0,none,1.0,True,sdpa,64,401408,Qwen/Qwen2.5-VL-3B-Instruct-AWQ,ok,,NORMAL,0,NORMAL,False,0.4107970152711948,-0.5814805030822754,-0.9421520410105586,92.74980000009236,1023.8648000001831,15.405800000053205,1684.866300000067,61.78060000002006,62.397300000156974,2816.8867000003956,2878.6673000004157,2,0.6947659425595001,4561.287109375,7854.0,2500,2500,"[500, 500, 500, 500, 500]","[500, 500, 500, 500, 500]",2675,72.74567073170725,214.05295037360924,1
20260930-210411-0c0ed5,2026-09-30T21:35:04,final,calibration,breakfast_box,breakfast_box/validation/good/002,hf_assets/mvtec_loco/mvtec_loco_anomaly_detection/breakfast_box/validation/good/002.png,normal,0,none,4,"['breakfast_box/train/good/271', 'breakfast_box/train/good/248', 'breakfast_box/train/good/267', 'breakfast_box/train/good/219']",0,visionzip,0.75,True,sdpa,64,401408,Qwen/Qwen2.5-VL-3B-Instruct-AWQ,ok,,NORMAL,0,NORMAL,False,0.4645827580208349,-0.680797278881073,-0.8227039051707834,89.04870000014853,1003.1515999999101,50.54989999985082,1161.297900000136,57.737900000120135,62.85090000005766,2304.0481000000455,2361.7860000001656,2,0.8468167734078615,4086.39990234375,7854.0,2500,1875,"[500, 500, 500, 500, 500]","[375, 375, 375, 375, 375]",2050,79.0243455882353,191.69495001705076,1
20260930-210411-0c0ed5,2026-09-30T21:35:06,final,calibration,breakfast_box,breakfast_box/validation/good/002,hf_assets/mvtec_loco/mvtec_loco_anomaly_detection/breakfast_box/validation/good/002.png,normal,0,none,4,"['breakfast_box/train/good/271', 'breakfast_box/train/good/248', 'breakfast_box/train/good/267', 'breakfast_box/train/good/219']",0,visionzip,0.5,True,sdpa,64,401408,Qwen/Qwen2.5-VL-3B-Instruct-AWQ,ok,,ANOMALOUS,1,ANOMALOUS,False,0.5425439164651237,-0.8410507440567017,-0.6704625977436081,89.5860000000539,1009.5939000000271,46.407199999976,640.7424000001356,225.33880000014506,60.28379999997924,1786.3295000001926,2011.6683000003377,5,2.4854992246978096,3711.10546875,7854.0,2500,1250,"[500, 500, 500, 500, 500]","[250, 250, 250, 250, 250]",1425,79.40495726495729,164.63487162297508,0
20260930-210411-0c0ed5,2026-09-30T21:35:08,final,calibration,breakfast_box,breakfast_box/validation/good/002,hf_assets/mvtec_loco/mvtec_loco_anomaly_detection/breakfast_box/validation/good/002.png,normal,0,none,4,"['breakfast_box/train/good/271', 'breakfast_box/train/good/248', 'breakfast_box/train/good/267', 'breakfast_box/train/good/219']",0,visionzip,0.25,True,sdpa,64,401408,Qwen/Qwen2.5-VL-3B-Instruct-AWQ,ok,,ANOMALOUS,1,ANOMALOUS,False,0.6185234583639533,-1.0271663665771484,-0.5438806066522375,86.04009999999107,1007.8739000000496,50.02740000008998,321.1174000000483,251.41280000002553,61.21809999990546,1465.058800000179,1716.4716000002045,5,2.912952361110667,3711.10546875,7854.0,2500,625,"[500, 500, 500, 500, 500]","[125, 125, 125, 125, 125]",800,76.29341999999998,135.73688125104871,0
20260930-210411-0c0ed5,2026-09-30T21:35:10,final,calibration,breakfast_box,breakfast_box/validation/good/002,hf_assets/mvtec_loco/mvtec_loco_anomaly_detection/breakfast_box/validation/good/002.png,normal,0,none,8,"['breakfast_box/train/good/271', 'breakfast_box/train/good/248', 'breakfast_box/train/good/267', 'breakfast_box/train/good/219', 'breakfast_box/train/good/145', 'breakfast_box/train/good/149', 'breakfast_box/train/good/056', 'breakfast_box/train/good/028']",0,none,1.0,True,sdpa,64,401408,Qwen/Qwen2.5-VL-3B-Instruct-AWQ,ok,,NORMAL,0,NORMAL,False,0.4568231897141596,-0.6611038446426392,-0.8342423064168543,163.13829999990048,1809.7502000000532,4.483300000174495,9739.22349999998,69.66379999994388,56.59990000003745,11716.595300000108,11786.259100000052,2,0.1696891255343259,6854.44287109375,7854.0,4500,4500,"[500, 500, 500, 500, 500, 500, 500, 500, 500]","[500, 500, 500, 500, 500, 500, 500, 500, 500]",4711,57.23148115942024,679.1645275160687,1
20260930-210411-0c0ed5,2026-09-30T21:35:22,final,calibration,breakfast_box,breakfast_box/validation/good/002,hf_assets/mvtec_loco/mvtec_loco_anomaly_detection/breakfast_box/validation/good/002.png,normal,0,none,8,"['breakfast_box/train/good/271', 'breakfast_box/train/good/248', 'breakfast_box/train/good/267', 'breakfast_box/train/good/219', 'breakfast_box/train/good/145', 'breakfast_box/train/good/149', 'breakfast_box/train/good/056', 'breakfast_box/train/good/028']",0,visionzip,0.75,True,sdpa,64,401408,Qwen/Qwen2.5-VL-3B-Instruct-AWQ,ok,,ANOMALOUS,1,ANOMALOUS,False,0.5075237049358766,-0.7613974213600159,-0.7313003299059346,161.9326000000001,1808.511300000191,97.65470000002097,2686.9294999999056,234.8605999998199,65.5076000000463,4755.028100000118,4989.888699999938,5,1.0020263578223825,5478.0888671875,7854.0,4500,3375,"[500, 500, 500, 500, 500, 500, 500, 500, 500]","[375, 375, 375, 375, 375, 375, 375, 375, 375]",3586,81.80945733788396,413.68883624187566,0
20260930-210411-0c0ed5,2026-09-30T21:35:27,final,calibration,breakfast_box,breakfast_box/validation/good/002,hf_assets/mvtec_loco/mvtec_loco_anomaly_detection/breakfast_box/validation/good/002.png,normal,0,none,8,"['breakfast_box/train/good/271', 'breakfast_box/train/good/248', 'breakfast_box/train/good/267', 'breakfast_box/train/good/219', 'breakfast_box/train/good/145', 'breakfast_box/train/good/149', 'breakfast_box/train/good/056', 'breakfast_box/train/good/028']",0,visionzip,0.5,True,sdpa,64,401408,Qwen/Qwen2.5-VL-3B-Instruct-AWQ,ok,,ANOMALOUS,1,ANOMALOUS,False,0.5309016456614174,-0.8076117038726807,-0.6838473817333579,152.29859999999462,1795.1339999999618,87.76149999994232,1475.574399999914,222.50620000022536,52.18290000016168,3510.768499999813,3733.274700000038,5,1.3393067485765109,4403.93701171875,7854.0,4500,2250,"[500, 500, 500, 500, 500, 500, 500, 500, 500]","[250, 250, 250, 250, 250, 250, 250, 250, 250]",2461,79.96433027522937,302.80689479224515,0
20260930-210411-0c0ed5,2026-09-30T21:35:31,final,calibration,breakfast_box,breakfast_box/validation/good/002,hf_assets/mvtec_loco/mvtec_loco_anomaly_detection/breakfast_box/validation/good/002.png,normal,0,none,8,"['breakfast_box/train/good/271', 'breakfast_box/train/good/248', 'breakfast_box/train/good/267', 'breakfast_box/train/good/219', 'breakfast_box/train/good/145', 'breakfast_box/train/good/149', 'breakfast_box/train/good/056', 'breakfast_box/train/good/028']",0,visionzip,0.25,True,sdpa,64,401408,Qwen/Qwen2.5-VL-3B-Instruct-AWQ,ok,,ANOMALOUS,1,ANOMALOUS,False,0.6546278261334605,-1.1201493740081787,-0.4807051046518609,169.52130000004217,1810.5785000000196,82.52730000003794,579.1534999998476,250.91680000014094,56.46930000011707,2641.7805999999473,2892.6974000000882,5,1.7284905085474365,4069.875,7854.0,4500,1125,"[500, 500, 500, 500, 500, 500, 500, 500, 500]","[125, 125, 125, 125, 125, 125, 125, 125, 125]",1336,75.52925000000006,222.8520204245211,0
20260930-210411-0c0ed5,2026-09-30T21:35:34,final,calibration,breakfast_box,breakfast_box/validation/good/002,hf_assets/mvtec_loco/mvtec_loco_anomaly_detection/breakfast_box/validation/good/002.png,normal,0,none,1,['breakfast_box/train/good/271'],0,none,1.0,True,sdpa,64,401408,Qwen/Qwen2.5-VL-3B-Instruct-AWQ,ok,,ANOMALOUS,1,ANOMALOUS,False,0.6474346456115369,-1.1191785335540771,-0.5113966860808432,38.43729999994139,373.7246000000596,2.9240999999728956,459.30459999999584,261.72090000000026,57.41140000009182,874.3905999999697,1136.11149999997,5,4.400976488663421,3557.0205078125,7854.0,1000,1000,"[500, 500]","[500, 500]",1148,71.97257971014494,86.63381163805316,0
20260930-210411-0c0ed5,2026-09-30T21:35:35,final,calibration,breakfast_box,breakfast_box/validation/good/002,hf_assets/mvtec_loco/mvtec_loco_anomaly_detection/breakfast_box/validation/good/002.png,normal,0,none,1,['breakfast_box/train/good/271'],0,visionzip,0.75,True,sdpa,64,401408,Qwen/Qwen2.5-VL-3B-Instruct-AWQ,ok,,ANOMALOUS,1,ANOMALOUS,False,0.695641991617045,-1.271694302558899,-0.4450638220878318,39.28079999991496,384.50769999985823,16.94550000001982,367.64180000000124,274.8956000000362,59.50699999993958,808.3757999997943,1083.2713999998305,5,4.615648488458924,3468.9521484375,7854.0,1000,750,"[500, 500]","[375, 375]",898,74.92124637681158,86.1348891330107,0
20260930-210411-0c0ed5,2026-09-30T21:35:36,final,calibration,breakfast_box,breakfast_box/validation/good/002,hf_assets/mvtec_loco/mvtec_loco_anomaly_detection/breakfast_box/validation/good/002.png,normal,0,none,1,['breakfast_box/train/good/271'],0,visionzip,0.5,True,sdpa,64,401408,Qwen/Qwen2.5-VL-3B-Instruct-AWQ,ok,,ANOMALOUS,1,ANOMALOUS,False,0.7214479698815331,-1.367306113243103,-0.4156507160514593,37.46509999996306,380.29009999991104,15.273600000000442,249.43389999998544,266.12230000000636,67.59269999997741,682.46269999986,948.5849999998663,5,5.271008923818851,3442.1181640625,7854.0,1000,500,"[500, 500]","[250, 250]",648,68.70061666666668,70.28799937523918,0
20260930-210411-0c0ed5,2026-09-30T21:35:37,final,calibration,breakfast_box,breakfast_box/validation/good/002,hf_assets/mvtec_loco/mvtec_loco_anomaly_detection/breakfast_box/validation/good/002.png,normal,0,none,1,['breakfast_box/train/good/271'],0,visionzip,0.25,True,sdpa,64,401408,Qwen/Qwen2.5-VL-3B-Instruct-AWQ,ok,,ANOMALOUS,1,ANOMALOUS,False,0.7575329737043196,-1.5202109813690186,-0.381009642384015,34.67380000006415,375.914499999908,15.39720000005218,161.70830000010028,256.6392999999607,71.51960000010149,587.6938000001246,844.3331000000853,5,5.921833456487131,3442.1181640625,7854.0,1000,250,"[500, 500]","[125, 125]",398,71.94096491228065,66.5588455042855,0
20260930-210411-0c0ed5,2026-09-30T21:35:38,final,calibration,breakfast_box,breakfast_box/validation/good/002,hf_assets/mvtec_loco/mvtec_loco_anomaly_detection/breakfast_box/validation/good/002.png,normal,0,none,2,"['breakfast_box/train/good/271', 'breakfast_box/train/good/248']",0,none,1.0,True,sdpa,64,401408,Qwen/Qwen2.5-VL-3B-Instruct-AWQ,ok,,ANOMALOUS,1,ANOMALOUS,False,0.5113503013027261,-0.7866665124893188,-0.7412575061898679,57.6946000001044,591.414499999928,2.085600000100385,822.5321999998414,253.87030000001687,69.54619999987699,1473.7268999999742,1727.597199999991,5,2.8941931603038173,3811.6455078125,7854.0,1500,1500,"[500, 500, 500]","[500, 500, 500]",1657,79.43285321100912,143.36772129771526,0
20260930-210411-0c0ed5,2026-09-30T21:35:40,final,calibration,breakfast_box,breakfast_box/validation/good/002,hf_assets/mvtec_loco/mvtec_loco_anomaly_detection/breakfast_box/validation/good/002.png,normal,0,none,2,"['breakfast_box/train/good/271', 'breakfast_box/train/good/248']",0,visionzip,0.75,True,sdpa,64,401408,Qwen/Qwen2.5-VL-3B-Instruct-AWQ,ok,,ANOMALOUS,1,ANOMALOUS,False,0.6147487854845973,-1.0301340818405151,-0.5628160031046718,56.56429999999091,600.4574000000957,22.617000000082044,569.736599999942,271.39610000017456,63.80310000008649,1249.3753000001107,1520.7714000002852,5,3.2878051231099312,3629.35791015625,7854.0,1500,1125,"[500, 500, 500]","[375, 375, 375]",1282,76.84295698924734,122.38323617800684,0
20260930-210411-0c0ed5,2026-09-30T21:35:42,final,calibration,breakfast_box,breakfast_box/validation/good/002,hf_assets/mvtec_loco/mvtec_loco_anomaly_detection/breakfast_box/validation/good/002.png,normal,0,none,2,"['breakfast_box/train/good/271', 'breakfast_box/train/good/248']",0,visionzip,0.5,True,sdpa,64,401408,Qwen/Qwen2.5-VL-3B-Instruct-AWQ,ok,,ANOMALOUS,1,ANOMALOUS,False,0.5998429285355873,-0.990134596824646,-0.5853239103453234,58.28150000002097,590.639900000042,22.837100000060673,370.12929999991684,234.81680000008964,58.89589999992495,1041.8878000000404,1276.70460000013,5,3.91633272097515,3531.3291015625,7854.0,1500,750,"[500, 500, 500]","[250, 250, 250]",907,76.29313888888883,102.51713538112315,0
20260930-210411-0c0ed5,2026-09-30T21:35:43,final,calibration,breakfast_box,breakfast_box/validation/good/002,hf_assets/mvtec_loco/mvtec_loco_anomaly_detection/breakfast_box/validation/good/002.png,normal,0,none,2,"['breakfast_box/train/good/271', 'breakfast_box/train/good/248']",0,visionzip,0.25,True,sdpa,64,401408,Qwen/Qwen2.5-VL-3B-Instruct-AWQ,ok,,ANOMALOUS,1,ANOMALOUS,False,0.6221375455524193,-1.0592310428619385,-0.5606000925181434,56.388800000149786,594.0576999998939,24.544399999967936,202.28389999988394,231.69690000008814,59.3975000001592,877.2747999998955,1108.9716999999837,5,4.508681330641777,3531.3291015625,7854.0,1500,375,"[500, 500, 500]","[125, 125, 125]",532,71.97541666666672,84.8533014019227,0
20260930-210411-0c0ed5,2026-09-30T21:35:44,final,calibration,breakfast_box,breakfast_box/validation/good/003,hf_assets/mvtec_loco/mvtec_loco_anomaly_detection/breakfast_box/validation/good/003.png,normal,0,none,4,"['breakfast_box/train/good/271', 'breakfast_box/train/good/248', 'breakfast_box/train/good/267', 'breakfast_box/train/good/219']",0,visionzip,0.75,True,sdpa,64,401408,Qwen/Qwen2.5-VL-3B-Instruct-AWQ,ok,,NORMAL,0,NORMAL,False,0.4336779913700982,-0.6210597157478333,-0.8879202486714348,88.94450000002507,1008.160000000089,50.82900000002155,1155.7299999999486,60.82550000019182,72.91520000012497,2303.6635000000842,2364.489000000276,2,0.8458487224934295,4086.39990234375,7854.0,2500,1875,"[500, 500, 500, 500, 500]","[375, 375, 375, 375, 375]",2050,77.95316417910453,190.1089651296328,1
20260930-210411-0c0ed5,2026-09-30T21:35:47,final,calibration,breakfast_box,breakfast_box/validation/good/003,hf_assets/mvtec_loco/mvtec_loco_anomaly_detection/breakfast_box/validation/good/003.png,normal,0,none,4,"['breakfast_box/train/good/271', 'breakfast_box/train/good/248', 'breakfast_box/train/good/267', 'breakfast_box/train/good/219']",0,visionzip,0.5,True,sdpa,64,401408,Qwen/Qwen2.5-VL-3B-Instruct-AWQ,ok,,NORMAL,0,NORMAL,False,0.43366289429353166,-0.6216035485267639,-0.8885255515342578,90.09379999997691,1009.7266000000218,49.51360000018212,643.6048999999002,65.82760000014787,54.505899999867324,1792.938900000081,1858.766500000229,2,1.0759823786364526,3711.10546875,7854.0,2500,1250,"[500, 500, 500, 500, 500]","[250, 250, 250, 250, 250]",1425,77.80734905660375,148.97937297374054,1
20260930-210411-0c0ed5,2026-09-30T21:35:49,final,calibration,breakfast_box,breakfast_box/validation/good/003,hf_assets/mvtec_loco/mvtec_loco_anomaly_detection/breakfast_box/validation/good/003.png,normal,0,none,4,"['breakfast_box/train/good/271', 'breakfast_box/train/good/248', 'breakfast_box/train/good/267', 'breakfast_box/train/good/219']",0,visionzip,0.25,True,sdpa,64,401408,Qwen/Qwen2.5-VL-3B-Instruct-AWQ,ok,,ANOMALOUS,1,ANOMALOUS,False,0.61850561892905,-1.0288887023925781,-0.5456785479327664,95.45170000001235,1010.7772999999725,49.0729000000556,320.11720000014066,269.5381000000907,58.50740000005317,1475.419100000181,1744.9572000002718,5,2.8653997931864583,3711.10546875,7854.0,2500,625,"[500, 500, 500, 500, 500]","[125, 125, 125, 125, 125]",800,75.22666666666666,135.75226731732278,0
20260930-210411-0c0ed5,2026-09-30T21:35:51,final,calibration,breakfast_box,breakfast_box/validation/good/003,hf_assets/mvtec_loco/mvtec_loco_anomaly_detection/breakfast_box/validation/good/003.png,normal,0,none,8,"['breakfast_box/train/good/271', 'breakfast_box/train/good/248', 'breakfast_box/train/good/267', 'breakfast_box/train/good/219', 'breakfast_box/train/good/145', 'breakfast_box/train/good/149', 'breakfast_box/train/good/056', 'breakfast_box/train/good/028']",0,none,1.0,True,sdpa,64,401408,Qwen/Qwen2.5-VL-3B-Instruct-AWQ,ok,,NORMAL,0,NORMAL,False,0.47629719894263517,-0.7003799676895142,-0.7952622906304896,158.17040000001725,1819.110099999989,3.754299999854993,9802.270200000066,70.20339999985481,54.55030000007355,11783.304999999928,11853.508399999782,2,0.16872641689780526,6854.44287109375,7854.0,4500,4500,"[500, 500, 500, 500, 500, 500, 500, 500, 500]","[500, 500, 500, 500, 500, 500, 500, 500, 500]",4711,57.314252265860844,683.749188674609,1
20260930-210411-0c0ed5,2026-09-30T21:36:03,final,calibration,breakfast_box,breakfast_box/validation/good/003,hf_assets/mvtec_loco/mvtec_loco_anomaly_detection/breakfast_box/validation/good/003.png,normal,0,none,8,"['breakfast_box/train/good/271', 'breakfast_box/train/good/248', 'breakfast_box/train/good/267', 'breakfast_box/train/good/219', 'breakfast_box/train/good/145', 'breakfast_box/train/good/149', 'breakfast_box/train/good/056', 'breakfast_box/train/good/028']",0,visionzip,0.75,True,sdpa,64,401408,Qwen/Qwen2.5-VL-3B-Instruct-AWQ,ok,,ANOMALOUS,1,ANOMALOUS,False,0.5114397225411427,-0.7706597447395325,-0.7248928676126525,154.47369999992588,1794.333800000004,85.5911000001015,2700.3446999999596,233.14879999998084,52.635199999940596,4734.743299999991,4967.892099999972,5,1.0064630832058588,5478.0888671875,7854.0,4500,3375,"[500, 500, 500, 500, 500, 500, 500, 500, 500]","[375, 375, 375, 375, 375, 375, 375, 375, 375]",3586,81.61973010380623,409.87868705089176,0
20260930-210411-0c0ed5,2026-09-30T21:36:08,final,calibration,breakfast_box,breakfast_box/validation/good/003,hf_assets/mvtec_loco/mvtec_loco_anomaly_detection/breakfast_box/validation/good/003.png,normal,0,none,8,"['breakfast_box/train/good/271', 'breakfast_box/train/good/248', 'breakfast_box/train/good/267', 'breakfast_box/train/good/219', 'breakfast_box/train/good/145', 'breakfast_box/train/good/149', 'breakfast_box/train/good/056', 'breakfast_box/train/good/028']",0,visionzip,0.5,True,sdpa,64,401408,Qwen/Qwen2.5-VL-3B-Instruct-AWQ,ok,,ANOMALOUS,1,ANOMALOUS,False,0.5309168293229389,-0.8096317648887634,-0.6858064751140773,157.47269999997116,1796.637099999998,85.52969999982452,1470.9933000001456,235.1829000001544,56.63619999995717,3510.6327999999394,3745.815700000094,5,1.3348227463513154,4403.93701171875,7854.0,4500,2250,"[500, 500, 500, 500, 500, 500, 500, 500, 500]","[250, 250, 250, 250, 250, 250, 250, 250, 250]",2461,81.00400458715607,308.1332634544083,0
20260930-210411-0c0ed5,2026-09-30T21:36:11,final,calibration,breakfast_box,breakfast_box/validation/good/003,hf_assets/mvtec_loco/mvtec_loco_anomaly_detection/breakfast_box/validation/good/003.png,normal,0,none,8,"['breakfast_box/train/good/271', 'breakfast_box/train/good/248', 'breakfast_box/train/good/267', 'breakfast_box/train/good/219', 'breakfast_box/train/good/145', 'breakfast_box/train/good/149', 'breakfast_box/train/good/056', 'breakfast_box/train/good/028']",0,visionzip,0.25,True,sdpa,64,401408,Qwen/Qwen2.5-VL-3B-Instruct-AWQ,ok,,ANOMALOUS,1,ANOMALOUS,False,0.6686042598271597,-1.1614227294921875,-0.45954363513737917,155.54150000002664,1825.780899999927,84.54100000017206,580.2814000001035,248.0760000000828,70.06920000003447,2646.144800000229,2894.220800000312,5,1.727580701513672,4069.875,7854.0,4500,1125,"[500, 500, 500, 500, 500, 500, 500, 500, 500]","[125, 125, 125, 125, 125, 125, 125, 125, 125]",1336,74.58137423312884,221.1767110983764,0
20260930-210411-0c0ed5,2026-09-30T21:36:14,final,calibration,breakfast_box,breakfast_box/validation/good/003,hf_assets/mvtec_loco/mvtec_loco_anomaly_detection/breakfast_box/validation/good/003.png,normal,0,none,1,['breakfast_box/train/good/271'],0,none,1.0,True,sdpa,64,401408,Qwen/Qwen2.5-VL-3B-Instruct-AWQ,ok,,ANOMALOUS,1,ANOMALOUS,False,0.599817767509813,-0.990748941898346,-0.5860430782195181,36.19609999987006,380.5131999999958,2.194099999996979,457.19129999997676,263.1354000000101,60.928000000103566,876.0946999998396,1139.2300999998497,5,4.3889289793174004,3557.0205078125,7854.0,1000,1000,"[500, 500]","[500, 500]",1148,77.1555131578947,93.36229874100331,0
20260930-210411-0c0ed5,2026-09-30T21:36:16,final,calibration,breakfast_box,breakfast_box/validation/good/003,hf_assets/mvtec_loco/mvtec_loco_anomaly_detection/breakfast_box/validation/good/003.png,normal,0,none,1,['breakfast_box/train/good/271'],0,visionzip,0.75,True,sdpa,64,401408,Qwen/Qwen2.5-VL-3B-Instruct-AWQ,ok,,ANOMALOUS,1,ANOMALOUS,False,0.5960446752611048,-0.9884748458862305,-0.5994635126553476,36.04369999993651,373.11030000000756,18.468100000063714,367.204799999854,274.1718999998284,69.80750000002445,794.8268999998618,1068.9987999996902,5,4.67727372565942,3468.9521484375,7854.0,1000,750,"[500, 500]","[375, 375]",898,78.84959701492534,90.25200569941228,0
20260930-210411-0c0ed5,2026-09-30T21:36:17,final,calibration,breakfast_box,breakfast_box/validation/good/003,hf_assets/mvtec_loco/mvtec_loco_anomaly_detection/breakfast_box/validation/good/003.png,normal,0,none,1,['breakfast_box/train/good/271'],0,visionzip,0.5,True,sdpa,64,401408,Qwen/Qwen2.5-VL-3B-Instruct-AWQ,ok,,ANOMALOUS,1,ANOMALOUS,False,0.6923237379151785,-1.2687015533447266,-0.4576960108242929,37.32290000016292,381.2473999998929,15.616299999919647,249.3082000000868,261.585999999852,71.70539999992798,683.4948000000622,945.0807999999142,5,5.29055293473368,3442.1181640625,7854.0,1000,500,"[500, 500]","[250, 250]",648,72.57851851851852,74.30450100955699,0
20260930-210411-0c0ed5,2026-09-30T21:36:18,final,calibration,breakfast_box,breakfast_box/validation/good/003,hf_assets/mvtec_loco/mvtec_loco_anomaly_detection/breakfast_box/validation/good/003.png,normal,0,none,1,['breakfast_box/train/good/271'],0,visionzip,0.25,True,sdpa,64,401408,Qwen/Qwen2.5-VL-3B-Instruct-AWQ,ok,,ANOMALOUS,1,ANOMALOUS,False,0.7743175208591655,-1.5881754159927368,-0.35532244469504803,36.18899999992209,377.39990000000034,15.332200000102603,161.9246000000203,241.332199999988,63.292599999840604,590.8457000000453,832.1779000000333,5,6.008330670641217,3442.1181640625,7854.0,1000,250,"[500, 500]","[125, 125]",398,62.32202000000001,56.27170481536636,0
20260930-210411-0c0ed5,2026-09-30T21:36:19,final,calibration,breakfast_box,breakfast_box/validation/good/003,hf_assets/mvtec_loco/mvtec_loco_anomaly_detection/breakfast_box/validation/good/003.png,normal,0,none,2,"['breakfast_box/train/good/271', 'breakfast_box/train/good/248']",0,none,1.0,True,sdpa,64,401408,Qwen/Qwen2.5-VL-3B-Instruct-AWQ,ok,,NORMAL,0,NORMAL,False,0.4918446179854246,-0.7475056648254395,-0.7801300862338394,57.74580000002061,595.3581000001122,1.876999999922191,827.0766000000549,59.07769999998891,62.23449999993136,1482.05750000011,1541.1352000000988,2,1.2977446754832878,3811.6455078125,7854.0,1500,1500,"[500, 500, 500]","[500, 500, 500]",1657,76.75976923076924,123.87308102613044,1
20260930-210411-0c0ed5,2026-09-30T21:36:20,final,calibration,breakfast_box,breakfast_box/validation/good/003,hf_assets/mvtec_loco/mvtec_loco_anomaly_detection/breakfast_box/validation/good/003.png,normal,0,none,2,"['breakfast_box/train/good/271', 'breakfast_box/train/good/248']",0,visionzip,0.75,True,sdpa,64,401408,Qwen/Qwen2.5-VL-3B-Instruct-AWQ,ok,,ANOMALOUS,1,ANOMALOUS,False,0.5035545524565069,-0.7727693319320679,-0.7585508825723082,59.46160000007694,591.9475000000602,22.914099999979953,568.3324999999968,224.4201000000885,58.18150000004607,1242.655700000114,1467.0758000002024,5,3.408140192892085,3629.35791015625,7854.0,1500,1125,"[500, 500, 500]","[375, 375, 375]",1282,73.56821590909094,112.7926257262667,0
20260930-210411-0c0ed5,2026-09-30T21:36:22,final,calibration,breakfast_box,breakfast_box/validation/good/003,hf_assets/mvtec_loco/mvtec_loco_anomaly_detection/breakfast_box/validation/good/003.png,normal,0,none,2,"['breakfast_box/train/good/271', 'breakfast_box/train/good/248']",0,visionzip,0.5,True,sdpa,64,401408,Qwen/Qwen2.5-VL-3B-Instruct-AWQ,ok,,ANOMALOUS,1,ANOMALOUS,False,0.5502573567305831,-0.8710477948188782,-0.6693372200243175,62.08059999994475,581.6844999999375,23.27089999994314,370.517800000016,240.01769999995304,59.13290000012239,1037.5537999998414,1277.5714999997945,5,3.9136752815797817,3531.3291015625,7854.0,1500,750,"[500, 500, 500]","[250, 250, 250]",907,75.20541333333333,101.17409073520248,0
20260930-210411-0c0ed5,2026-09-30T21:36:23,final,calibration,breakfast_box,breakfast_box/validation/good/003,hf_assets/mvtec_loco/mvtec_loco_anomaly_detection/breakfast_box/validation/good/003.png,normal,0,none,2,"['breakfast_box/train/good/271', 'breakfast_box/train/good/248']",0,visionzip,0.25,True,sdpa,64,401408,Qwen/Qwen2.5-VL-3B-Instruct-AWQ,ok,,ANOMALOUS,1,ANOMALOUS,False,0.6403101771939637,-1.1137588024139404,-0.5370481483405456,58.53890000003048,590.4978999999457,23.34799999994175,203.9686000000529,227.8562999999849,56.66180000002896,876.3533999999709,1104.2096999999558,5,4.528125409512523,3531.3291015625,7854.0,1500,375,"[500, 500, 500]","[125, 125, 125]",532,74.55973529411773,87.1462014889901,0
20260930-210411-0c0ed5,2026-09-30T21:36:25,final,calibration,breakfast_box,breakfast_box/validation/good/003,hf_assets/mvtec_loco/mvtec_loco_anomaly_detection/breakfast_box/validation/good/003.png,normal,0,none,4,"['breakfast_box/train/good/271', 'breakfast_box/train/good/248', 'breakfast_box/train/good/267', 'breakfast_box/train/good/219']",0,none,1.0,True,sdpa,64,401408,Qwen/Qwen2.5-VL-3B-Instruct-AWQ,ok,,NORMAL,0,NORMAL,False,0.4375313702211803,-0.6285673379898071,-0.8797542946413159,93.07509999985086,1010.3747999999086,11.496700000179771,1652.014300000019,69.58779999990838,66.74599999996644,2766.960899999958,2836.5486999998666,2,0.7050822007745166,4561.287109375,7854.0,2500,2500,"[500, 500, 500, 500, 500]","[500, 500, 500, 500, 500]",2675,80.50747019867549,233.84226361372146,1
20260930-210411-0c0ed5,2026-09-30T21:36:28,final,calibration,breakfast_box,breakfast_box/validation/good/004,hf_assets/mvtec_loco/mvtec_loco_anomaly_detection/breakfast_box/validation/good/004.png,normal,0,none,4,"['breakfast_box/train/good/271', 'breakfast_box/train/good/248', 'breakfast_box/train/good/267', 'breakfast_box/train/good/219']",0,visionzip,0.5,True,sdpa,64,401408,Qwen/Qwen2.5-VL-3B-Instruct-AWQ,ok,,ANOMALOUS,1,ANOMALOUS,False,0.5425532789768605,-0.8407139182090759,-0.6700880486750975,90.5416000000514,1014.951500000052,47.68720000015492,639.2492999998467,257.1450000000368,59.97709999996914,1792.429600000105,2049.574600000142,5,2.4395306225982964,3711.10546875,7854.0,2500,1250,"[500, 500, 500, 500, 500]","[250, 250, 250, 250, 250]",1425,78.0509572649572,164.7751788591629,0
20260930-210411-0c0ed5,2026-09-30T21:36:30,final,calibration,breakfast_box,breakfast_box/validation/good/004,hf_assets/mvtec_loco/mvtec_loco_anomaly_detection/breakfast_box/validation/good/004.png,normal,0,none,4,"['breakfast_box/train/good/271', 'breakfast_box/train/good/248', 'breakfast_box/train/good/267', 'breakfast_box/train/good/219']",0,visionzip,0.25,True,sdpa,64,401408,Qwen/Qwen2.5-VL-3B-Instruct-AWQ,ok,,ANOMALOUS,1,ANOMALOUS,False,0.5886185214684367,-0.9506956338882446,-0.5924382872181013,85.08000000006177,1008.7777000001097,50.31010000016067,318.4043000001111,270.20219999985784,72.74140000004081,1462.5721000004432,1732.774300000301,5,2.885546028700409,3711.10546875,7854.0,2500,625,"[500, 500, 500, 500, 500]","[125, 125, 125, 125, 125]",800,73.76300000000002,133.25900395788744,0
20260930-210411-0c0ed5,2026-09-30T21:36:32,final,calibration,breakfast_box,breakfast_box/validation/good/004,hf_assets/mvtec_loco/mvtec_loco_anomaly_detection/breakfast_box/validation/good/004.png,normal,0,none,8,"['breakfast_box/train/good/271', 'breakfast_box/train/good/248', 'breakfast_box/train/good/267', 'breakfast_box/train/good/219', 'breakfast_box/train/good/145', 'breakfast_box/train/good/149', 'breakfast_box/train/good/056', 'breakfast_box/train/good/028']",0,none,1.0,True,sdpa,64,401408,Qwen/Qwen2.5-VL-3B-Instruct-AWQ,ok,,ANOMALOUS,1,ANOMALOUS,False,0.5192263538657599,-0.7888972163200378,-0.7119538628030568,154.6022999998513,1816.5220999999292,3.9209999999911815,9812.98680000009,272.5511999999526,59.25230000002557,11788.032199999861,12060.583399999814,5,0.4145736432617411,6854.44287109375,7854.0,4500,4500,"[500, 500, 500, 500, 500, 500, 500, 500, 500]","[500, 500, 500, 500, 500, 500, 500, 500, 500]",4711,57.739867362145944,701.0846638986618,0
20260930-210411-0c0ed5,2026-09-30T21:36:44,final,calibration,breakfast_box,breakfast_box/validation/good/004,hf_assets/mvtec_loco/mvtec_loco_anomaly_detection/breakfast_box/validation/good/004.png,normal,0,none,8,"['breakfast_box/train/good/271', 'breakfast_box/train/good/248', 'breakfast_box/train/good/267', 'breakfast_box/train/good/219', 'breakfast_box/train/good/145', 'breakfast_box/train/good/149', 'breakfast_box/train/good/056', 'breakfast_box/train/good/028']",0,visionzip,0.75,True,sdpa,64,401408,Qwen/Qwen2.5-VL-3B-Instruct-AWQ,ok,,ANOMALOUS,1,ANOMALOUS,False,0.5153374034434275,-0.7796871066093445,-0.7183182397857308,152.81430000004548,1796.5160999999625,88.38590000004842,2673.75630000015,248.38359999989734,55.000400000153604,4711.4726000002065,4959.856200000104,5,1.0080937427177616,5478.0888671875,7854.0,4500,3375,"[500, 500, 500, 500, 500, 500, 500, 500, 500]","[375, 375, 375, 375, 375, 375, 375, 375, 375]",3586,82.69428275862062,414.7932322864283,0
20260930-210411-0c0ed5,2026-09-30T21:36:49,final,calibration,breakfast_box,breakfast_box/validation/good/004,hf_assets/mvtec_loco/mvtec_loco_anomaly_detection/breakfast_box/validation/good/004.png,normal,0,none,8,"['breakfast_box/train/good/271', 'breakfast_box/train/good/248', 'breakfast_box/train/good/267', 'breakfast_box/train/good/219', 'breakfast_box/train/good/145', 'breakfast_box/train/good/149', 'breakfast_box/train/good/056', 'breakfast_box/train/good/028']",0,visionzip,0.5,True,sdpa,64,401408,Qwen/Qwen2.5-VL-3B-Instruct-AWQ,ok,,ANOMALOUS,1,ANOMALOUS,False,0.5309100609473417,-0.8080342411994934,-0.6842361288145185,150.95259999998234,1828.0131999999867,90.8887999999024,1471.4965000000575,265.504700000065,58.81490000001577,3541.351099999929,3806.855799999994,5,1.313419856880318,4403.93701171875,7854.0,4500,2250,"[500, 500, 500, 500, 500, 500, 500, 500, 500]","[250, 250, 250, 250, 250, 250, 250, 250, 250]",2461,77.38099014778334,299.23386747367726,0
20260930-210411-0c0ed5,2026-09-30T21:36:53,final,calibration,breakfast_box,breakfast_box/validation/good/004,hf_assets/mvtec_loco/mvtec_loco_anomaly_detection/breakfast_box/validation/good/004.png,normal,0,none,8,"['breakfast_box/train/good/271', 'breakfast_box/train/good/248', 'breakfast_box/train/good/267', 'breakfast_box/train/good/219', 'breakfast_box/train/good/145', 'breakfast_box/train/good/149', 'breakfast_box/train/good/056', 'breakfast_box/train/good/028']",0,visionzip,0.25,True,sdpa,64,401408,Qwen/Qwen2.5-VL-3B-Instruct-AWQ,ok,,ANOMALOUS,1,ANOMALOUS,False,0.5772223426867658,-0.9158859252929688,-0.6045047984225675,154.7834000000421,1843.2390999998916,88.25230000002193,579.0713999999753,255.8893000000353,57.18309999997473,2665.346199999931,2921.235499999966,5,1.7116045590983877,4069.875,7854.0,4500,1125,"[500, 500, 500, 500, 500, 500, 500, 500, 500]","[125, 125, 125, 125, 125, 125, 125, 125, 125]",1336,76.42720786516871,227.72384603118698,0
20260930-210411-0c0ed5,2026-09-30T21:36:56,final,calibration,breakfast_box,breakfast_box/validation/good/004,hf_assets/mvtec_loco/mvtec_loco_anomaly_detection/breakfast_box/validation/good/004.png,normal,0,none,1,['breakfast_box/train/good/271'],0,none,1.0,True,sdpa,64,401408,Qwen/Qwen2.5-VL-3B-Instruct-AWQ,ok,,ANOMALOUS,1,ANOMALOUS,False,0.6438738461410731,-1.108849287033081,-0.5166315040551126,36.841699999968114,375.8024999999634,1.5793000000030588,456.1719000000721,261.9267000000036,60.60029999980543,870.3954000000067,1132.3221000000103,5,4.415704683322841,3557.0205078125,7854.0,1000,1000,"[500, 500]","[500, 500]",1148,75.46975384615388,90.83880696210335,0
20260930-210411-0c0ed5,2026-09-30T21:36:57,final,calibration,breakfast_box,breakfast_box/validation/good/004,hf_assets/mvtec_loco/mvtec_loco_anomaly_detection/breakfast_box/validation/good/004.png,normal,0,none,1,['breakfast_box/train/good/271'],0,visionzip,0.75,True,sdpa,64,401408,Qwen/Qwen2.5-VL-3B-Instruct-AWQ,ok,,ANOMALOUS,1,ANOMALOUS,False,0.6856246017536775,-1.236292839050293,-0.45655039651319385,38.38040000005094,389.8996000000352,15.73869999992894,367.5711000000774,277.76169999992817,60.592099999894344,811.5898000000925,1089.3515000000207,5,4.589886735364944,3468.9521484375,7854.0,1000,750,"[500, 500]","[375, 375]",898,74.14097058823539,85.81692047348218,0
20260930-210411-0c0ed5,2026-09-30T21:36:58,final,calibration,breakfast_box,breakfast_box/validation/good/004,hf_assets/mvtec_loco/mvtec_loco_anomaly_detection/breakfast_box/validation/good/004.png,normal,0,none,1,['breakfast_box/train/good/271'],0,visionzip,0.5,True,sdpa,64,401408,Qwen/Qwen2.5-VL-3B-Instruct-AWQ,ok,,ANOMALOUS,1,ANOMALOUS,False,0.6545578887038968,-1.1455175876617432,-0.5063826376572251,37.4887000000399,375.963400000046,17.024799999944662,249.85719999995126,246.53439999997317,61.26959999983228,680.3340999999818,926.868499999955,5,5.394508498239224,3442.1181640625,7854.0,1000,500,"[500, 500]","[250, 250]",648,66.4838113207547,66.10511288310414,0
20260930-210411-0c0ed5,2026-09-30T21:36:59,final,calibration,breakfast_box,breakfast_box/validation/good/004,hf_assets/mvtec_loco/mvtec_loco_anomaly_detection/breakfast_box/validation/good/004.png,normal,0,none,1,['breakfast_box/train/good/271'],0,visionzip,0.25,True,sdpa,64,401408,Qwen/Qwen2.5-VL-3B-Instruct-AWQ,ok,,ANOMALOUS,1,ANOMALOUS,False,0.7087302403775463,-1.3304457664489746,-0.44122063810937107,35.605400000122245,378.9950000000317,15.58430000000044,162.210800000139,235.89560000004894,59.64820000008331,592.3955000002934,828.2911000003423,5,6.036525081578123,3442.1181640625,7854.0,1000,250,"[500, 500]","[125, 125]",398,73.58553061224487,65.76122529355959,0
20260930-210411-0c0ed5,2026-09-30T21:37:00,final,calibration,breakfast_box,breakfast_box/validation/good/004,hf_assets/mvtec_loco/mvtec_loco_anomaly_detection/breakfast_box/validation/good/004.png,normal,0,none,2,"['breakfast_box/train/good/271', 'breakfast_box/train/good/248']",0,none,1.0,True,sdpa,64,401408,Qwen/Qwen2.5-VL-3B-Instruct-AWQ,ok,,ANOMALOUS,1,ANOMALOUS,False,0.5152664604752674,-0.7982137799263,-0.7371289510047063,60.22619999998824,588.9283999999861,9.750400000029913,822.6109999998243,246.09349999991537,64.57180000006701,1481.5159999998286,1727.609499999744,5,2.894172554619977,3811.6455078125,7854.0,1500,1500,"[500, 500, 500]","[500, 500, 500]",1657,74.49185148514857,133.59019278563855,0
20260930-210411-0c0ed5,2026-09-30T21:37:02,final,calibration,breakfast_box,breakfast_box/validation/good/004,hf_assets/mvtec_loco/mvtec_loco_anomaly_detection/breakfast_box/validation/good/004.png,normal,0,none,2,"['breakfast_box/train/good/271', 'breakfast_box/train/good/248']",0,visionzip,0.75,True,sdpa,64,401408,Qwen/Qwen2.5-VL-3B-Instruct-AWQ,ok,,ANOMALOUS,1,ANOMALOUS,False,0.5541325277651126,-0.8859158754348755,-0.6685337579110637,56.56229999999596,593.1073000001561,22.98519999999371,566.3318000001709,263.79769999994096,66.94809999999052,1238.9866000003167,1502.7843000002576,5,3.327157463648737,3629.35791015625,7854.0,1500,1125,"[500, 500, 500]","[375, 375, 375]",1282,77.4050777777778,122.14196946058686,0
20260930-210411-0c0ed5,2026-09-30T21:37:03,final,calibration,breakfast_box,breakfast_box/validation/good/004,hf_assets/mvtec_loco/mvtec_loco_anomaly_detection/breakfast_box/validation/good/004.png,normal,0,none,2,"['breakfast_box/train/good/271', 'breakfast_box/train/good/248']",0,visionzip,0.5,True,sdpa,64,401408,Qwen/Qwen2.5-VL-3B-Instruct-AWQ,ok,,ANOMALOUS,1,ANOMALOUS,False,0.5809623544847533,-0.9443309307098389,-0.6176057322882116,53.09919999990598,595.3485000000001,23.69249999992462,370.2356999999665,251.91700000004857,69.90760000007867,1042.3758999997972,1294.2928999998458,5,3.8631132103101207,3531.3291015625,7854.0,1500,750,"[500, 500, 500]","[250, 250, 250]",907,72.6021944444444,99.70270597350266,0
20260930-210411-0c0ed5,2026-09-30T21:37:05,final,calibration,breakfast_box,breakfast_box/validation/good/004,hf_assets/mvtec_loco/mvtec_loco_anomaly_detection/breakfast_box/validation/good/004.png,normal,0,none,2,"['breakfast_box/train/good/271', 'breakfast_box/train/good/248']",0,visionzip,0.25,True,sdpa,64,401408,Qwen/Qwen2.5-VL-3B-Instruct-AWQ,ok,,ANOMALOUS,1,ANOMALOUS,False,0.5885676652283102,-0.9783563613891602,-0.6203090331982821,57.43589999997312,601.9427999999607,22.954400000116948,202.20240000003287,271.85069999995903,66.40790000005836,884.5355000000836,1156.3862000000427,5,4.323815002288868,3531.3291015625,7854.0,1500,375,"[500, 500, 500]","[125, 125, 125]",532,74.65937313432842,91.94009136750978,0
20260930-210411-0c0ed5,2026-09-30T21:37:06,final,calibration,breakfast_box,breakfast_box/validation/good/004,hf_assets/mvtec_loco/mvtec_loco_anomaly_detection/breakfast_box/validation/good/004.png,normal,0,none,4,"['breakfast_box/train/good/271', 'breakfast_box/train/good/248', 'breakfast_box/train/good/267', 'breakfast_box/train/good/219']",0,none,1.0,True,sdpa,64,401408,Qwen/Qwen2.5-VL-3B-Instruct-AWQ,ok,,NORMAL,0,NORMAL,False,0.44522836044121633,-0.6447028517723083,-0.8646721005206928,91.92480000001524,1017.4794000001839,16.455599999972037,1643.1996999999683,62.64439999995375,56.15899999997964,2769.0595000001395,2831.703900000093,2,0.7062885353231791,4561.287109375,7854.0,2500,2500,"[500, 500, 500, 500, 500]","[500, 500, 500, 500, 500]",2675,82.04525806451603,237.02306481199855,1
20260930-210411-0c0ed5,2026-09-30T21:37:09,final,calibration,breakfast_box,breakfast_box/validation/good/004,hf_assets/mvtec_loco/mvtec_loco_anomaly_detection/breakfast_box/validation/good/004.png,normal,0,none,4,"['breakfast_box/train/good/271', 'breakfast_box/train/good/248', 'breakfast_box/train/good/267', 'breakfast_box/train/good/219']",0,visionzip,0.75,True,sdpa,64,401408,Qwen/Qwen2.5-VL-3B-Instruct-AWQ,ok,,NORMAL,0,NORMAL,False,0.47628413439691447,-0.7033434510231018,-0.7982781499158591,86.61110000002736,1019.9644000001626,53.2965999998396,1143.4527999999773,62.089899999818954,57.33749999990323,2303.324900000007,2365.414799999826,2,0.8455176656543061,4086.39990234375,7854.0,2500,1875,"[500, 500, 500, 500, 500]","[375, 375, 375, 375, 375]",2050,80.61117021276607,195.40340320271832,1
20260930-210411-0c0ed5,2026-09-30T21:37:11,final,calibration,breakfast_box,breakfast_box/validation/good/005,hf_assets/mvtec_loco/mvtec_loco_anomaly_detection/breakfast_box/validation/good/005.png,normal,0,none,4,"['breakfast_box/train/good/271', 'breakfast_box/train/good/248', 'breakfast_box/train/good/267', 'breakfast_box/train/good/219']",0,visionzip,0.25,True,sdpa,64,401408,Qwen/Qwen2.5-VL-3B-Instruct-AWQ,ok,,ANOMALOUS,1,ANOMALOUS,False,0.629494476219603,-1.0611393451690674,-0.531090620206669,86.9698999999855,1009.3413000001874,52.21099999994294,318.89799999999013,247.65259999981026,65.76139999992847,1467.420200000106,1715.0727999999162,5,2.9153281423390567,3711.10546875,7854.0,2500,625,"[500, 500, 500, 500, 500]","[125, 125, 125, 125, 125]",800,74.51410784313717,132.80300714857734,0
20260930-210411-0c0ed5,2026-09-30T21:37:13,final,calibration,breakfast_box,breakfast_box/validation/good/005,hf_assets/mvtec_loco/mvtec_loco_anomaly_detection/breakfast_box/validation/good/005.png,normal,0,none,8,"['breakfast_box/train/good/271', 'breakfast_box/train/good/248', 'breakfast_box/train/good/267', 'breakfast_box/train/good/219', 'breakfast_box/train/good/145', 'breakfast_box/train/good/149', 'breakfast_box/train/good/056', 'breakfast_box/train/good/028']",0,none,1.0,True,sdpa,64,401408,Qwen/Qwen2.5-VL-3B-Instruct-AWQ,ok,,ANOMALOUS,1,ANOMALOUS,False,0.5153194386581395,-0.7793096303939819,-0.7180126903112978,156.3587999999072,1803.9937000000918,5.062500000121872,9829.831199999944,275.70109999987835,56.215399999928195,11795.246200000065,12070.947299999943,5,0.4142176977278348,6854.44287109375,7854.0,4500,4500,"[500, 500, 500, 500, 500, 500, 500, 500, 500]","[500, 500, 500, 500, 500, 500, 500, 500, 500]",4711,56.62591374269025,688.0110864867835,0
20260930-210411-0c0ed5,2026-09-30T21:37:25,final,calibration,breakfast_box,breakfast_box/validation/good/005,hf_assets/mvtec_loco/mvtec_loco_anomaly_detection/breakfast_box/validation/good/005.png,normal,0,none,8,"['breakfast_box/train/good/271', 'breakfast_box/train/good/248', 'breakfast_box/train/good/267', 'breakfast_box/train/good/219', 'breakfast_box/train/good/145', 'breakfast_box/train/good/149', 'breakfast_box/train/good/056', 'breakfast_box/train/good/028']",0,visionzip,0.75,True,sdpa,64,401408,Qwen/Qwen2.5-VL-3B-Instruct-AWQ,ok,,ANOMALOUS,1,ANOMALOUS,False,0.5114242759624169,-0.7714915871620178,-0.7257865286665037,162.2052000000167,1815.1135999999042,91.06760000008762,2683.5329999998976,255.42360000008557,56.56859999999142,4751.919399999906,5007.342999999992,5,0.9985335536231507,5478.0888671875,7854.0,4500,3375,"[500, 500, 500, 500, 500, 500, 500, 500, 500]","[375, 375, 375, 375, 375, 375, 375, 375, 375]",3586,81.55044285714287,413.05521939852764,0
20260930-210411-0c0ed5,2026-09-30T21:37:31,final,calibration,breakfast_box,breakfast_box/validation/good/005,hf_assets/mvtec_loco/mvtec_loco_anomaly_detection/breakfast_box/validation/good/005.png,normal,0,none,8,"['breakfast_box/train/good/271', 'breakfast_box/train/good/248', 'breakfast_box/train/good/267', 'breakfast_box/train/good/219', 'breakfast_box/train/good/145', 'breakfast_box/train/good/149', 'breakfast_box/train/good/056', 'breakfast_box/train/good/028']",0,visionzip,0.5,True,sdpa,64,401408,Qwen/Qwen2.5-VL-3B-Instruct-AWQ,ok,,ANOMALOUS,1,ANOMALOUS,False,0.5541604532661134,-0.8643012642860413,-0.646806119242683,151.15259999993214,1806.6217999999026,85.85330000005342,1471.5724000000137,244.5465000000695,70.40239999992082,3515.200099999902,3759.7465999999713,5,1.3298768592543013,4403.93701171875,7854.0,4500,2250,"[500, 500, 500, 500, 500, 500, 500, 500, 500]","[250, 250, 250, 250, 250, 250, 250, 250, 250]",2461,80.27078301886787,307.5470057183675,0
20260930-210411-0c0ed5,2026-09-30T21:37:34,final,calibration,breakfast_box,breakfast_box/validation/good/005,hf_assets/mvtec_loco/mvtec_loco_anomaly_detection/breakfast_box/validation/good/005.png,normal,0,none,8,"['breakfast_box/train/good/271', 'breakfast_box/train/good/248', 'breakfast_box/train/good/267', 'breakfast_box/train/good/219', 'breakfast_box/train/good/145', 'breakfast_box/train/good/149', 'breakfast_box/train/good/056', 'breakfast_box/train/good/028']",0,visionzip,0.25,True,sdpa,64,401408,Qwen/Qwen2.5-VL-3B-Instruct-AWQ,ok,,ANOMALOUS,1,ANOMALOUS,False,0.5771839179351712,-0.9215430021286011,-0.610319328145124,158.0037999999604,1805.886899999905,89.90310000012869,579.7096999999667,238.55090000006385,60.11999999986983,2633.5034999999607,2872.0544000000245,5,1.7409140996772057,4069.875,7854.0,4500,1125,"[500, 500, 500, 500, 500, 500, 500, 500, 500]","[125, 125, 125, 125, 125, 125, 125, 125, 125]",1336,76.39942690058476,224.11016290955124,0
20260930-210411-0c0ed5,2026-09-30T21:37:37,final,calibration,breakfast_box,breakfast_box/validation/good/005,hf_assets/mvtec_loco/mvtec_loco_anomaly_detection/breakfast_box/validation/good/005.png,normal,0,none,1,['breakfast_box/train/good/271'],0,none,1.0,True,sdpa,64,401408,Qwen/Qwen2.5-VL-3B-Instruct-AWQ,ok,,ANOMALOUS,1,ANOMALOUS,False,0.6685533130993784,-1.1840816736221313,-0.4824325027875602,35.45080000003509,381.8636000000879,1.5378999999029475,456.25270000005,257.8055999999833,58.44589999992422,875.105000000076,1132.9106000000593,5,4.413410908150863,3557.0205078125,7854.0,1000,1000,"[500, 500]","[500, 500]",1148,79.87647619047624,96.00169158672448,0
20260930-210411-0c0ed5,2026-09-30T21:37:39,final,calibration,breakfast_box,breakfast_box/validation/good/005,hf_assets/mvtec_loco/mvtec_loco_anomaly_detection/breakfast_box/validation/good/005.png,normal,0,none,1,['breakfast_box/train/good/271'],0,visionzip,0.75,True,sdpa,64,401408,Qwen/Qwen2.5-VL-3B-Instruct-AWQ,ok,,ANOMALOUS,1,ANOMALOUS,False,0.65808389754932,-1.1594821214675903,-0.5047150868922472,37.640600000031554,378.8285000000542,16.189099999792234,367.5026999999318,257.82429999981105,69.72960000007333,800.1608999998098,1057.9851999996208,5,4.725964030500419,3468.9521484375,7854.0,1000,750,"[500, 500]","[375, 375]",898,74.94677941176477,84.92399447417297,0
20260930-210411-0c0ed5,2026-09-30T21:37:40,final,calibration,breakfast_box,breakfast_box/validation/good/005,hf_assets/mvtec_loco/mvtec_loco_anomaly_detection/breakfast_box/validation/good/005.png,normal,0,none,1,['breakfast_box/train/good/271'],0,visionzip,0.5,True,sdpa,64,401408,Qwen/Qwen2.5-VL-3B-Instruct-AWQ,ok,,ANOMALOUS,1,ANOMALOUS,False,0.671994543817331,-1.2076597213745117,-0.4904397431528196,38.88139999980922,386.0693999999967,15.908399999943867,249.5030999998562,273.22179999987384,54.64350000011109,690.362299999606,963.5840999994798,5,5.18896067297364,3442.1181640625,7854.0,1000,500,"[500, 500]","[250, 250]",648,66.95229824561405,68.55409850499264,0
20260930-210411-0c0ed5,2026-09-30T21:37:41,final,calibration,breakfast_box,breakfast_box/validation/good/005,hf_assets/mvtec_loco/mvtec_loco_anomaly_detection/breakfast_box/validation/good/005.png,normal,0,none,1,['breakfast_box/train/good/271'],0,visionzip,0.25,True,sdpa,64,401408,Qwen/Qwen2.5-VL-3B-Instruct-AWQ,ok,,ANOMALOUS,1,ANOMALOUS,False,0.7054722603486734,-1.3358397483825684,-0.4623454880202189,40.220000000090295,382.96250000007603,16.354699999965305,161.943600000086,258.8878999999906,66.78370000008726,601.4808000002176,860.3687000002083,5,5.811461992979044,3442.1181640625,7854.0,1000,250,"[500, 500]","[125, 125]",398,68.73068627450981,64.10716613576454,0
20260930-210411-0c0ed5,2026-09-30T21:37:42,final,calibration,breakfast_box,breakfast_box/validation/good/005,hf_assets/mvtec_loco/mvtec_loco_anomaly_detection/breakfast_box/validation/good/005.png,normal,0,none,2,"['breakfast_box/train/good/271', 'breakfast_box/train/good/248']",0,none,1.0,True,sdpa,64,401408,Qwen/Qwen2.5-VL-3B-Instruct-AWQ,ok,,ANOMALOUS,1,ANOMALOUS,False,0.5347480263835921,-0.8431525230407715,-0.7039360033813864,56.13700000003519,596.5335999999297,2.3433000001205073,822.2810000002028,263.3994000000257,61.850299999832714,1477.2949000002882,1740.694300000314,5,2.8724170579515875,3811.6455078125,7854.0,1500,1500,"[500, 500, 500]","[500, 500, 500]",1657,82.71012745098038,149.75153256346215,0
20260930-210411-0c0ed5,2026-09-30T21:37:43,final,calibration,breakfast_box,breakfast_box/validation/good/005,hf_assets/mvtec_loco/mvtec_loco_anomaly_detection/breakfast_box/validation/good/005.png,normal,0,none,2,"['breakfast_box/train/good/271', 'breakfast_box/train/good/248']",0,visionzip,0.75,True,sdpa,64,401408,Qwen/Qwen2.5-VL-3B-Instruct-AWQ,ok,,ANOMALOUS,1,ANOMALOUS,False,0.5347391404420507,-0.8485718965530396,-0.709391093114391,55.26529999997365,601.3401000000158,22.602400000096168,565.9169000000475,276.4559999998255,55.62230000009549,1245.124700000133,1521.5806999999586,5,3.2860564017407268,3629.35791015625,7854.0,1500,1125,"[500, 500, 500]","[375, 375, 375]",1282,75.18113043478265,119.21907151789375,0
20260930-210411-0c0ed5,2026-09-30T21:37:45,final,calibration,breakfast_box,breakfast_box/validation/good/005,hf_assets/mvtec_loco/mvtec_loco_anomaly_detection/breakfast_box/validation/good/005.png,normal,0,none,2,"['breakfast_box/train/good/271', 'breakfast_box/train/good/248']",0,visionzip,0.5,True,sdpa,64,401408,Qwen/Qwen2.5-VL-3B-Instruct-AWQ,ok,,ANOMALOUS,1,ANOMALOUS,False,0.5923126396664651,-0.9846940636634827,-0.61116006760858,54.38049999997929,594.8561000000154,24.103400000058173,370.0338000001011,240.76429999990978,54.89299999999275,1043.373800000154,1284.1381000000638,5,3.8936622159250254,3531.3291015625,7854.0,1500,750,"[500, 500, 500]","[250, 250, 250]",907,78.28627272727272,105.45506178827738,0
20260930-210411-0c0ed5,2026-09-30T21:37:46,final,calibration,breakfast_box,breakfast_box/validation/good/005,hf_assets/mvtec_loco/mvtec_loco_anomaly_detection/breakfast_box/validation/good/005.png,normal,0,none,2,"['breakfast_box/train/good/271', 'breakfast_box/train/good/248']",0,visionzip,0.25,True,sdpa,64,401408,Qwen/Qwen2.5-VL-3B-Instruct-AWQ,ok,,ANOMALOUS,1,ANOMALOUS,False,0.5885438114805197,-0.9838774800300598,-0.625928656780161,56.64380000007441,598.234199999979,24.033199999848875,202.5831000000835,243.31039999992754,58.75830000013593,881.4942999999857,1124.8046999999133,5,4.445216133965643,3531.3291015625,7854.0,1500,375,"[500, 500, 500]","[125, 125, 125]",532,72.43892187500002,86.2682364501585,0
20260930-210411-0c0ed5,2026-09-30T21:37:48,final,calibration,breakfast_box,breakfast_box/validation/good/005,hf_assets/mvtec_loco/mvtec_loco_anomaly_detection/breakfast_box/validation/good/005.png,normal,0,none,4,"['breakfast_box/train/good/271', 'breakfast_box/train/good/248', 'breakfast_box/train/good/267', 'breakfast_box/train/good/219']",0,none,1.0,True,sdpa,64,401408,Qwen/Qwen2.5-VL-3B-Instruct-AWQ,ok,,NORMAL,0,NORMAL,False,0.4879882811073734,-0.7285706996917725,-0.776626821490936,89.5012000000861,1039.036699999997,13.777800000070783,1668.4857000000193,57.61649999999463,67.85700000000361,2810.801400000173,2868.4179000001677,2,0.6972484727556201,4561.287109375,7854.0,2500,2500,"[500, 500, 500, 500, 500]","[500, 500, 500, 500, 500]",2675,79.15860264900662,232.5298122204525,1
20260930-210411-0c0ed5,2026-09-30T21:37:51,final,calibration,breakfast_box,breakfast_box/validation/good/005,hf_assets/mvtec_loco/mvtec_loco_anomaly_detection/breakfast_box/validation/good/005.png,normal,0,none,4,"['breakfast_box/train/good/271', 'breakfast_box/train/good/248', 'breakfast_box/train/good/267', 'breakfast_box/train/good/219']",0,visionzip,0.75,True,sdpa,64,401408,Qwen/Qwen2.5-VL-3B-Instruct-AWQ,ok,,NORMAL,0,NORMAL,False,0.4490871670060264,-0.6540687084197998,-0.8584283024538308,93.06340000011915,1026.0364000000664,48.89980000007199,1152.9031000000032,66.76199999992605,58.90540000018518,2320.9027000002607,2387.6647000001867,2,0.8376385511750639,4086.39990234375,7854.0,2500,1875,"[500, 500, 500, 500, 500]","[375, 375, 375, 375, 375]",2050,80.10383593750011,196.07628716766166,1
20260930-210411-0c0ed5,2026-09-30T21:37:53,final,calibration,breakfast_box,breakfast_box/validation/good/005,hf_assets/mvtec_loco/mvtec_loco_anomaly_detection/breakfast_box/validation/good/005.png,normal,0,none,4,"['breakfast_box/train/good/271', 'breakfast_box/train/good/248', 'breakfast_box/train/good/267', 'breakfast_box/train/good/219']",0,visionzip,0.5,True,sdpa,64,401408,Qwen/Qwen2.5-VL-3B-Instruct-AWQ,ok,,ANOMALOUS,1,ANOMALOUS,False,0.5733677244186633,-0.9172684550285339,-0.6216636521276087,86.61990000018704,1014.9398000000929,53.886299999931,637.7757000000202,258.74960000010105,58.57259999993403,1793.221700000231,2051.971300000332,5,2.436681253777375,3711.10546875,7854.0,2500,1250,"[500, 500, 500, 500, 500]","[250, 250, 250, 250, 250]",1425,80.22406666666666,169.41274759577337,0
20260930-210411-0c0ed5,2026-09-30T21:37:55,final,calibration,breakfast_box,breakfast_box/validation/good/006,hf_assets/mvtec_loco/mvtec_loco_anomaly_detection/breakfast_box/validation/good/006.png,normal,0,none,8,"['breakfast_box/train/good/271', 'breakfast_box/train/good/248', 'breakfast_box/train/good/267', 'breakfast_box/train/good/219', 'breakfast_box/train/good/145', 'breakfast_box/train/good/149', 'breakfast_box/train/good/056', 'breakfast_box/train/good/028']",0,none,1.0,True,sdpa,64,401408,Qwen/Qwen2.5-VL-3B-Instruct-AWQ,ok,,ANOMALOUS,1,ANOMALOUS,False,0.6295348411517083,-1.052618384361267,-0.5223965871846303,160.97270000000208,1798.733699999957,4.0807000000313565,9811.803099999906,271.9360000000961,56.31539999990309,11775.590199999897,12047.526199999993,5,0.415022961311344,6854.44287109375,7854.0,4500,4500,"[500, 500, 500, 500, 500, 500, 500, 500, 500]","[500, 500, 500, 500, 500, 500, 500, 500, 500]",4711,56.878134416543475,689.6924557221141,0
20260930-210411-0c0ed5,2026-09-30T21:38:07,final,calibration,breakfast_box,breakfast_box/validation/good/006,hf_assets/mvtec_loco/mvtec_loco_anomaly_detection/breakfast_box/validation/good/006.png,normal,0,none,8,"['breakfast_box/train/good/271', 'breakfast_box/train/good/248', 'breakfast_box/train/good/267', 'breakfast_box/train/good/219', 'breakfast_box/train/good/145', 'breakfast_box/train/good/149', 'breakfast_box/train/good/056', 'breakfast_box/train/good/028']",0,visionzip,0.75,True,sdpa,64,401408,Qwen/Qwen2.5-VL-3B-Instruct-AWQ,ok,,ANOMALOUS,1,ANOMALOUS,False,0.6616944000088831,-1.1427556276321411,-0.47190143866464496,154.03390000005857,1787.1277000001555,95.50950000038938,2677.216900000076,231.0222999999496,51.93390000022191,4713.888000000679,4944.910300000629,5,1.0111406874254856,5478.0888671875,7854.0,4500,3375,"[500, 500, 500, 500, 500, 500, 500, 500, 500]","[375, 375, 375, 375, 375, 375, 375, 375, 375]",3586,81.63309124087594,408.0182064343944,0
20260930-210411-0c0ed5,2026-09-30T21:38:12,final,calibration,breakfast_box,breakfast_box/validation/good/006,hf_assets/mvtec_loco/mvtec_loco_anomaly_detection/breakfast_box/validation/good/006.png,normal,0,none,8,"['breakfast_box/train/good/271', 'breakfast_box/train/good/248', 'breakfast_box/train/good/267', 'breakfast_box/train/good/219', 'breakfast_box/train/good/145', 'breakfast_box/train/good/149', 'breakfast_box/train/good/056', 'breakfast_box/train/good/028']",0,visionzip,0.5,True,sdpa,64,401408,Qwen/Qwen2.5-VL-3B-Instruct-AWQ,ok,,ANOMALOUS,1,ANOMALOUS,False,0.7459367706422808,-1.4293594360351562,-0.35230176779441535,153.76060000016878,1796.4903000001868,86.79440000014438,1471.6554999999971,263.37210000019695,57.713199999852804,3508.700800000497,3772.072900000694,5,1.3255311157955298,4403.93701171875,7854.0,4500,2250,"[500, 500, 500, 500, 500, 500, 500, 500, 500]","[250, 250, 250, 250, 250, 250, 250, 250, 250]",2461,80.4295707762557,308.1206346667812,0
20260930-210411-0c0ed5,2026-09-30T21:38:16,final,calibration,breakfast_box,breakfast_box/validation/good/006,hf_assets/mvtec_loco/mvtec_loco_anomaly_detection/breakfast_box/validation/good/006.png,normal,0,none,8,"['breakfast_box/train/good/271', 'breakfast_box/train/good/248', 'breakfast_box/train/good/267', 'breakfast_box/train/good/219', 'breakfast_box/train/good/145', 'breakfast_box/train/good/149', 'breakfast_box/train/good/056', 'breakfast_box/train/good/028']",0,visionzip,0.25,True,sdpa,64,401408,Qwen/Qwen2.5-VL-3B-Instruct-AWQ,ok,,ANOMALOUS,1,ANOMALOUS,False,0.6924047409845706,-1.2420053482055664,-0.43061950244009495,158.43649999987974,1827.0563999999467,86.11019999989367,579.6478000002026,247.14439999979732,56.83739999994941,2651.2508999999227,2898.39529999972,5,1.7250925020477652,4069.875,7854.0,4500,1125,"[500, 500, 500, 500, 500, 500, 500, 500, 500]","[125, 125, 125, 125, 125, 125, 125, 125, 125]",1336,76.82054216867473,227.11088346181995,0
20260930-210411-0c0ed5,2026-09-30T21:38:19,final,calibration,breakfast_box,breakfast_box/validation/good/006,hf_assets/mvtec_loco/mvtec_loco_anomaly_detection/breakfast_box/validation/good/006.png,normal,0,none,1,['breakfast_box/train/good/271'],0,none,1.0,True,sdpa,64,401408,Qwen/Qwen2.5-VL-3B-Instruct-AWQ,ok,,ANOMALOUS,1,ANOMALOUS,False,0.6956544957433477,-1.2679346799850464,-0.4412451402749866,35.139000000071974,374.14699999999357,1.5177999998741143,456.65680000001885,263.4760000000824,62.1062999998685,867.4605999999585,1130.936600000041,5,4.421114322411901,3557.0205078125,7854.0,1000,1000,"[500, 500]","[500, 500]",1148,80.46826760563378,96.84728574414976,0
20260930-210411-0c0ed5,2026-09-30T21:38:20,final,calibration,breakfast_box,breakfast_box/validation/good/006,hf_assets/mvtec_loco/mvtec_loco_anomaly_detection/breakfast_box/validation/good/006.png,normal,0,none,1,['breakfast_box/train/good/271'],0,visionzip,0.75,True,sdpa,64,401408,Qwen/Qwen2.5-VL-3B-Instruct-AWQ,ok,,ANOMALOUS,1,ANOMALOUS,False,0.6720006438930713,-1.1986180543899536,-0.4813704009866342,39.08180000007633,376.796000000013,15.266100000189908,367.9386999997405,262.38020000027973,61.435699999947246,799.0826000000197,1061.4628000002995,5,4.710480668751265,3468.9521484375,7854.0,1000,750,"[500, 500]","[375, 375]",898,74.1252419354839,83.6656942743232,0
20260930-210411-0c0ed5,2026-09-30T21:38:22,final,calibration,breakfast_box,breakfast_box/validation/good/006,hf_assets/mvtec_loco/mvtec_loco_anomaly_detection/breakfast_box/validation/good/006.png,normal,0,none,1,['breakfast_box/train/good/271'],0,visionzip,0.5,True,sdpa,64,401408,Qwen/Qwen2.5-VL-3B-Instruct-AWQ,ok,,ANOMALOUS,1,ANOMALOUS,False,0.6989347065378866,-1.2876865863800049,-0.4454564213519916,37.592399999994086,382.54440000036993,17.05020000008517,249.24650000002657,252.839799999947,68.7420999997812,686.4335000004758,939.2733000004228,5,5.3232642724942245,3442.1181640625,7854.0,1000,500,"[500, 500]","[250, 250]",648,71.92791071428569,72.90980581624186,0
20260930-210411-0c0ed5,2026-09-30T21:38:23,final,calibration,breakfast_box,breakfast_box/validation/good/006,hf_assets/mvtec_loco/mvtec_loco_anomaly_detection/breakfast_box/validation/good/006.png,normal,0,none,1,['breakfast_box/train/good/271'],0,visionzip,0.25,True,sdpa,64,401408,Qwen/Qwen2.5-VL-3B-Instruct-AWQ,ok,,ANOMALOUS,1,ANOMALOUS,False,0.6294020952395336,-1.0905773639678955,-0.560924710589461,42.97249999990527,380.51550000000134,15.369900000223424,162.04819999984466,233.29950000015742,61.19600000010905,600.9060999999747,834.2056000001321,5,5.993726246861934,3442.1181640625,7854.0,1000,250,"[500, 500]","[125, 125]",398,72.45521311475407,65.42861522972301,0
20260930-210411-0c0ed5,2026-09-30T21:38:24,final,calibration,breakfast_box,breakfast_box/validation/good/006,hf_assets/mvtec_loco/mvtec_loco_anomaly_detection/breakfast_box/validation/good/006.png,normal,0,none,2,"['breakfast_box/train/good/271', 'breakfast_box/train/good/248']",0,none,1.0,True,sdpa,64,401408,Qwen/Qwen2.5-VL-3B-Instruct-AWQ,ok,,ANOMALOUS,1,ANOMALOUS,False,0.5347738036279345,-0.8401057124137878,-0.7007855830015615,51.982500000121945,592.2882999998365,2.5740000000951113,822.3336999999447,236.35169999988648,55.85289999999077,1469.1784999999982,1705.5301999998846,5,2.9316396742786135,3811.6455078125,7854.0,1500,1500,"[500, 500, 500]","[500, 500, 500]",1657,80.12329896907214,141.74582373762496,0
20260930-210411-0c0ed5,2026-09-30T21:38:25,final,calibration,breakfast_box,breakfast_box/validation/good/006,hf_assets/mvtec_loco/mvtec_loco_anomaly_detection/breakfast_box/validation/good/006.png,normal,0,none,2,"['breakfast_box/train/good/271', 'breakfast_box/train/good/248']",0,visionzip,0.75,True,sdpa,64,401408,Qwen/Qwen2.5-VL-3B-Instruct-AWQ,ok,,ANOMALOUS,1,ANOMALOUS,False,0.5656921870360085,-0.9126527905464172,-0.6483562286011875,53.55199999985416,587.4190999998063,24.502900000243244,566.4578000000802,250.62059999982012,66.02169999996477,1231.931799999984,1482.552399999804,5,3.37256207605253,3629.35791015625,7854.0,1500,1125,"[500, 500, 500]","[375, 375, 375]",1282,75.40336781609199,117.38894325988473,0
20260930-210411-0c0ed5,2026-09-30T21:38:27,final,calibration,breakfast_box,breakfast_box/validation/good/006,hf_assets/mvtec_loco/mvtec_loco_anomaly_detection/breakfast_box/validation/good/006.png,normal,0,none,2,"['breakfast_box/train/good/271', 'breakfast_box/train/good/248']",0,visionzip,0.5,True,sdpa,64,401408,Qwen/Qwen2.5-VL-3B-Instruct-AWQ,ok,,ANOMALOUS,1,ANOMALOUS,False,0.5771554698180253,-0.9359076619148254,-0.6248005571542308,51.41570000023421,595.1279999999315,23.961599999893224,370.2975000001061,248.07470000041576,55.69999999988795,1040.802800000165,1288.8775000005808,5,3.8793446235175546,3531.3291015625,7854.0,1500,750,"[500, 500, 500]","[250, 250, 250]",907,70.02910666666668,94.72587955179335,0
20260930-210411-0c0ed5,2026-09-30T21:38:28,final,calibration,breakfast_box,breakfast_box/validation/good/006,hf_assets/mvtec_loco/mvtec_loco_anomaly_detection/breakfast_box/validation/good/006.png,normal,0,none,2,"['breakfast_box/train/good/271', 'breakfast_box/train/good/248']",0,visionzip,0.25,True,sdpa,64,401408,Qwen/Qwen2.5-VL-3B-Instruct-AWQ,ok,,ANOMALOUS,1,ANOMALOUS,False,0.651063140980962,-1.1439588069915771,-0.5202431648503989,56.171599999743194,606.2795999996524,24.23259999977745,202.1194000003561,248.359199999868,59.88520000028075,888.8031999995292,1137.1623999993972,5,4.396909359650522,3531.3291015625,7854.0,1500,375,"[500, 500, 500]","[125, 125, 125]",532,73.87837142857141,89.04928761358208,0
20260930-210411-0c0ed5,2026-09-30T21:38:30,final,calibration,breakfast_box,breakfast_box/validation/good/006,hf_assets/mvtec_loco/mvtec_loco_anomaly_detection/breakfast_box/validation/good/006.png,normal,0,none,4,"['breakfast_box/train/good/271', 'breakfast_box/train/good/248', 'breakfast_box/train/good/267', 'breakfast_box/train/good/219']",0,none,1.0,True,sdpa,64,401408,Qwen/Qwen2.5-VL-3B-Instruct-AWQ,ok,,ANOMALOUS,1,ANOMALOUS,False,0.5848425393696384,-0.9412128925323486,-0.5985281164757907,87.55120000023453,1032.24820000014,12.453800000002957,1643.2773999999881,264.28900000018984,65.90589999996155,2775.5306000003657,3039.8196000005555,5,1.6448344500440375,4561.287109375,7854.0,2500,2500,"[500, 500, 500, 500, 500]","[500, 500, 500, 500, 500]",2675,79.96330857142847,248.46317585013279,0
20260930-210411-0c0ed5,2026-09-30T21:38:33,final,calibration,breakfast_box,breakfast_box/validation/good/006,hf_assets/mvtec_loco/mvtec_loco_anomaly_detection/breakfast_box/validation/good/006.png,normal,0,none,4,"['breakfast_box/train/good/271', 'breakfast_box/train/good/248', 'breakfast_box/train/good/267', 'breakfast_box/train/good/219']",0,visionzip,0.75,True,sdpa,64,401408,Qwen/Qwen2.5-VL-3B-Instruct-AWQ,ok,,ANOMALOUS,1,ANOMALOUS,False,0.5923918166358233,-0.9606508016586304,-0.5867889113724232,87.80710000019099,1008.1049999998868,49.84839999997348,1154.6936999998252,258.73349999983475,53.34880000009434,2300.4541999998764,2559.187699999711,5,1.9537449324254583,4086.39990234375,7854.0,2500,1875,"[500, 500, 500, 500, 500]","[375, 375, 375, 375, 375]",2050,79.23567391304353,207.10630748028746,0
20260930-210411-0c0ed5,2026-09-30T21:38:35,final,calibration,breakfast_box,breakfast_box/validation/good/006,hf_assets/mvtec_loco/mvtec_loco_anomaly_detection/breakfast_box/validation/good/006.png,normal,0,none,4,"['breakfast_box/train/good/271', 'breakfast_box/train/good/248', 'breakfast_box/train/good/267', 'breakfast_box/train/good/219']",0,visionzip,0.5,True,sdpa,64,401408,Qwen/Qwen2.5-VL-3B-Instruct-AWQ,ok,,ANOMALOUS,1,ANOMALOUS,False,0.682321778475084,-1.212850570678711,-0.44838819664437324,89.63870000025054,1012.0602000001782,52.937999999812746,637.6633999998376,271.57839999972566,60.15019999995275,1792.300300000079,2063.8786999998047,5,2.422622996206353,3711.10546875,7854.0,2500,1250,"[500, 500, 500, 500, 500]","[250, 250, 250, 250, 250]",1425,77.98825688073389,165.73267312310398,0
20260930-210411-0c0ed5,2026-09-30T21:38:37,final,calibration,breakfast_box,breakfast_box/validation/good/006,hf_assets/mvtec_loco/mvtec_loco_anomaly_detection/breakfast_box/validation/good/006.png,normal,0,none,4,"['breakfast_box/train/good/271', 'breakfast_box/train/good/248', 'breakfast_box/train/good/267', 'breakfast_box/train/good/219']",0,visionzip,0.25,True,sdpa,64,401408,Qwen/Qwen2.5-VL-3B-Instruct-AWQ,ok,,ANOMALOUS,1,ANOMALOUS,False,0.6789474867581277,-1.2033565044403076,-0.4544174213660881,91.23009999984788,1018.3515000003354,49.953199999890785,318.4118999997736,259.1645000002245,59.21390000003157,1477.9466999998476,1737.1112000000721,5,2.878341927678431,3711.10546875,7854.0,2500,625,"[500, 500, 500, 500, 500]","[125, 125, 125, 125, 125]",800,72.7222450980392,130.71925367514697,0
20260930-210411-0c0ed5,2026-09-30T21:38:39,final,calibration,breakfast_box,breakfast_box/validation/good/007,hf_assets/mvtec_loco/mvtec_loco_anomaly_detection/breakfast_box/validation/good/007.png,normal,0,none,8,"['breakfast_box/train/good/271', 'breakfast_box/train/good/248', 'breakfast_box/train/good/267', 'breakfast_box/train/good/219', 'breakfast_box/train/good/145', 'breakfast_box/train/good/149', 'breakfast_box/train/good/056', 'breakfast_box/train/good/028']",0,visionzip,0.75,True,sdpa,64,401408,Qwen/Qwen2.5-VL-3B-Instruct-AWQ,ok,,ANOMALOUS,1,ANOMALOUS,False,0.5114288853758925,-0.7733796238899231,-0.727656118106097,162.05949999994118,1816.4284999998017,66.38180000027205,2713.259900000139,233.61530000011044,55.97540000007939,4758.129700000154,4991.745000000265,5,1.0016537303086865,5478.0888671875,7854.0,4500,3375,"[500, 500, 500, 500, 500, 500, 500, 500, 500]","[375, 375, 375, 375, 375, 375, 375, 375, 375]",3586,80.08830689655156,406.32048072113014,0
20260930-210411-0c0ed5,2026-09-30T21:38:44,final,calibration,breakfast_box,breakfast_box/validation/good/007,hf_assets/mvtec_loco/mvtec_loco_anomaly_detection/breakfast_box/validation/good/007.png,normal,0,none,8,"['breakfast_box/train/good/271', 'breakfast_box/train/good/248', 'breakfast_box/train/good/267', 'breakfast_box/train/good/219', 'breakfast_box/train/good/145', 'breakfast_box/train/good/149', 'breakfast_box/train/good/056', 'breakfast_box/train/good/028']",0,visionzip,0.5,True,sdpa,64,401408,Qwen/Qwen2.5-VL-3B-Instruct-AWQ,ok,,ANOMALOUS,1,ANOMALOUS,False,0.5192254350504691,-0.7837572693824768,-0.706817596568726,160.0720999999794,1799.899500000265,91.29059999986566,1482.8713000001699,261.27150000002075,56.21849999988626,3534.13350000028,3795.405000000301,5,1.317382466429697,4403.93701171875,7854.0,4500,2250,"[500, 500, 500, 500, 500, 500, 500, 500, 500]","[250, 250, 250, 250, 250, 250, 250, 250, 250]",2461,80.4038449999999,309.77919430063315,0
20260930-210411-0c0ed5,2026-09-30T21:38:48,final,calibration,breakfast_box,breakfast_box/validation/good/007,hf_assets/mvtec_loco/mvtec_loco_anomaly_detection/breakfast_box/validation/good/007.png,normal,0,none,8,"['breakfast_box/train/good/271', 'breakfast_box/train/good/248', 'breakfast_box/train/good/267', 'breakfast_box/train/good/219', 'breakfast_box/train/good/145', 'breakfast_box/train/good/149', 'breakfast_box/train/good/056', 'breakfast_box/train/good/028']",0,visionzip,0.25,True,sdpa,64,401408,Qwen/Qwen2.5-VL-3B-Instruct-AWQ,ok,,ANOMALOUS,1,ANOMALOUS,False,0.6367786602525831,-1.0719184875488281,-0.510508764302358,152.20019999969736,1920.0606999997945,87.1462000000065,583.3898999999292,259.7685000000638,63.08320000016465,2742.7969999994275,3002.5654999994913,5,1.665242606697788,4069.875,7854.0,4500,1125,"[500, 500, 500, 500, 500, 500, 500, 500, 500]","[125, 125, 125, 125, 125, 125, 125, 125, 125]",1336,73.91054601226992,226.68508587526338,0
20260930-210411-0c0ed5,2026-09-30T21:38:51,final,calibration,breakfast_box,breakfast_box/validation/good/007,hf_assets/mvtec_loco/mvtec_loco_anomaly_detection/breakfast_box/validation/good/007.png,normal,0,none,1,['breakfast_box/train/good/271'],0,none,1.0,True,sdpa,64,401408,Qwen/Qwen2.5-VL-3B-Instruct-AWQ,ok,,ANOMALOUS,1,ANOMALOUS,False,0.6685503263543219,-1.1833287477493286,-0.48169305559713393,35.84929999988162,381.835300000148,1.5519999997195555,457.19710000003033,235.24480000014591,65.83279999995284,876.4336999997795,1111.6784999999254,5,4.497703247836794,3557.0205078125,7854.0,1000,1000,"[500, 500]","[500, 500]",1148,76.12215873015863,90.6401692309395,0
20260930-210411-0c0ed5,2026-09-30T21:38:53,final,calibration,breakfast_box,breakfast_box/validation/good/007,hf_assets/mvtec_loco/mvtec_loco_anomaly_detection/breakfast_box/validation/good/007.png,normal,0,none,1,['breakfast_box/train/good/271'],0,visionzip,0.75,True,sdpa,64,401408,Qwen/Qwen2.5-VL-3B-Instruct-AWQ,ok,,ANOMALOUS,1,ANOMALOUS,False,0.7087176917197048,-1.3181705474853516,-0.4290062068030238,40.93300000022282,377.7533000002222,16.447099999822967,368.5672000001432,252.21749999991516,57.95140000009269,803.7006000004112,1055.9181000003264,5,4.735215733112686,3468.9521484375,7854.0,1000,750,"[500, 500]","[375, 375]",898,69.95770312499997,78.3559085162789,0
20260930-210411-0c0ed5,2026-09-30T21:38:54,final,calibration,breakfast_box,breakfast_box/validation/good/007,hf_assets/mvtec_loco/mvtec_loco_anomaly_detection/breakfast_box/validation/good/007.png,normal,0,none,1,['breakfast_box/train/good/271'],0,visionzip,0.5,True,sdpa,64,401408,Qwen/Qwen2.5-VL-3B-Instruct-AWQ,ok,,ANOMALOUS,1,ANOMALOUS,False,0.7603962065386582,-1.5172450542449951,-0.36239213100634515,40.98599999997532,380.2754000003006,16.106200000194804,249.6088999996573,239.64569999998275,58.14060000011523,686.976500000128,926.6222000001108,5,5.3959423808315865,3442.1181640625,7854.0,1000,500,"[500, 500]","[250, 250]",648,76.48844444444447,75.78765731645724,0
20260930-210411-0c0ed5,2026-09-30T21:38:55,final,calibration,breakfast_box,breakfast_box/validation/good/007,hf_assets/mvtec_loco/mvtec_loco_anomaly_detection/breakfast_box/validation/good/007.png,normal,0,none,1,['breakfast_box/train/good/271'],0,visionzip,0.25,True,sdpa,64,401408,Qwen/Qwen2.5-VL-3B-Instruct-AWQ,ok,,ANOMALOUS,1,ANOMALOUS,False,0.7743345568987707,-1.5980453491210938,-0.36509488709270954,43.84459999982937,375.29929999982414,17.14750000019194,161.65799999998853,242.54270000028555,60.027399999853515,597.949399999834,840.4921000001195,5,5.948895890870704,3442.1181640625,7854.0,1000,250,"[500, 500]","[125, 125]",398,75.79557407407407,68.6770205073097,0
20260930-210411-0c0ed5,2026-09-30T21:38:56,final,calibration,breakfast_box,breakfast_box/validation/good/007,hf_assets/mvtec_loco/mvtec_loco_anomaly_detection/breakfast_box/validation/good/007.png,normal,0,none,2,"['breakfast_box/train/good/271', 'breakfast_box/train/good/248']",0,none,1.0,True,sdpa,64,401408,Qwen/Qwen2.5-VL-3B-Instruct-AWQ,ok,,ANOMALOUS,1,ANOMALOUS,False,0.6036242766307138,-1.003420114517212,-0.5828307265182957,52.938600000288716,601.979499999743,1.9287999998596206,822.4199000001136,251.76250000004075,60.791599999902246,1479.2668000000049,1731.0293000000456,5,2.8884548632422735,3811.6455078125,7854.0,1500,1500,"[500, 500, 500]","[500, 500, 500]",1657,82.0744158415841,147.73460511019138,0
20260930-210411-0c0ed5,2026-09-30T21:38:57,final,calibration,breakfast_box,breakfast_box/validation/good/007,hf_assets/mvtec_loco/mvtec_loco_anomaly_detection/breakfast_box/validation/good/007.png,normal,0,none,2,"['breakfast_box/train/good/271', 'breakfast_box/train/good/248']",0,visionzip,0.75,True,sdpa,64,401408,Qwen/Qwen2.5-VL-3B-Instruct-AWQ,ok,,ANOMALOUS,1,ANOMALOUS,False,0.5580052740951489,-0.8939719796180725,-0.6609015151625499,58.41789999976754,602.7389999999286,22.976500000368105,563.5982999997395,256.13250000014887,61.404099999890605,1247.7316999998038,1503.8641999999527,5,3.324768286923884,3629.35791015625,7854.0,1500,1125,"[500, 500, 500]","[375, 375, 375]",1282,76.2446117647059,119.95420666623447,0
20260930-210411-0c0ed5,2026-09-30T21:38:59,final,calibration,breakfast_box,breakfast_box/validation/good/007,hf_assets/mvtec_loco/mvtec_loco_anomaly_detection/breakfast_box/validation/good/007.png,normal,0,none,2,"['breakfast_box/train/good/271', 'breakfast_box/train/good/248']",0,visionzip,0.5,True,sdpa,64,401408,Qwen/Qwen2.5-VL-3B-Instruct-AWQ,ok,,ANOMALOUS,1,ANOMALOUS,False,0.5074551748574048,-0.7794803380966187,-0.7496574284741655,56.930799999918236,589.4776000000093,22.65929999975924,369.71100000027945,233.57660000010583,58.28719999999521,1038.7786999999662,1272.355300000072,5,3.9297199453640954,3531.3291015625,7854.0,1500,750,"[500, 500, 500]","[250, 250, 250]",907,74.02615068493148,99.28916616840023,0
20260930-210411-0c0ed5,2026-09-30T21:39:00,final,calibration,breakfast_box,breakfast_box/validation/good/007,hf_assets/mvtec_loco/mvtec_loco_anomaly_detection/breakfast_box/validation/good/007.png,normal,0,none,2,"['breakfast_box/train/good/271', 'breakfast_box/train/good/248']",0,visionzip,0.25,True,sdpa,64,401408,Qwen/Qwen2.5-VL-3B-Instruct-AWQ,ok,,ANOMALOUS,1,ANOMALOUS,False,0.5502671175251681,-0.8860371112823486,-0.6842870947439224,57.766999999785185,592.1032999999625,23.230700000112847,202.05689999966125,250.14939999982744,68.36930000008579,875.1578999995218,1125.3072999993492,5,4.4432307512826865,3531.3291015625,7854.0,1500,375,"[500, 500, 500]","[125, 125, 125]",532,75.0349,90.30559765956173,0
20260930-210411-0c0ed5,2026-09-30T21:39:02,final,calibration,breakfast_box,breakfast_box/validation/good/007,hf_assets/mvtec_loco/mvtec_loco_anomaly_detection/breakfast_box/validation/good/007.png,normal,0,none,4,"['breakfast_box/train/good/271', 'breakfast_box/train/good/248', 'breakfast_box/train/good/267', 'breakfast_box/train/good/219']",0,none,1.0,True,sdpa,64,401408,Qwen/Qwen2.5-VL-3B-Instruct-AWQ,ok,,ANOMALOUS,1,ANOMALOUS,False,0.515317715060627,-0.7843588590621948,-0.7230688198469579,89.17210000026898,1020.4352000000654,15.706000000136555,1642.8664000000026,249.13250000008702,61.42279999994571,2768.1797000004735,3017.3122000005606,5,1.6571039615983627,4561.287109375,7854.0,2500,2500,"[500, 500, 500, 500, 500]","[500, 500, 500, 500, 500]",2675,81.56737423312883,251.2162073999703,0
20260930-210411-0c0ed5,2026-09-30T21:39:05,final,calibration,breakfast_box,breakfast_box/validation/good/007,hf_assets/mvtec_loco/mvtec_loco_anomaly_detection/breakfast_box/validation/good/007.png,normal,0,none,4,"['breakfast_box/train/good/271', 'breakfast_box/train/good/248', 'breakfast_box/train/good/267', 'breakfast_box/train/good/219']",0,visionzip,0.75,True,sdpa,64,401408,Qwen/Qwen2.5-VL-3B-Instruct-AWQ,ok,,NORMAL,0,NORMAL,False,0.46070833119423615,-0.6728858351707458,-0.8303772336803377,91.44890000015948,1025.9456999997383,46.886300000096526,1150.5526000000827,81.60290000023451,64.87710000010338,2314.833500000077,2396.4364000003116,2,0.834572534451463,4086.39990234375,7854.0,2500,1875,"[500, 500, 500, 500, 500]","[375, 375, 375, 375, 375]",2050,81.51994776119399,200.7425371301747,1
20260930-210411-0c0ed5,2026-09-30T21:39:07,final,calibration,breakfast_box,breakfast_box/validation/good/007,hf_assets/mvtec_loco/mvtec_loco_anomaly_detection/breakfast_box/validation/good/007.png,normal,0,none,4,"['breakfast_box/train/good/271', 'breakfast_box/train/good/248', 'breakfast_box/train/good/267', 'breakfast_box/train/good/219']",0,visionzip,0.5,True,sdpa,64,401408,Qwen/Qwen2.5-VL-3B-Instruct-AWQ,ok,,ANOMALOUS,1,ANOMALOUS,False,0.5075008149065385,-0.7639960646629333,-0.7339905539993197,93.56019999995624,1032.5477999999748,46.42039999998815,633.0709999997453,256.0201000001143,66.21949999998833,1805.5993999996645,2061.619499999779,5,2.4252777973823667,3711.10546875,7854.0,2500,1250,"[500, 500, 500, 500, 500]","[250, 250, 250, 250, 250]",1425,76.54955555555556,162.96709900788207,0
20260930-210411-0c0ed5,2026-09-30T21:39:09,final,calibration,breakfast_box,breakfast_box/validation/good/007,hf_assets/mvtec_loco/mvtec_loco_anomaly_detection/breakfast_box/validation/good/007.png,normal,0,none,4,"['breakfast_box/train/good/271', 'breakfast_box/train/good/248', 'breakfast_box/train/good/267', 'breakfast_box/train/good/219']",0,visionzip,0.25,True,sdpa,64,401408,Qwen/Qwen2.5-VL-3B-Instruct-AWQ,ok,,ANOMALOUS,1,ANOMALOUS,False,0.6258760168233437,-1.0489416122436523,-0.5343765652505681,83.84189999969749,1010.8025999998063,49.84139999987747,318.4909000001426,230.592599999909,62.99219999982597,1462.9767999995238,1693.5693999994328,5,2.952344320818311,3711.10546875,7854.0,2500,625,"[500, 500, 500, 500, 500]","[125, 125, 125, 125, 125]",800,78.63950000000003,138.22613543654003,0
20260930-210411-0c0ed5,2026-09-30T21:39:11,final,calibration,breakfast_box,breakfast_box/validation/good/007,hf_assets/mvtec_loco/mvtec_loco_anomaly_detection/breakfast_box/validation/good/007.png,normal,0,none,8,"['breakfast_box/train/good/271', 'breakfast_box/train/good/248', 'breakfast_box/train/good/267', 'breakfast_box/train/good/219', 'breakfast_box/train/good/145', 'breakfast_box/train/good/149', 'breakfast_box/train/good/056', 'breakfast_box/train/good/028']",0,none,1.0,True,sdpa,64,401408,Qwen/Qwen2.5-VL-3B-Instruct-AWQ,ok,,ANOMALOUS,1,ANOMALOUS,False,0.5464511533663426,-0.8498156666755676,-0.6634737179847434,162.78280000005907,1807.2088000003532,5.124300000261428,9824.201500000072,275.2100999996401,58.20579999999609,11799.317400000746,12074.527500000386,5,0.4140948786608702,6854.44287109375,7854.0,4500,4500,"[500, 500, 500, 500, 500, 500, 500, 500, 500]","[500, 500, 500, 500, 500, 500, 500, 500, 500]",4711,57.836394777265745,703.145223415104,0
20260930-210411-0c0ed5,2026-09-30T21:39:23,final,calibration,breakfast_box,breakfast_box/validation/good/008,hf_assets/mvtec_loco/mvtec_loco_anomaly_detection/breakfast_box/validation/good/008.png,normal,0,none,8,"['breakfast_box/train/good/271', 'breakfast_box/train/good/248', 'breakfast_box/train/good/267', 'breakfast_box/train/good/219', 'breakfast_box/train/good/145', 'breakfast_box/train/good/149', 'breakfast_box/train/good/056', 'breakfast_box/train/good/028']",0,visionzip,0.5,True,sdpa,64,401408,Qwen/Qwen2.5-VL-3B-Instruct-AWQ,ok,,ANOMALOUS,1,ANOMALOUS,False,0.5733920410255129,-0.9047348499298096,-0.609030639519915,160.52510000008624,1823.4749999996893,82.76139999998122,1471.069300000181,237.5851000001603,67.15669999994134,3537.830799999938,3775.415900000098,5,1.324357403908764,4403.93701171875,7854.0,4500,2250,"[500, 500, 500, 500, 500, 500, 500, 500, 500]","[250, 250, 250, 250, 250, 250, 250, 250, 250]",2461,78.2675837320574,300.868551679295,0
20260930-210411-0c0ed5,2026-09-30T21:39:27,final,calibration,breakfast_box,breakfast_box/validation/good/008,hf_assets/mvtec_loco/mvtec_loco_anomaly_detection/breakfast_box/validation/good/008.png,normal,0,none,8,"['breakfast_box/train/good/271', 'breakfast_box/train/good/248', 'breakfast_box/train/good/267', 'breakfast_box/train/good/219', 'breakfast_box/train/good/145', 'breakfast_box/train/good/149', 'breakfast_box/train/good/056', 'breakfast_box/train/good/028']",0,visionzip,0.25,True,sdpa,64,401408,Qwen/Qwen2.5-VL-3B-Instruct-AWQ,ok,,ANOMALOUS,1,ANOMALOUS,False,0.6510979741835299,-1.1133553981781006,-0.4894864237867296,158.67449999996097,1821.0109999999986,86.23039999974935,579.1610000001128,260.11830000015834,59.269100000165054,2645.0768999998218,2905.19519999998,5,1.7210547504691025,4069.875,7854.0,4500,1125,"[500, 500, 500, 500, 500, 500, 500, 500, 500]","[125, 125, 125, 125, 125, 125, 125, 125, 125]",1336,75.17351176470586,222.99651698046003,0
20260930-210411-0c0ed5,2026-09-30T21:39:30,final,calibration,breakfast_box,breakfast_box/validation/good/008,hf_assets/mvtec_loco/mvtec_loco_anomaly_detection/breakfast_box/validation/good/008.png,normal,0,none,1,['breakfast_box/train/good/271'],0,none,1.0,True,sdpa,64,401408,Qwen/Qwen2.5-VL-3B-Instruct-AWQ,ok,,ANOMALOUS,1,ANOMALOUS,False,0.6294137973540777,-1.0704691410064697,-0.5407663185615093,41.06600000022809,373.4265999996751,1.5736999998807732,456.43820000032065,226.68380000004618,54.94670000007318,872.5045000001046,1099.1883000001508,5,4.548811154557699,3557.0205078125,7854.0,1000,1000,"[500, 500]","[500, 500]",1148,78.39385245901637,91.36023485266645,0
20260930-210411-0c0ed5,2026-09-30T21:39:31,final,calibration,breakfast_box,breakfast_box/validation/good/008,hf_assets/mvtec_loco/mvtec_loco_anomaly_detection/breakfast_box/validation/good/008.png,normal,0,none,1,['breakfast_box/train/good/271'],0,visionzip,0.75,True,sdpa,64,401408,Qwen/Qwen2.5-VL-3B-Instruct-AWQ,ok,,ANOMALOUS,1,ANOMALOUS,False,0.6685471764832662,-1.185875415802002,-0.48425393842626363,42.14419999971142,381.76730000031966,16.70730000023468,367.65879999984463,253.3104999997704,54.49989999988247,808.2776000001104,1061.5880999998808,5,4.709924687362793,3468.9521484375,7854.0,1000,750,"[500, 500]","[375, 375]",898,74.78098245614035,83.94132377070169,0
20260930-210411-0c0ed5,2026-09-30T21:39:33,final,calibration,breakfast_box,breakfast_box/validation/good/008,hf_assets/mvtec_loco/mvtec_loco_anomaly_detection/breakfast_box/validation/good/008.png,normal,0,none,1,['breakfast_box/train/good/271'],0,visionzip,0.5,True,sdpa,64,401408,Qwen/Qwen2.5-VL-3B-Instruct-AWQ,ok,,ANOMALOUS,1,ANOMALOUS,False,0.7022255943611333,-1.3048169612884521,-0.44689842115622014,39.73939999968934,375.0912000000426,16.018199999962235,249.53409999989162,257.39770000018325,59.58639999971638,680.3828999995858,937.780599999769,5,5.33173750875336,3442.1181640625,7854.0,1000,500,"[500, 500]","[250, 250]",648,67.07307017543862,67.4511543647038,0
20260930-210411-0c0ed5,2026-09-30T21:39:34,final,calibration,breakfast_box,breakfast_box/validation/good/008,hf_assets/mvtec_loco/mvtec_loco_anomaly_detection/breakfast_box/validation/good/008.png,normal,0,none,1,['breakfast_box/train/good/271'],0,visionzip,0.25,True,sdpa,64,401408,Qwen/Qwen2.5-VL-3B-Instruct-AWQ,ok,,ANOMALOUS,1,ANOMALOUS,False,0.7824214958583843,-1.6324282884597778,-0.35259441984817386,36.68770000012955,377.10150000020803,15.857800000048883,162.48659999973825,257.44550000035815,61.26119999998991,592.1336000001247,849.5791000004829,5,5.885267187007258,3442.1181640625,7854.0,1000,250,"[500, 500]","[125, 125]",398,73.95325581395349,67.8627245015072,0
20260930-210411-0c0ed5,2026-09-30T21:39:34,final,calibration,breakfast_box,breakfast_box/validation/good/008,hf_assets/mvtec_loco/mvtec_loco_anomaly_detection/breakfast_box/validation/good/008.png,normal,0,none,2,"['breakfast_box/train/good/271', 'breakfast_box/train/good/248']",0,none,1.0,True,sdpa,64,401408,Qwen/Qwen2.5-VL-3B-Instruct-AWQ,ok,,ANOMALOUS,1,ANOMALOUS,False,0.561863242920537,-0.8986658453941345,-0.6499384575290605,57.932899999741494,583.406400000058,1.9678999997267965,822.2804000001815,263.27390000005835,63.543400000071415,1465.587599999708,1728.8614999997662,5,2.8920766643254394,3811.6455078125,7854.0,1500,1500,"[500, 500, 500]","[500, 500, 500]",1657,76.36291999999997,137.6128010487412,0
20260930-210411-0c0ed5,2026-09-30T21:39:36,final,calibration,breakfast_box,breakfast_box/validation/good/008,hf_assets/mvtec_loco/mvtec_loco_anomaly_detection/breakfast_box/validation/good/008.png,normal,0,none,2,"['breakfast_box/train/good/271', 'breakfast_box/train/good/248']",0,visionzip,0.75,True,sdpa,64,401408,Qwen/Qwen2.5-VL-3B-Instruct-AWQ,ok,,ANOMALOUS,1,ANOMALOUS,False,0.5885884751479272,-0.9642987847328186,-0.6061655197991058,55.019699999775185,590.9732000000076,23.680899999817484,564.2565000002833,253.4800000003088,56.371499999841035,1233.9302999998836,1487.4103000001924,5,3.3615472475882098,3629.35791015625,7854.0,1500,1125,"[500, 500, 500]","[375, 375, 375]",1282,78.37444578313244,121.66055030237207,0
20260930-210411-0c0ed5,2026-09-30T21:39:38,final,calibration,breakfast_box,breakfast_box/validation/good/008,hf_assets/mvtec_loco/mvtec_loco_anomaly_detection/breakfast_box/validation/good/008.png,normal,0,none,2,"['breakfast_box/train/good/271', 'breakfast_box/train/good/248']",0,visionzip,0.5,True,sdpa,64,401408,Qwen/Qwen2.5-VL-3B-Instruct-AWQ,ok,,ANOMALOUS,1,ANOMALOUS,False,0.6221633830127676,-1.0500118732452393,-0.5512710133334622,53.34390000007261,604.4350000001941,22.959200000059354,370.04209999986415,263.58239999990474,73.88440000022456,1050.7802000001902,1314.362600000095,5,3.8041252847575233,3531.3291015625,7854.0,1500,750,"[500, 500, 500]","[250, 250, 250]",907,74.23708219178083,103.92930192319311,0
20260930-210411-0c0ed5,2026-09-30T21:39:39,final,calibration,breakfast_box,breakfast_box/validation/good/008,hf_assets/mvtec_loco/mvtec_loco_anomaly_detection/breakfast_box/validation/good/008.png,normal,0,none,2,"['breakfast_box/train/good/271', 'breakfast_box/train/good/248']",0,visionzip,0.25,True,sdpa,64,401408,Qwen/Qwen2.5-VL-3B-Instruct-AWQ,ok,,ANOMALOUS,1,ANOMALOUS,False,0.6184645527824724,-1.0602531433105469,-0.5772170264972374,55.337799999961135,595.8693999996285,23.927599999751692,202.48970000011468,275.8302000002004,64.44919999967169,877.624499999456,1153.4546999996564,5,4.334803958925729,3531.3291015625,7854.0,1500,375,"[500, 500, 500]","[125, 125, 125]",532,70.50583333333334,86.50615922784618,0
20260930-210411-0c0ed5,2026-09-30T21:39:41,final,calibration,breakfast_box,breakfast_box/validation/good/008,hf_assets/mvtec_loco/mvtec_loco_anomaly_detection/breakfast_box/validation/good/008.png,normal,0,none,4,"['breakfast_box/train/good/271', 'breakfast_box/train/good/248', 'breakfast_box/train/good/267', 'breakfast_box/train/good/219']",0,none,1.0,True,sdpa,64,401408,Qwen/Qwen2.5-VL-3B-Instruct-AWQ,ok,,ANOMALOUS,1,ANOMALOUS,False,0.4997196960323771,-0.7509881258010864,-0.752109341789037,89.28910000031465,1023.1711000001269,14.673499999844353,1659.8644000000604,259.8089000002801,65.76190000032511,2786.9981000003463,3046.8070000006264,5,1.641062266168803,4561.287109375,7854.0,2500,2500,"[500, 500, 500, 500, 500]","[500, 500, 500, 500, 500]",2675,80.36892356687893,250.26892442993878,0
20260930-210411-0c0ed5,2026-09-30T21:39:44,final,calibration,breakfast_box,breakfast_box/validation/good/008,hf_assets/mvtec_loco/mvtec_loco_anomaly_detection/breakfast_box/validation/good/008.png,normal,0,none,4,"['breakfast_box/train/good/271', 'breakfast_box/train/good/248', 'breakfast_box/train/good/267', 'breakfast_box/train/good/219']",0,visionzip,0.75,True,sdpa,64,401408,Qwen/Qwen2.5-VL-3B-Instruct-AWQ,ok,,ANOMALOUS,1,ANOMALOUS,False,0.5036211515131838,-0.758115291595459,-0.7436304322909564,86.55970000017987,1019.5586999998341,51.56940000006216,1154.2274999997062,224.22030000006998,54.44379999971716,2311.9152999997823,2536.1355999998523,5,1.9715034164578153,4086.39990234375,7854.0,2500,1875,"[500, 500, 500, 500, 500]","[375, 375, 375, 375, 375]",2050,79.86729577464787,207.01139035801597,0
20260930-210411-0c0ed5,2026-09-30T21:39:46,final,calibration,breakfast_box,breakfast_box/validation/good/008,hf_assets/mvtec_loco/mvtec_loco_anomaly_detection/breakfast_box/validation/good/008.png,normal,0,none,4,"['breakfast_box/train/good/271', 'breakfast_box/train/good/248', 'breakfast_box/train/good/267', 'breakfast_box/train/good/219']",0,visionzip,0.5,True,sdpa,64,401408,Qwen/Qwen2.5-VL-3B-Instruct-AWQ,ok,,ANOMALOUS,1,ANOMALOUS,False,0.584823391450624,-0.9395495653152466,-0.59694365109317,96.62559999969744,1012.0767999997042,48.294300000179646,642.5106000001506,230.5636000000959,60.667199999898,1799.507299999732,2030.0708999998278,5,2.462968165299263,3711.10546875,7854.0,2500,1250,"[500, 500, 500, 500, 500]","[250, 250, 250, 250, 250]",1425,76.48338260869566,160.00619632430616,0
20260930-210411-0c0ed5,2026-09-30T21:39:48,final,calibration,breakfast_box,breakfast_box/validation/good/008,hf_assets/mvtec_loco/mvtec_loco_anomaly_detection/breakfast_box/validation/good/008.png,normal,0,none,4,"['breakfast_box/train/good/271', 'breakfast_box/train/good/248', 'breakfast_box/train/good/267', 'breakfast_box/train/good/219']",0,visionzip,0.25,True,sdpa,64,401408,Qwen/Qwen2.5-VL-3B-Instruct-AWQ,ok,,ANOMALOUS,1,ANOMALOUS,False,0.6990296177526737,-1.2710086107254028,-0.4283273598412052,95.02459999976054,1011.1647000003359,47.58769999989454,319.62490000023536,227.9316999997718,68.31359999978304,1473.4019000002263,1701.3335999999981,5,2.9388710127161453,3711.10546875,7854.0,2500,625,"[500, 500, 500, 500, 500]","[125, 125, 125, 125, 125]",800,77.96878431372548,138.07368823436306,0
20260930-210411-0c0ed5,2026-09-30T21:39:50,final,calibration,breakfast_box,breakfast_box/validation/good/008,hf_assets/mvtec_loco/mvtec_loco_anomaly_detection/breakfast_box/validation/good/008.png,normal,0,none,8,"['breakfast_box/train/good/271', 'breakfast_box/train/good/248', 'breakfast_box/train/good/267', 'breakfast_box/train/good/219', 'breakfast_box/train/good/145', 'breakfast_box/train/good/149', 'breakfast_box/train/good/056', 'breakfast_box/train/good/028']",0,none,1.0,True,sdpa,64,401408,Qwen/Qwen2.5-VL-3B-Instruct-AWQ,ok,,ANOMALOUS,1,ANOMALOUS,False,0.5464625198973567,-0.8478309512138367,-0.6614431404741481,157.5735999999779,1806.1781999999766,5.134300000008807,9810.598900000059,273.3813999998347,66.26649999998335,11779.485000000022,12052.866399999857,5,0.4148390792749565,6854.44287109375,7854.0,4500,4500,"[500, 500, 500, 500, 500, 500, 500, 500, 500]","[500, 500, 500, 500, 500, 500, 500, 500, 500]",4711,56.74662555720637,689.4199859333918,0
20260930-210411-0c0ed5,2026-09-30T21:40:02,final,calibration,breakfast_box,breakfast_box/validation/good/008,hf_assets/mvtec_loco/mvtec_loco_anomaly_detection/breakfast_box/validation/good/008.png,normal,0,none,8,"['breakfast_box/train/good/271', 'breakfast_box/train/good/248', 'breakfast_box/train/good/267', 'breakfast_box/train/good/219', 'breakfast_box/train/good/145', 'breakfast_box/train/good/149', 'breakfast_box/train/good/056', 'breakfast_box/train/good/028']",0,visionzip,0.75,True,sdpa,64,401408,Qwen/Qwen2.5-VL-3B-Instruct-AWQ,ok,,ANOMALOUS,1,ANOMALOUS,False,0.5036382060993194,-0.7538987994194031,-0.7393457181751728,157.3222999995778,1825.2707999999984,85.63570000023901,2677.6176000003034,241.29869999978837,52.31819999971776,4745.846400000119,4987.145099999907,5,1.0025776069760017,5478.0888671875,7854.0,4500,3375,"[500, 500, 500, 500, 500, 500, 500, 500, 500]","[375, 375, 375, 375, 375, 375, 375, 375, 375]",3586,81.74825762711842,412.066071521524,0
20260930-210411-0c0ed5,2026-09-30T21:40:07,final,calibration,breakfast_box,breakfast_box/validation/good/009,hf_assets/mvtec_loco/mvtec_loco_anomaly_detection/breakfast_box/validation/good/009.png,normal,0,none,8,"['breakfast_box/train/good/271', 'breakfast_box/train/good/248', 'breakfast_box/train/good/267', 'breakfast_box/train/good/219', 'breakfast_box/train/good/145', 'breakfast_box/train/good/149', 'breakfast_box/train/good/056', 'breakfast_box/train/good/028']",0,visionzip,0.25,True,sdpa,64,401408,Qwen/Qwen2.5-VL-3B-Instruct-AWQ,ok,,ANOMALOUS,1,ANOMALOUS,False,0.603652259937446,-0.9865887761116028,-0.565882429946214,164.87610000012864,1817.5164999997833,82.09260000012364,579.1187999998328,250.5330000003596,81.4301999998861,2643.6039999998684,2894.137000000228,5,1.7276307237700241,4069.875,7854.0,4500,1125,"[500, 500, 500, 500, 500, 500, 500, 500, 500]","[125, 125, 125, 125, 125, 125, 125, 125, 125]",1336,75.79725153374233,225.6498049056581,0
20260930-210411-0c0ed5,2026-09-30T21:40:11,final,calibration,breakfast_box,breakfast_box/validation/good/009,hf_assets/mvtec_loco/mvtec_loco_anomaly_detection/breakfast_box/validation/good/009.png,normal,0,none,1,['breakfast_box/train/good/271'],0,none,1.0,True,sdpa,64,401408,Qwen/Qwen2.5-VL-3B-Instruct-AWQ,ok,,ANOMALOUS,1,ANOMALOUS,False,0.6650733055942445,-1.173240303993225,-0.487254720646888,36.838799999713956,372.40460000020903,1.5453999999408552,456.1639000003197,238.8793000000078,56.65069999986372,866.9527000001835,1105.8320000001913,5,4.521482467498802,3557.0205078125,7854.0,1000,1000,"[500, 500]","[500, 500]",1148,77.04706666666662,90.39790565396419,0
20260930-210411-0c0ed5,2026-09-30T21:40:12,final,calibration,breakfast_box,breakfast_box/validation/good/009,hf_assets/mvtec_loco/mvtec_loco_anomaly_detection/breakfast_box/validation/good/009.png,normal,0,none,1,['breakfast_box/train/good/271'],0,visionzip,0.75,True,sdpa,64,401408,Qwen/Qwen2.5-VL-3B-Instruct-AWQ,ok,,ANOMALOUS,1,ANOMALOUS,False,0.6545290447815478,-1.1529011726379395,-0.5138937849551439,36.46299999991243,373.0218999999124,16.09760000019378,367.7272999998422,253.11489999967307,56.25550000013391,793.3097999998608,1046.424699999534,5,4.778174674204677,3468.9521484375,7854.0,1000,750,"[500, 500]","[375, 375]",898,75.70925862068968,83.91244007240384,0
20260930-210411-0c0ed5,2026-09-30T21:40:13,final,calibration,breakfast_box,breakfast_box/validation/good/009,hf_assets/mvtec_loco/mvtec_loco_anomaly_detection/breakfast_box/validation/good/009.png,normal,0,none,1,['breakfast_box/train/good/271'],0,visionzip,0.5,True,sdpa,64,401408,Qwen/Qwen2.5-VL-3B-Instruct-AWQ,ok,,ANOMALOUS,1,ANOMALOUS,False,0.6855997650264716,-1.2540369033813477,-0.47440968675073236,35.806399999728455,383.70080000004236,15.728700000181561,248.88770000006843,277.69350000016857,64.11130000014964,684.1236000000208,961.8171000001894,5,5.1984935597412605,3442.1181640625,7854.0,1000,500,"[500, 500]","[250, 250]",648,74.67115,77.05228603254436,0
20260930-210411-0c0ed5,2026-09-30T21:40:14,final,calibration,breakfast_box,breakfast_box/validation/good/009,hf_assets/mvtec_loco/mvtec_loco_anomaly_detection/breakfast_box/validation/good/009.png,normal,0,none,1,['breakfast_box/train/good/271'],0,visionzip,0.25,True,sdpa,64,401408,Qwen/Qwen2.5-VL-3B-Instruct-AWQ,ok,,ANOMALOUS,1,ANOMALOUS,False,0.7428862788434352,-1.4657400846481323,-0.4047155901789665,38.3692999998857,383.10550000005605,17.712000000301487,161.67100000029677,265.8281000003626,69.0497000000505,600.85780000054,866.6859000009026,5,5.7691027395216565,3442.1181640625,7854.0,1000,250,"[500, 500]","[125, 125]",398,69.91657142857146,66.0098501585192,0
20260930-210411-0c0ed5,2026-09-30T21:40:15,final,calibration,breakfast_box,breakfast_box/validation/good/009,hf_assets/mvtec_loco/mvtec_loco_anomaly_detection/breakfast_box/validation/good/009.png,normal,0,none,2,"['breakfast_box/train/good/271', 'breakfast_box/train/good/248']",0,none,1.0,True,sdpa,64,401408,Qwen/Qwen2.5-VL-3B-Instruct-AWQ,ok,,ANOMALOUS,1,ANOMALOUS,False,0.542506988309746,-0.8586409687995911,-0.6882016113959253,56.35230000007141,597.090599999774,4.250899999988178,823.635700000068,248.833999999988,66.51390000024548,1481.3294999999016,1730.1634999998896,5,2.8899002897704866,3811.6455078125,7854.0,1500,1500,"[500, 500, 500]","[500, 500, 500]",1657,82.52644117647054,148.92899831817093,0
20260930-210411-0c0ed5,2026-09-30T21:40:17,final,calibration,breakfast_box,breakfast_box/validation/good/009,hf_assets/mvtec_loco/mvtec_loco_anomaly_detection/breakfast_box/validation/good/009.png,normal,0,none,2,"['breakfast_box/train/good/271', 'breakfast_box/train/good/248']",0,visionzip,0.75,True,sdpa,64,401408,Qwen/Qwen2.5-VL-3B-Instruct-AWQ,ok,,ANOMALOUS,1,ANOMALOUS,False,0.5113327236052008,-0.7900558710098267,-0.744717211695388,54.622699999981705,599.7090999999273,24.087299999791867,561.9441999997434,256.6495999999461,69.02909999962503,1240.3632999994443,1497.0128999993904,5,3.3399845786245637,3629.35791015625,7854.0,1500,1125,"[500, 500, 500]","[375, 375, 375]",1282,75.45598837209297,118.78890619362132,0
20260930-210411-0c0ed5,2026-09-30T21:40:18,final,calibration,breakfast_box,breakfast_box/validation/good/009,hf_assets/mvtec_loco/mvtec_loco_anomaly_detection/breakfast_box/validation/good/009.png,normal,0,none,2,"['breakfast_box/train/good/271', 'breakfast_box/train/good/248']",0,visionzip,0.5,True,sdpa,64,401408,Qwen/Qwen2.5-VL-3B-Instruct-AWQ,ok,,ANOMALOUS,1,ANOMALOUS,False,0.6035687276754185,-1.0052170753479004,-0.5848598496522754,56.93380000002435,601.6506999999365,24.211899999954767,370.9837000001244,257.3098999996546,64.26139999985025,1053.78010000004,1311.0899999996946,5,3.813620727792268,3531.3291015625,7854.0,1500,750,"[500, 500, 500]","[250, 250, 250]",907,76.6316081081081,106.00662619148144,0
20260930-210411-0c0ed5,2026-09-30T21:40:20,final,calibration,breakfast_box,breakfast_box/validation/good/009,hf_assets/mvtec_loco/mvtec_loco_anomaly_detection/breakfast_box/validation/good/009.png,normal,0,none,2,"['breakfast_box/train/good/271', 'breakfast_box/train/good/248']",0,visionzip,0.25,True,sdpa,64,401408,Qwen/Qwen2.5-VL-3B-Instruct-AWQ,ok,,ANOMALOUS,1,ANOMALOUS,False,0.5998472582072845,-1.0122870206832886,-0.6074582962319255,56.68070000001535,596.0016999997606,23.655500000131724,201.9841000001179,239.7501000000375,67.52169999981561,878.3220000000256,1118.072100000063,5,4.471983515195235,3531.3291015625,7854.0,1500,375,"[500, 500, 500]","[125, 125, 125]",532,75.74910769230767,90.4876040010745,0
20260930-210411-0c0ed5,2026-09-30T21:40:21,final,calibration,breakfast_box,breakfast_box/validation/good/009,hf_assets/mvtec_loco/mvtec_loco_anomaly_detection/breakfast_box/validation/good/009.png,normal,0,none,4,"['breakfast_box/train/good/271', 'breakfast_box/train/good/248', 'breakfast_box/train/good/267', 'breakfast_box/train/good/219']",0,none,1.0,True,sdpa,64,401408,Qwen/Qwen2.5-VL-3B-Instruct-AWQ,ok,,ANOMALOUS,1,ANOMALOUS,False,0.507512718512515,-0.7707688808441162,-0.7407157450215891,95.39960000029168,1007.6341999997567,15.244900000197958,1642.5088999999389,234.47140000007494,59.51879999975063,2760.787600000185,2995.25900000026,5,1.6693047245662447,4561.287109375,7854.0,2500,2500,"[500, 500, 500, 500, 500]","[500, 500, 500, 500, 500]",2675,83.42880379746836,254.9704214670471,0
20260930-210411-0c0ed5,2026-09-30T21:40:24,final,calibration,breakfast_box,breakfast_box/validation/good/009,hf_assets/mvtec_loco/mvtec_loco_anomaly_detection/breakfast_box/validation/good/009.png,normal,0,none,4,"['breakfast_box/train/good/271', 'breakfast_box/train/good/248', 'breakfast_box/train/good/267', 'breakfast_box/train/good/219']",0,visionzip,0.75,True,sdpa,64,401408,Qwen/Qwen2.5-VL-3B-Instruct-AWQ,ok,,ANOMALOUS,1,ANOMALOUS,False,0.5192204498424513,-0.7951986193656921,-0.7182789169019088,86.37279999993552,1011.2859000000753,51.29900000019916,1142.8844000001845,219.71269999994547,59.6200999998473,2291.8421000003946,2511.55480000034,5,1.990798687728941,4086.39990234375,7854.0,2500,1875,"[500, 500, 500, 500, 500]","[375, 375, 375, 375, 375]",2050,81.90811971830979,210.7046654315223,0
20260930-210411-0c0ed5,2026-09-30T21:40:27,final,calibration,breakfast_box,breakfast_box/validation/good/009,hf_assets/mvtec_loco/mvtec_loco_anomaly_detection/breakfast_box/validation/good/009.png,normal,0,none,4,"['breakfast_box/train/good/271', 'breakfast_box/train/good/248', 'breakfast_box/train/good/267', 'breakfast_box/train/good/219']",0,visionzip,0.5,True,sdpa,64,401408,Qwen/Qwen2.5-VL-3B-Instruct-AWQ,ok,,ANOMALOUS,1,ANOMALOUS,False,0.5618652142668342,-0.8888240456581116,-0.6400886498158798,91.66610000011133,1010.6847000001835,49.4301000003361,638.1827999998677,280.93589999980395,65.37119999984498,1789.9637000004986,2070.8996000003026,5,2.4144096604196887,3711.10546875,7854.0,2500,1250,"[500, 500, 500, 500, 500]","[250, 250, 250, 250, 250]",1425,79.18726495726499,169.27811741937612,0
20260930-210411-0c0ed5,2026-09-30T21:40:29,final,calibration,breakfast_box,breakfast_box/validation/good/009,hf_assets/mvtec_loco/mvtec_loco_anomaly_detection/breakfast_box/validation/good/009.png,normal,0,none,4,"['breakfast_box/train/good/271', 'breakfast_box/train/good/248', 'breakfast_box/train/good/267', 'breakfast_box/train/good/219']",0,visionzip,0.25,True,sdpa,64,401408,Qwen/Qwen2.5-VL-3B-Instruct-AWQ,ok,,ANOMALOUS,1,ANOMALOUS,False,0.6439688984278713,-1.1051925420761108,-0.5125602025073022,89.20239999997648,1036.2200000004123,52.53820000007181,319.265500000256,271.1255999997775,62.29510000002847,1497.2261000007165,1768.351700000494,5,2.827491838868141,3711.10546875,7854.0,2500,625,"[500, 500, 500, 500, 500]","[125, 125, 125, 125, 125]",800,75.12514705882346,137.60900064709097,0
20260930-210411-0c0ed5,2026-09-30T21:40:31,final,calibration,breakfast_box,breakfast_box/validation/good/009,hf_assets/mvtec_loco/mvtec_loco_anomaly_detection/breakfast_box/validation/good/009.png,normal,0,none,8,"['breakfast_box/train/good/271', 'breakfast_box/train/good/248', 'breakfast_box/train/good/267', 'breakfast_box/train/good/219', 'breakfast_box/train/good/145', 'breakfast_box/train/good/149', 'breakfast_box/train/good/056', 'breakfast_box/train/good/028']",0,none,1.0,True,sdpa,64,401408,Qwen/Qwen2.5-VL-3B-Instruct-AWQ,ok,,ANOMALOUS,1,ANOMALOUS,False,0.5618963395449579,-0.8864539861679077,-0.6375921525759622,166.14320000007865,1840.1434000002155,5.171799999970972,9826.40309999988,274.0371999998388,58.91410000003816,11837.861500000145,12111.898699999983,5,0.41281719108169285,6854.44287109375,7854.0,4500,4500,"[500, 500, 500, 500, 500, 500, 500, 500, 500]","[500, 500, 500, 500, 500, 500, 500, 500, 500]",4711,57.04468229954616,695.5904430377799,0
20260930-210411-0c0ed5,2026-09-30T21:40:43,final,calibration,breakfast_box,breakfast_box/validation/good/009,hf_assets/mvtec_loco/mvtec_loco_anomaly_detection/breakfast_box/validation/good/009.png,normal,0,none,8,"['breakfast_box/train/good/271', 'breakfast_box/train/good/248', 'breakfast_box/train/good/267', 'breakfast_box/train/good/219', 'breakfast_box/train/good/145', 'breakfast_box/train/good/149', 'breakfast_box/train/good/056', 'breakfast_box/train/good/028']",0,visionzip,0.75,True,sdpa,64,401408,Qwen/Qwen2.5-VL-3B-Instruct-AWQ,ok,,ANOMALOUS,1,ANOMALOUS,False,0.5541893160659245,-0.86702960729599,-0.6494176395935938,151.81129999973564,1808.5855999997875,89.70859999999448,2679.606799999874,236.7819999999483,60.24359999992157,4729.712299999392,4966.49429999934,5,1.006746348224071,5478.0888671875,7854.0,4500,3375,"[500, 500, 500, 500, 500, 500, 500, 500, 500]","[375, 375, 375, 375, 375, 375, 375, 375, 375]",3586,82.82054804270456,416.4192143781624,0
20260930-210411-0c0ed5,2026-09-30T21:40:48,final,calibration,breakfast_box,breakfast_box/validation/good/009,hf_assets/mvtec_loco/mvtec_loco_anomaly_detection/breakfast_box/validation/good/009.png,normal,0,none,8,"['breakfast_box/train/good/271', 'breakfast_box/train/good/248', 'breakfast_box/train/good/267', 'breakfast_box/train/good/219', 'breakfast_box/train/good/145', 'breakfast_box/train/good/149', 'breakfast_box/train/good/056', 'breakfast_box/train/good/028']",0,visionzip,0.5,True,sdpa,64,401408,Qwen/Qwen2.5-VL-3B-Instruct-AWQ,ok,,ANOMALOUS,1,ANOMALOUS,False,0.5347986572059322,-0.8187240362167358,-0.6793040089542046,157.09760000027018,1816.7567000000417,86.02879999989455,1471.016999999847,262.1319999998377,55.70490000036443,3530.9001000000535,3793.032099999891,5,1.3182066136482586,4403.93701171875,7854.0,4500,2250,"[500, 500, 500, 500, 500, 500, 500, 500, 500]","[250, 250, 250, 250, 250, 250, 250, 250, 250]",2461,81.38313364055301,313.30974007205793,0
20260930-210411-0c0ed5,2026-09-30T21:40:52,final,calibration,breakfast_box,breakfast_box/validation/good/010,hf_assets/mvtec_loco/mvtec_loco_anomaly_detection/breakfast_box/validation/good/010.png,normal,0,none,1,['breakfast_box/train/good/271'],0,none,1.0,True,sdpa,64,401408,Qwen/Qwen2.5-VL-3B-Instruct-AWQ,ok,,ANOMALOUS,1,ANOMALOUS,False,0.7824215351779347,-1.6021144390106201,-0.32228033943101764,34.497600000122475,377.7320999997755,1.6211000001931097,456.39600000004066,284.760400000323,62.39559999994526,870.2468000001318,1155.0072000004548,5,4.328977343169836,3557.0205078125,7854.0,1000,1000,"[500, 500]","[500, 500]",1148,75.48179365079368,92.79189752150573,0
20260930-210411-0c0ed5,2026-09-30T21:40:53,final,calibration,breakfast_box,breakfast_box/validation/good/010,hf_assets/mvtec_loco/mvtec_loco_anomaly_detection/breakfast_box/validation/good/010.png,normal,0,none,1,['breakfast_box/train/good/271'],0,visionzip,0.75,True,sdpa,64,401408,Qwen/Qwen2.5-VL-3B-Instruct-AWQ,ok,,ANOMALOUS,1,ANOMALOUS,False,0.7546617482368247,-1.4847054481506348,-0.3610736926784739,37.30489999998099,385.6694000000971,16.026899999815214,368.54470000025685,277.9865000002246,64.84019999970769,807.5459000001501,1085.5324000003748,5,4.606034789931902,3468.9521484375,7854.0,1000,750,"[500, 500]","[375, 375]",898,70.72018644067796,81.90026999489959,0
20260930-210411-0c0ed5,2026-09-30T21:40:54,final,calibration,breakfast_box,breakfast_box/validation/good/010,hf_assets/mvtec_loco/mvtec_loco_anomaly_detection/breakfast_box/validation/good/010.png,normal,0,none,1,['breakfast_box/train/good/271'],0,visionzip,0.5,True,sdpa,64,401408,Qwen/Qwen2.5-VL-3B-Instruct-AWQ,ok,,ANOMALOUS,1,ANOMALOUS,False,0.7214650024174528,-1.360198974609375,-0.4084588203113526,37.30429999995977,383.05410000020856,15.245999999933701,249.03760000006514,242.85969999982626,55.69550000018353,684.6420000001672,927.5016999999934,5,5.39082569875617,3442.1181640625,7854.0,1000,500,"[500, 500]","[250, 250]",648,71.34948148148145,70.55400611244926,0
20260930-210411-0c0ed5,2026-09-30T21:40:55,final,calibration,breakfast_box,breakfast_box/validation/good/010,hf_assets/mvtec_loco/mvtec_loco_anomaly_detection/breakfast_box/validation/good/010.png,normal,0,none,1,['breakfast_box/train/good/271'],0,visionzip,0.25,True,sdpa,64,401408,Qwen/Qwen2.5-VL-3B-Instruct-AWQ,ok,,ANOMALOUS,1,ANOMALOUS,False,0.7546721650679442,-1.5000574588775635,-0.3763694402296096,36.197899999933725,377.277900000081,15.495300000111456,162.41869999976188,266.7077999999492,63.79870000000665,591.389799999888,858.0975999998373,5,5.82684300713689,3442.1181640625,7854.0,1000,250,"[500, 500]","[125, 125]",398,67.32759615384617,62.47654859232937,0
20260930-210411-0c0ed5,2026-09-30T21:40:56,final,calibration,breakfast_box,breakfast_box/validation/good/010,hf_assets/mvtec_loco/mvtec_loco_anomaly_detection/breakfast_box/validation/good/010.png,normal,0,none,2,"['breakfast_box/train/good/271', 'breakfast_box/train/good/248']",0,none,1.0,True,sdpa,64,401408,Qwen/Qwen2.5-VL-3B-Instruct-AWQ,ok,,ANOMALOUS,1,ANOMALOUS,False,0.640318932970881,-1.0984870195388794,-0.5217383484123275,56.14749999995183,592.1409999996285,2.020600000378181,822.2992000000886,234.78889999978492,56.84590000009848,1472.6083000000472,1707.397199999832,5,2.9284339929809486,3811.6455078125,7854.0,1500,1500,"[500, 500, 500]","[500, 500, 500]",1657,76.68350961538457,135.92988696416467,0
20260930-210411-0c0ed5,2026-09-30T21:40:58,final,calibration,breakfast_box,breakfast_box/validation/good/010,hf_assets/mvtec_loco/mvtec_loco_anomaly_detection/breakfast_box/validation/good/010.png,normal,0,none,2,"['breakfast_box/train/good/271', 'breakfast_box/train/good/248']",0,visionzip,0.75,True,sdpa,64,401408,Qwen/Qwen2.5-VL-3B-Instruct-AWQ,ok,,ANOMALOUS,1,ANOMALOUS,False,0.6330946599968117,-1.0821616649627686,-0.5366455977782607,55.2361000000019,591.2074000002576,23.44379999976809,562.1408000001793,230.68190000003597,57.79060000031677,1232.028100000207,1462.7100000002429,5,3.41831258417538,3629.35791015625,7854.0,1500,1125,"[500, 500, 500]","[375, 375, 375]",1282,77.67582758620682,118.97020058880301,0
20260930-210411-0c0ed5,2026-09-30T21:40:59,final,calibration,breakfast_box,breakfast_box/validation/good/010,hf_assets/mvtec_loco/mvtec_loco_anomaly_detection/breakfast_box/validation/good/010.png,normal,0,none,2,"['breakfast_box/train/good/271', 'breakfast_box/train/good/248']",0,visionzip,0.5,True,sdpa,64,401408,Qwen/Qwen2.5-VL-3B-Instruct-AWQ,ok,,ANOMALOUS,1,ANOMALOUS,False,0.6073462979441903,-1.006690502166748,-0.5705194246256724,55.57660000022224,599.2052999999942,23.066799999924115,370.31319999960033,269.2728000001807,59.54060000021855,1048.1618999997409,1317.4346999999216,5,3.795254520015525,3531.3291015625,7854.0,1500,750,"[500, 500, 500]","[250, 250, 250]",907,75.93183749999996,105.18211011216991,0
20260930-210411-0c0ed5,2026-09-30T21:41:01,final,calibration,breakfast_box,breakfast_box/validation/good/010,hf_assets/mvtec_loco/mvtec_loco_anomaly_detection/breakfast_box/validation/good/010.png,normal,0,none,2,"['breakfast_box/train/good/271', 'breakfast_box/train/good/248']",0,visionzip,0.25,True,sdpa,64,401408,Qwen/Qwen2.5-VL-3B-Instruct-AWQ,ok,,ANOMALOUS,1,ANOMALOUS,False,0.6616401863265781,-1.1693191528320312,-0.49870713660493493,51.72260000017559,598.3983999999509,24.635000000216678,202.05369999985123,260.66080000009606,72.22589999992124,876.8097000001944,1137.4705000002905,5,4.395718394453943,3531.3291015625,7854.0,1500,375,"[500, 500, 500]","[125, 125, 125]",532,64.42025675675677,78.6162137529062,0
20260930-210411-0c0ed5,2026-09-30T21:41:02,final,calibration,breakfast_box,breakfast_box/validation/good/010,hf_assets/mvtec_loco/mvtec_loco_anomaly_detection/breakfast_box/validation/good/010.png,normal,0,none,4,"['breakfast_box/train/good/271', 'breakfast_box/train/good/248', 'breakfast_box/train/good/267', 'breakfast_box/train/good/219']",0,none,1.0,True,sdpa,64,401408,Qwen/Qwen2.5-VL-3B-Instruct-AWQ,ok,,ANOMALOUS,1,ANOMALOUS,False,0.6074027908077909,-0.995995044708252,-0.5595870707184076,85.3210999998737,1010.0695999999516,14.824700000190205,1631.2090999999782,265.7422999996015,68.1971999997586,2741.4244999999937,3007.1667999995952,5,1.6626946001135265,4561.287109375,7854.0,2500,2500,"[500, 500, 500, 500, 500]","[500, 500, 500, 500, 500]",2675,80.56335714285713,247.8578086993623,0
20260930-210411-0c0ed5,2026-09-30T21:41:05,final,calibration,breakfast_box,breakfast_box/validation/good/010,hf_assets/mvtec_loco/mvtec_loco_anomaly_detection/breakfast_box/validation/good/010.png,normal,0,none,4,"['breakfast_box/train/good/271', 'breakfast_box/train/good/248', 'breakfast_box/train/good/267', 'breakfast_box/train/good/219']",0,visionzip,0.75,True,sdpa,64,401408,Qwen/Qwen2.5-VL-3B-Instruct-AWQ,ok,,ANOMALOUS,1,ANOMALOUS,False,0.5618877617522231,-0.8870275020599365,-0.6382005135528743,87.0122999999694,1028.612399999929,48.87039999994158,1146.6307999999117,259.2500000000655,57.89169999980004,2311.1258999997517,2570.375899999817,5,1.9452407719821663,4086.39990234375,7854.0,2500,1875,"[500, 500, 500, 500, 500]","[375, 375, 375, 375, 375]",2050,79.86800000000005,210.01484679239672,0
20260930-210411-0c0ed5,2026-09-30T21:41:08,final,calibration,breakfast_box,breakfast_box/validation/good/010,hf_assets/mvtec_loco/mvtec_loco_anomaly_detection/breakfast_box/validation/good/010.png,normal,0,none,4,"['breakfast_box/train/good/271', 'breakfast_box/train/good/248', 'breakfast_box/train/good/267', 'breakfast_box/train/good/219']",0,visionzip,0.5,True,sdpa,64,401408,Qwen/Qwen2.5-VL-3B-Instruct-AWQ,ok,,ANOMALOUS,1,ANOMALOUS,False,0.6148040797901924,-1.0188028812408447,-0.5512513221474364,83.67760000010094,1040.3798000002098,53.22059999980411,632.6837000001433,274.873899999875,58.754900000167254,1809.9617000002581,2084.835600000133,5,2.398270635823602,3711.10546875,7854.0,2500,1250,"[500, 500, 500, 500, 500]","[250, 250, 250, 250, 250]",1425,78.63555200000006,168.65895523306077,0
20260930-210411-0c0ed5,2026-09-30T21:41:10,final,calibration,breakfast_box,breakfast_box/validation/good/010,hf_assets/mvtec_loco/mvtec_loco_anomaly_detection/breakfast_box/validation/good/010.png,normal,0,none,4,"['breakfast_box/train/good/271', 'breakfast_box/train/good/248', 'breakfast_box/train/good/267', 'breakfast_box/train/good/219']",0,visionzip,0.25,True,sdpa,64,401408,Qwen/Qwen2.5-VL-3B-Instruct-AWQ,ok,,ANOMALOUS,1,ANOMALOUS,False,0.7055692843635367,-1.289754867553711,-0.4157936094561592,86.43270000038683,1024.0733999999065,49.810600000000704,318.6571000001095,266.00180000014007,60.48930000042674,1478.9738000004036,1744.9756000005436,5,2.8653695788058253,3711.10546875,7854.0,2500,625,"[500, 500, 500, 500, 500]","[125, 125, 125, 125, 125]",800,73.29659223300982,132.42361185973357,0
20260930-210411-0c0ed5,2026-09-30T21:41:12,final,calibration,breakfast_box,breakfast_box/validation/good/010,hf_assets/mvtec_loco/mvtec_loco_anomaly_detection/breakfast_box/validation/good/010.png,normal,0,none,8,"['breakfast_box/train/good/271', 'breakfast_box/train/good/248', 'breakfast_box/train/good/267', 'breakfast_box/train/good/219', 'breakfast_box/train/good/145', 'breakfast_box/train/good/149', 'breakfast_box/train/good/056', 'breakfast_box/train/good/028']",0,none,1.0,True,sdpa,64,401408,Qwen/Qwen2.5-VL-3B-Instruct-AWQ,ok,,ANOMALOUS,1,ANOMALOUS,False,0.6111301628703185,-1.0006864070892334,-0.5486211167881265,157.43109999993976,1811.43880000036,4.236299999774928,9818.348300000252,273.9030000002458,58.34580000009737,11791.454500000327,12065.357500000573,5,0.41440960203622335,6854.44287109375,7854.0,4500,4500,"[500, 500, 500, 500, 500, 500, 500, 500, 500]","[500, 500, 500, 500, 500, 500, 500, 500, 500]",4711,58.25086647727278,707.4523346504532,0
20260930-210411-0c0ed5,2026-09-30T21:41:24,final,calibration,breakfast_box,breakfast_box/validation/good/010,hf_assets/mvtec_loco/mvtec_loco_anomaly_detection/breakfast_box/validation/good/010.png,normal,0,none,8,"['breakfast_box/train/good/271', 'breakfast_box/train/good/248', 'breakfast_box/train/good/267', 'breakfast_box/train/good/219', 'breakfast_box/train/good/145', 'breakfast_box/train/good/149', 'breakfast_box/train/good/056', 'breakfast_box/train/good/028']",0,visionzip,0.75,True,sdpa,64,401408,Qwen/Qwen2.5-VL-3B-Instruct-AWQ,ok,,ANOMALOUS,1,ANOMALOUS,False,0.5695864685653819,-0.8986688256263733,-0.6185046694008633,150.3328000003421,1839.2401000000973,91.8735000000197,2693.7149999998837,266.10889999983556,58.37139999994179,4775.161400000343,5041.270300000178,5,0.9918135117650452,5478.0888671875,7854.0,4500,3375,"[500, 500, 500, 500, 500, 500, 500, 500, 500]","[375, 375, 375, 375, 375, 375, 375, 375, 375]",3586,81.61867128027673,416.3275458340348,0
20260930-210411-0c0ed5,2026-09-30T21:41:29,final,calibration,breakfast_box,breakfast_box/validation/good/010,hf_assets/mvtec_loco/mvtec_loco_anomaly_detection/breakfast_box/validation/good/010.png,normal,0,none,8,"['breakfast_box/train/good/271', 'breakfast_box/train/good/248', 'breakfast_box/train/good/267', 'breakfast_box/train/good/219', 'breakfast_box/train/good/145', 'breakfast_box/train/good/149', 'breakfast_box/train/good/056', 'breakfast_box/train/good/028']",0,visionzip,0.5,True,sdpa,64,401408,Qwen/Qwen2.5-VL-3B-Instruct-AWQ,ok,,ANOMALOUS,1,ANOMALOUS,False,0.5772079926992562,-0.9130132794380188,-0.601690954877995,153.39859999994587,1834.7917999999481,90.75729999995019,1471.228500000052,270.4849000001559,65.78029999991486,3550.176199999896,3820.661100000052,5,1.3086740407307866,4403.93701171875,7854.0,4500,2250,"[500, 500, 500, 500, 500, 500, 500, 500, 500]","[250, 250, 250, 250, 250, 250, 250, 250, 250]",2461,79.66168202764972,309.6883975566886,0
20260930-210411-0c0ed5,2026-09-30T21:41:33,final,calibration,breakfast_box,breakfast_box/validation/good/010,hf_assets/mvtec_loco/mvtec_loco_anomaly_detection/breakfast_box/validation/good/010.png,normal,0,none,8,"['breakfast_box/train/good/271', 'breakfast_box/train/good/248', 'breakfast_box/train/good/267', 'breakfast_box/train/good/219', 'breakfast_box/train/good/145', 'breakfast_box/train/good/149', 'breakfast_box/train/good/056', 'breakfast_box/train/good/028']",0,visionzip,0.25,True,sdpa,64,401408,Qwen/Qwen2.5-VL-3B-Instruct-AWQ,ok,,ANOMALOUS,1,ANOMALOUS,False,0.6990194220263041,-1.2590221166610718,-0.4163893270306289,157.23499999967316,1819.6744000001672,91.03800000002593,579.0148000000954,246.86709999969025,62.513400000170805,2646.9621999999617,2893.829299999652,5,1.7278144222261491,4069.875,7854.0,4500,1125,"[500, 500, 500, 500, 500, 500, 500, 500, 500]","[125, 125, 125, 125, 125, 125, 125, 125, 125]",1336,78.02811585365853,230.7741061824192,0
20260930-210411-0c0ed5,2026-09-30T21:41:36,final,calibration,breakfast_box,breakfast_box/validation/good/011,hf_assets/mvtec_loco/mvtec_loco_anomaly_detection/breakfast_box/validation/good/011.png,normal,0,none,1,['breakfast_box/train/good/271'],0,visionzip,0.75,True,sdpa,64,401408,Qwen/Qwen2.5-VL-3B-Instruct-AWQ,ok,,ANOMALOUS,1,ANOMALOUS,False,0.6989310124238225,-1.285757303237915,-0.44354469364043325,39.50480000003154,378.05660000003627,15.74110000001383,367.68919999985883,245.05709999993996,61.94909999976517,800.9916999999405,1046.0487999998804,5,4.779891722069345,3468.9521484375,7854.0,1000,750,"[500, 500]","[375, 375]",898,70.99854687499997,79.48733903515321,0
20260930-210411-0c0ed5,2026-09-30T21:41:37,final,calibration,breakfast_box,breakfast_box/validation/good/011,hf_assets/mvtec_loco/mvtec_loco_anomaly_detection/breakfast_box/validation/good/011.png,normal,0,none,1,['breakfast_box/train/good/271'],0,visionzip,0.5,True,sdpa,64,401408,Qwen/Qwen2.5-VL-3B-Instruct-AWQ,ok,,ANOMALOUS,1,ANOMALOUS,False,0.7307833569997204,-1.400255799293518,-0.4016551685053855,33.63219999982903,380.8619000001272,16.66830000021946,249.58109999988665,251.6633999998703,58.86949999967328,680.7435000000623,932.4068999999326,5,5.362465678879426,3442.1181640625,7854.0,1000,500,"[500, 500]","[250, 250]",648,73.70282758620684,73.51887269881874,0
20260930-210411-0c0ed5,2026-09-30T21:41:38,final,calibration,breakfast_box,breakfast_box/validation/good/011,hf_assets/mvtec_loco/mvtec_loco_anomaly_detection/breakfast_box/validation/good/011.png,normal,0,none,1,['breakfast_box/train/good/271'],0,visionzip,0.25,True,sdpa,64,401408,Qwen/Qwen2.5-VL-3B-Instruct-AWQ,ok,,ANOMALOUS,1,ANOMALOUS,False,0.7517548504205003,-1.485853910446167,-0.3778604007093236,42.30860000006942,377.83489999992526,15.4978000000483,161.4918000000216,241.75130000003264,59.93629999966288,597.1331000000646,838.8844000000972,5,5.960296794170234,3442.1181640625,7854.0,1000,250,"[500, 500]","[125, 125]",398,60.186111111111096,54.44214728083714,0
20260930-210411-0c0ed5,2026-09-30T21:41:39,final,calibration,breakfast_box,breakfast_box/validation/good/011,hf_assets/mvtec_loco/mvtec_loco_anomaly_detection/breakfast_box/validation/good/011.png,normal,0,none,2,"['breakfast_box/train/good/271', 'breakfast_box/train/good/248']",0,none,1.0,True,sdpa,64,401408,Qwen/Qwen2.5-VL-3B-Instruct-AWQ,ok,,ANOMALOUS,1,ANOMALOUS,False,0.6035948191727719,-1.0008525848388672,-0.5803863132605329,53.11140000003434,580.2524000000631,3.2025000000430737,822.4666999999499,262.4145999998291,62.89749999996275,1459.0330000000904,1721.4475999999195,5,2.9045322088225247,3811.6455078125,7854.0,1500,1500,"[500, 500, 500]","[500, 500, 500]",1657,82.01983505154634,147.03567058549837,0
20260930-210411-0c0ed5,2026-09-30T21:41:41,final,calibration,breakfast_box,breakfast_box/validation/good/011,hf_assets/mvtec_loco/mvtec_loco_anomaly_detection/breakfast_box/validation/good/011.png,normal,0,none,2,"['breakfast_box/train/good/271', 'breakfast_box/train/good/248']",0,visionzip,0.75,True,sdpa,64,401408,Qwen/Qwen2.5-VL-3B-Instruct-AWQ,ok,,ANOMALOUS,1,ANOMALOUS,False,0.6147617258872128,-1.032482385635376,-0.5651096671354026,55.174300000089715,596.192400000291,23.82949999991979,562.1763999997711,245.48929999991742,61.27040000001216,1237.3726000000715,1482.861899999989,5,3.3718581615725896,3629.35791015625,7854.0,1500,1125,"[500, 500, 500]","[375, 375, 375]",1282,78.64585365853652,122.27444436099937,0
20260930-210411-0c0ed5,2026-09-30T21:41:43,final,calibration,breakfast_box,breakfast_box/validation/good/011,hf_assets/mvtec_loco/mvtec_loco_anomaly_detection/breakfast_box/validation/good/011.png,normal,0,none,2,"['breakfast_box/train/good/271', 'breakfast_box/train/good/248']",0,visionzip,0.5,True,sdpa,64,401408,Qwen/Qwen2.5-VL-3B-Instruct-AWQ,ok,,ANOMALOUS,1,ANOMALOUS,False,0.651049550449412,-1.1301186084747314,-0.5064627885585651,56.890000000294094,596.1128000003555,22.338400000080583,370.20999999958804,291.3632999998299,55.22160000009535,1045.5512000003182,1336.914500000148,5,3.739954948502276,3531.3291015625,7854.0,1500,750,"[500, 500, 500]","[250, 250, 250]",907,72.71367567567569,101.85141253602525,0
20260930-210411-0c0ed5,2026-09-30T21:41:44,final,calibration,breakfast_box,breakfast_box/validation/good/011,hf_assets/mvtec_loco/mvtec_loco_anomaly_detection/breakfast_box/validation/good/011.png,normal,0,none,2,"['breakfast_box/train/good/271', 'breakfast_box/train/good/248']",0,visionzip,0.25,True,sdpa,64,401408,Qwen/Qwen2.5-VL-3B-Instruct-AWQ,ok,,ANOMALOUS,1,ANOMALOUS,False,0.6545857908507856,-1.1470091342926025,-0.5077507821843028,57.94530000002851,592.4650000001748,24.922300000071118,202.73900000029244,261.86009999992166,59.62389999967854,878.0716000005668,1139.9317000004885,5,4.386227701184078,3531.3291015625,7854.0,1500,375,"[500, 500, 500]","[125, 125, 125]",532,73.87490322580643,89.42345014510732,0
20260930-210411-0c0ed5,2026-09-30T21:41:45,final,calibration,breakfast_box,breakfast_box/validation/good/011,hf_assets/mvtec_loco/mvtec_loco_anomaly_detection/breakfast_box/validation/good/011.png,normal,0,none,4,"['breakfast_box/train/good/271', 'breakfast_box/train/good/248', 'breakfast_box/train/good/267', 'breakfast_box/train/good/219']",0,none,1.0,True,sdpa,64,401408,Qwen/Qwen2.5-VL-3B-Instruct-AWQ,ok,,ANOMALOUS,1,ANOMALOUS,False,0.5503124979326562,-0.8580653071403503,-0.6561319138854742,88.41139999958614,1017.8614000001289,12.601099999756116,1637.1118000001843,243.4507000002668,63.196200000220415,2755.9856999996555,2999.4363999999223,5,1.6669798366120148,4561.287109375,7854.0,2500,2500,"[500, 500, 500, 500, 500]","[500, 500, 500, 500, 500]",2675,81.38747619047611,249.36678329139752,0
20260930-210411-0c0ed5,2026-09-30T21:41:48,final,calibration,breakfast_box,breakfast_box/validation/good/011,hf_assets/mvtec_loco/mvtec_loco_anomaly_detection/breakfast_box/validation/good/011.png,normal,0,none,4,"['breakfast_box/train/good/271', 'breakfast_box/train/good/248', 'breakfast_box/train/good/267', 'breakfast_box/train/good/219']",0,visionzip,0.75,True,sdpa,64,401408,Qwen/Qwen2.5-VL-3B-Instruct-AWQ,ok,,ANOMALOUS,1,ANOMALOUS,False,0.5425729369465558,-0.8426215648651123,-0.6719164894893765,88.0989000002046,1000.7368999999926,50.87989999992715,1142.8052000001117,233.62219999989975,61.1748000001171,2282.520900000236,2516.1431000001357,5,1.987168376870032,4086.39990234375,7854.0,2500,1875,"[500, 500, 500, 500, 500]","[375, 375, 375, 375, 375]",2050,81.11412676056335,209.15077233316612,0
20260930-210411-0c0ed5,2026-09-30T21:41:51,final,calibration,breakfast_box,breakfast_box/validation/good/011,hf_assets/mvtec_loco/mvtec_loco_anomaly_detection/breakfast_box/validation/good/011.png,normal,0,none,4,"['breakfast_box/train/good/271', 'breakfast_box/train/good/248', 'breakfast_box/train/good/267', 'breakfast_box/train/good/219']",0,visionzip,0.5,True,sdpa,64,401408,Qwen/Qwen2.5-VL-3B-Instruct-AWQ,ok,,ANOMALOUS,1,ANOMALOUS,False,0.6148170385219341,-1.0197298526763916,-0.5521235734922811,92.7560000000085,1002.6450999998815,47.69449999957942,632.9269000002569,234.6743999996761,72.52410000000964,1776.0224999997263,2010.6968999994024,5,2.486700009335811,3711.10546875,7854.0,2500,1250,"[500, 500, 500, 500, 500]","[250, 250, 250, 250, 250]",1425,80.63974999999994,168.08327730687262,0
20260930-210411-0c0ed5,2026-09-30T21:41:53,final,calibration,breakfast_box,breakfast_box/validation/good/011,hf_assets/mvtec_loco/mvtec_loco_anomaly_detection/breakfast_box/validation/good/011.png,normal,0,none,4,"['breakfast_box/train/good/271', 'breakfast_box/train/good/248', 'breakfast_box/train/good/267', 'breakfast_box/train/good/219']",0,visionzip,0.25,True,sdpa,64,401408,Qwen/Qwen2.5-VL-3B-Instruct-AWQ,ok,,ANOMALOUS,1,ANOMALOUS,False,0.6686360627580906,-1.168525218963623,-0.4665025883587077,84.41979999997784,1011.2443999996685,46.54630000004545,319.6107000003394,238.8307999999597,59.148699999695964,1461.8212000000312,1700.651999999991,5,2.94004887537252,3711.10546875,7854.0,2500,625,"[500, 500, 500, 500, 500]","[125, 125, 125, 125, 125]",800,73.5295416666667,129.48666258291152,0
20260930-210411-0c0ed5,2026-09-30T21:41:55,final,calibration,breakfast_box,breakfast_box/validation/good/011,hf_assets/mvtec_loco/mvtec_loco_anomaly_detection/breakfast_box/validation/good/011.png,normal,0,none,8,"['breakfast_box/train/good/271', 'breakfast_box/train/good/248', 'breakfast_box/train/good/267', 'breakfast_box/train/good/219', 'breakfast_box/train/good/145', 'breakfast_box/train/good/149', 'breakfast_box/train/good/056', 'breakfast_box/train/good/028']",0,none,1.0,True,sdpa,64,401408,Qwen/Qwen2.5-VL-3B-Instruct-AWQ,ok,,ANOMALOUS,1,ANOMALOUS,False,0.5541808403263984,-0.8652399778366089,-0.6476623159833252,153.44679999998334,1809.5657999997456,5.4671999996571685,9818.053799999689,275.4353000000265,54.26990000023579,11786.533599999075,12061.968899999101,5,0.41452602319347487,6854.44287109375,7854.0,4500,4500,"[500, 500, 500, 500, 500, 500, 500, 500, 500]","[500, 500, 500, 500, 500, 500, 500, 500, 500]",4711,57.09866560509538,693.5719525345465,0
20260930-210411-0c0ed5,2026-09-30T21:42:07,final,calibration,breakfast_box,breakfast_box/validation/good/011,hf_assets/mvtec_loco/mvtec_loco_anomaly_detection/breakfast_box/validation/good/011.png,normal,0,none,8,"['breakfast_box/train/good/271', 'breakfast_box/train/good/248', 'breakfast_box/train/good/267', 'breakfast_box/train/good/219', 'breakfast_box/train/good/145', 'breakfast_box/train/good/149', 'breakfast_box/train/good/056', 'breakfast_box/train/good/028']",0,visionzip,0.75,True,sdpa,64,401408,Qwen/Qwen2.5-VL-3B-Instruct-AWQ,ok,,ANOMALOUS,1,ANOMALOUS,False,0.5695811504778958,-0.9006183743476868,-0.6204759106040001,154.50719999989815,1796.4068999999654,88.24219999996785,2672.201999999743,247.94389999988198,54.629900000236375,4711.358299999574,4959.302199999456,5,1.0082063561281964,5478.0888671875,7854.0,4500,3375,"[500, 500, 500, 500, 500, 500, 500, 500, 500]","[375, 375, 375, 375, 375, 375, 375, 375, 375]",3586,81.93411594202918,410.9105788142298,0
20260930-210411-0c0ed5,2026-09-30T21:42:12,final,calibration,breakfast_box,breakfast_box/validation/good/011,hf_assets/mvtec_loco/mvtec_loco_anomaly_detection/breakfast_box/validation/good/011.png,normal,0,none,8,"['breakfast_box/train/good/271', 'breakfast_box/train/good/248', 'breakfast_box/train/good/267', 'breakfast_box/train/good/219', 'breakfast_box/train/good/145', 'breakfast_box/train/good/149', 'breakfast_box/train/good/056', 'breakfast_box/train/good/028']",0,visionzip,0.5,True,sdpa,64,401408,Qwen/Qwen2.5-VL-3B-Instruct-AWQ,ok,,ANOMALOUS,1,ANOMALOUS,False,0.6403698359178766,-1.081267237663269,-0.5042975409887731,174.3596000001162,1819.2927999998574,88.9870000000883,1481.7307000002984,236.6023999998106,58.345700000245415,3564.3701000003603,3800.972500000171,5,1.315452821613357,4403.93701171875,7854.0,4500,2250,"[500, 500, 500, 500, 500, 500, 500, 500, 500]","[250, 250, 250, 250, 250, 250, 250, 250, 250]",2461,77.62134803921569,299.66039658066273,0
20260930-210411-0c0ed5,2026-09-30T21:42:16,final,calibration,breakfast_box,breakfast_box/validation/good/011,hf_assets/mvtec_loco/mvtec_loco_anomaly_detection/breakfast_box/validation/good/011.png,normal,0,none,8,"['breakfast_box/train/good/271', 'breakfast_box/train/good/248', 'breakfast_box/train/good/267', 'breakfast_box/train/good/219', 'breakfast_box/train/good/145', 'breakfast_box/train/good/149', 'breakfast_box/train/good/056', 'breakfast_box/train/good/028']",0,visionzip,0.25,True,sdpa,64,401408,Qwen/Qwen2.5-VL-3B-Instruct-AWQ,ok,,ANOMALOUS,1,ANOMALOUS,False,0.7369385727214093,-1.3963708877563477,-0.3662539154756814,148.33990000033737,1808.0191999997623,88.0048000003626,579.0541999999732,262.33019999972385,79.06349999984741,2623.4181000004355,2885.7483000001594,5,1.7326528443245461,4069.875,7854.0,4500,1125,"[500, 500, 500, 500, 500, 500, 500, 500, 500]","[125, 125, 125, 125, 125, 125, 125, 125, 125]",1336,77.23786549707593,229.08414149341647,0
20260930-210411-0c0ed5,2026-09-30T21:42:19,final,calibration,breakfast_box,breakfast_box/validation/good/011,hf_assets/mvtec_loco/mvtec_loco_anomaly_detection/breakfast_box/validation/good/011.png,normal,0,none,1,['breakfast_box/train/good/271'],0,none,1.0,True,sdpa,64,401408,Qwen/Qwen2.5-VL-3B-Instruct-AWQ,ok,,ANOMALOUS,1,ANOMALOUS,False,0.692319936992761,-1.2575852870941162,-0.4465975882485509,36.00159999996322,381.9865000000391,3.1509999998888816,457.6170000000275,274.7037999997701,66.87519999968572,878.7560999999187,1153.4598999996888,5,4.33478441686733,3557.0205078125,7854.0,1000,1000,"[500, 500]","[500, 500]",1148,74.09401428571434,91.37510201621284,0
